{"type":"FeatureCollection","name":"Central Almaty roads","bbox":[76.9153203,43.2268137,76.9685685,43.2635507],"query_bbox":[76.92,43.23,76.96,43.26],"attribution":"© OpenStreetMap contributors","license":"ODbL-1.0","license_url":"https://opendatacommons.org/licenses/odbl/1-0/","source_url":"https://overpass-api.de/api/interpreter","osm_base":"2026-10-08T18:54:51Z","retrieved_at":"2026-10-08T18:58:19.787Z","selection":"Spatially distributed display sample; geometry copied from OSM ways; incomplete.","available_features_in_extract":2597,"features":[{"type":"Feature","id":"way/208514983","geometry":{"type":"LineString","coordinates":[[76.920643,43.2319003],[76.9203716,43.2318837]]},"properties":{"osm_id":208514983,"osm_type":"way","name":"бульвар Бухар Жырау","address":"","source":"OpenStreetMap","source_url":"https://www.openstreetmap.org/way/208514983","highway":"tertiary","oneway":"no","lanes":"2","maxspeed":"40"}},{"type":"Feature","id":"way/222570191","geometry":{"type":"LineString","coordinates":[[76.9228748,43.235274],[76.9227963,43.2349029],[76.9227737,43.2347963],[76.9227629,43.2347452],[76.9226393,43.2341649],[76.9226219,43.2340837]]},"properties":{"osm_id":222570191,"osm_type":"way","name":"улица Шагабутдинова","address":"","source":"OpenStreetMap","source_url":"https://www.openstreetmap.org/way/222570191","highway":"residential","oneway":"yes","lanes":"","maxspeed":""}},{"type":"Feature","id":"way/48795298","geometry":{"type":"LineString","coordinates":[[76.9205887,43.2366956],[76.9209078,43.2367199]]},"properties":{"osm_id":48795298,"osm_type":"way","name":"улица Сатпаева","address":"","source":"OpenStreetMap","source_url":"https://www.openstreetmap.org/way/48795298","highway":"secondary","oneway":"no","lanes":"4","maxspeed":""}},{"type":"Feature","id":"way/1341390075","geometry":{"type":"LineString","coordinates":[[76.9196156,43.2404451],[76.9201302,43.2404822],[76.9210553,43.2405466],[76.9216051,43.2405775]]},"properties":{"osm_id":1341390075,"osm_type":"way","name":"проспект Абая","address":"","source":"OpenStreetMap","source_url":"https://www.openstreetmap.org/way/1341390075","highway":"secondary","oneway":"yes","lanes":"4","maxspeed":"60"}},{"type":"Feature","id":"way/40755919","geometry":{"type":"LineString","coordinates":[[76.9216543,43.2446374],[76.9215069,43.2446284],[76.9205409,43.2445686],[76.9200587,43.2445389],[76.9198748,43.2445284],[76.9196023,43.2445129],[76.919452,43.2445043]]},"properties":{"osm_id":40755919,"osm_type":"way","name":"улица Шевченко","address":"","source":"OpenStreetMap","source_url":"https://www.openstreetmap.org/way/40755919","highway":"tertiary","oneway":"yes","lanes":"4","maxspeed":""}},{"type":"Feature","id":"way/27064537","geometry":{"type":"LineString","coordinates":[[76.9209041,43.2462663],[76.9212464,43.2462862],[76.9214741,43.2462994],[76.9215871,43.246306],[76.9218874,43.2463234],[76.9223253,43.2463489],[76.9230157,43.2463888],[76.9231841,43.2463986]]},"properties":{"osm_id":27064537,"osm_type":"way","name":"улица Жамбыла","address":"","source":"OpenStreetMap","source_url":"https://www.openstreetmap.org/way/27064537","highway":"tertiary","oneway":"yes","lanes":"4","maxspeed":""}},{"type":"Feature","id":"way/693651833","geometry":{"type":"LineString","coordinates":[[76.9261901,43.2500312],[76.926037,43.2500213],[76.924829,43.2499545],[76.9245593,43.2499395],[76.922731,43.2498382],[76.9222403,43.2498063],[76.9216646,43.2497689],[76.9214685,43.2497561],[76.9210218,43.2497271],[76.9206591,43.2497035],[76.9198247,43.2496493],[76.9193471,43.2496183],[76.919196,43.2496085],[76.9179755,43.2495292],[76.9176392,43.2495074],[76.91753,43.2495002],[76.9174881,43.2494975]]},"properties":{"osm_id":693651833,"osm_type":"way","name":"улица Карасай Батыра","address":"","source":"OpenStreetMap","source_url":"https://www.openstreetmap.org/way/693651833","highway":"tertiary","oneway":"yes","lanes":"","maxspeed":""}},{"type":"Feature","id":"way/1356123647","geometry":{"type":"LineString","coordinates":[[76.9205173,43.2531549],[76.9204886,43.2531529],[76.9198123,43.2531061]]},"properties":{"osm_id":1356123647,"osm_type":"way","name":"улица Толе би","address":"","source":"OpenStreetMap","source_url":"https://www.openstreetmap.org/way/1356123647","highway":"secondary","oneway":"yes","lanes":"2","maxspeed":""}},{"type":"Feature","id":"way/385200732","geometry":{"type":"LineString","coordinates":[[76.9225045,43.251555],[76.9223966,43.2523489],[76.9223843,43.2524398],[76.9223055,43.25302],[76.9222881,43.2531292],[76.922275,43.2532395],[76.9222675,43.253283],[76.9222576,43.253359],[76.9222429,43.2534601],[76.9220874,43.2545179],[76.9220695,43.2546393],[76.9220371,43.2548597],[76.9220289,43.2549155],[76.9220151,43.2550133],[76.9219034,43.2558075],[76.9217867,43.2566367],[76.9217749,43.2567411],[76.921745,43.2570047],[76.9216787,43.2575888],[76.9216061,43.2582252],[76.9215952,43.2583203],[76.9215794,43.2584552],[76.9214852,43.2591208],[76.9214341,43.2594817],[76.9214216,43.2595698],[76.9214064,43.2596769],[76.9213876,43.2598234],[76.9213582,43.2600172],[76.92131,43.2603621],[76.921263,43.2606677],[76.9211869,43.2612013],[76.921099,43.2618475],[76.9210427,43.2622458],[76.9210541,43.2623013]]},"properties":{"osm_id":385200732,"osm_type":"way","name":"улица Ади Шарипова","address":"","source":"OpenStreetMap","source_url":"https://www.openstreetmap.org/way/385200732","highway":"tertiary","oneway":"yes","lanes":"","maxspeed":""}},{"type":"Feature","id":"way/27108754","geometry":{"type":"LineString","coordinates":[[76.9192954,43.262178],[76.9193036,43.2621189],[76.9193549,43.2617493],[76.9194523,43.2610402],[76.9194576,43.2610051],[76.9194827,43.2607075],[76.9195592,43.2602642],[76.9196184,43.2597259],[76.9196587,43.2593598],[76.9196998,43.2589879],[76.9197173,43.2587991],[76.9197731,43.2583199],[76.9197895,43.2581951],[76.9198057,43.2580661],[76.9198381,43.2578389],[76.9198642,43.2576879],[76.9199047,43.2574264],[76.9199926,43.256867],[76.9200458,43.2565283],[76.9201459,43.2556711],[76.9202402,43.2548632],[76.9202517,43.254793],[76.9202987,43.2544712],[76.9203198,43.2543447],[76.9203735,43.2540216],[76.9204133,43.2537907],[76.920452,43.253592],[76.9204567,43.2535638]]},"properties":{"osm_id":27108754,"osm_type":"way","name":"улица Шагабутдинова","address":"","source":"OpenStreetMap","source_url":"https://www.openstreetmap.org/way/27108754","highway":"residential","oneway":"","lanes":"","maxspeed":""}},{"type":"Feature","id":"way/445143939","geometry":{"type":"LineString","coordinates":[[76.9275483,43.2321969],[76.92748,43.2322023],[76.9265663,43.2321459],[76.9263822,43.2321246],[76.9261702,43.2320727],[76.9260157,43.2320034],[76.9254911,43.2316458]]},"properties":{"osm_id":445143939,"osm_type":"way","name":"улица Павлова","address":"","source":"OpenStreetMap","source_url":"https://www.openstreetmap.org/way/445143939","highway":"residential","oneway":"","lanes":"","maxspeed":""}},{"type":"Feature","id":"way/24039739","geometry":{"type":"LineString","coordinates":[[76.928004,43.2364128],[76.9279246,43.2363629],[76.9278543,43.2363188],[76.927805,43.2362842],[76.9276925,43.2362094],[76.927218,43.2358865],[76.9270362,43.2357632],[76.9269864,43.2357294],[76.9262883,43.2352565],[76.9258832,43.234982],[76.9257549,43.234895],[76.9249261,43.2343334],[76.9248468,43.2342797]]},"properties":{"osm_id":24039739,"osm_type":"way","name":"бульвар Бухар Жырау","address":"","source":"OpenStreetMap","source_url":"https://www.openstreetmap.org/way/24039739","highway":"tertiary","oneway":"yes","lanes":"2","maxspeed":"40"}},{"type":"Feature","id":"way/208514986","geometry":{"type":"LineString","coordinates":[[76.927962,43.237181],[76.9279414,43.2373252],[76.9278641,43.237871],[76.9278348,43.2380538],[76.9277702,43.2384946],[76.9277417,43.2386894],[76.927663,43.239227]]},"properties":{"osm_id":208514986,"osm_type":"way","name":"улица Байтурсынова","address":"","source":"OpenStreetMap","source_url":"https://www.openstreetmap.org/way/208514986","highway":"secondary","oneway":"no","lanes":"5","maxspeed":""}},{"type":"Feature","id":"way/154454106","geometry":{"type":"LineString","coordinates":[[76.9274528,43.2403854],[76.9274106,43.2407085],[76.9274024,43.2407713],[76.9273977,43.2408071],[76.9273772,43.2409667]]},"properties":{"osm_id":154454106,"osm_type":"way","name":"улица Байтурсынова","address":"","source":"OpenStreetMap","source_url":"https://www.openstreetmap.org/way/154454106","highway":"secondary","oneway":"no","lanes":"5","maxspeed":""}},{"type":"Feature","id":"way/228767959","geometry":{"type":"LineString","coordinates":[[76.9273591,43.2411074],[76.9273441,43.2412244],[76.9273247,43.2414142],[76.9272965,43.2415955],[76.9271692,43.2425863],[76.9270932,43.2431776],[76.9270785,43.2432923]]},"properties":{"osm_id":228767959,"osm_type":"way","name":"улица Байтурсынова","address":"","source":"OpenStreetMap","source_url":"https://www.openstreetmap.org/way/228767959","highway":"secondary","oneway":"no","lanes":"4","maxspeed":""}},{"type":"Feature","id":"way/682835983","geometry":{"type":"LineString","coordinates":[[76.9303432,43.2452463],[76.9302061,43.2452367],[76.9291062,43.2451597],[76.9287201,43.2451314],[76.9270473,43.2450087],[76.9268535,43.244996],[76.9266823,43.2449844],[76.926033,43.2449403],[76.9251209,43.2448784],[76.9235382,43.2447656],[76.9233949,43.2447552]]},"properties":{"osm_id":682835983,"osm_type":"way","name":"улица Шевченко","address":"","source":"OpenStreetMap","source_url":"https://www.openstreetmap.org/way/682835983","highway":"tertiary","oneway":"yes","lanes":"4","maxspeed":""}},{"type":"Feature","id":"way/40941250","geometry":{"type":"LineString","coordinates":[[76.9268535,43.244996],[76.9268398,43.2451036],[76.926694,43.2462411],[76.9266522,43.2465672],[76.9266393,43.2466673],[76.9266244,43.246779],[76.9264217,43.2482873],[76.9262092,43.2498884],[76.9261901,43.2500312],[76.9261775,43.2501262],[76.9261079,43.2506467],[76.9260497,43.2510826],[76.9260001,43.2514543],[76.9259547,43.2517938],[76.9258493,43.2525834],[76.9258215,43.2527483],[76.9257902,43.2530179]]},"properties":{"osm_id":40941250,"osm_type":"way","name":"улица Байтурсынова","address":"","source":"OpenStreetMap","source_url":"https://www.openstreetmap.org/way/40941250","highway":"secondary","oneway":"no","lanes":"4","maxspeed":"40"}},{"type":"Feature","id":"way/690355199","geometry":{"type":"LineString","coordinates":[[76.9269805,43.2536187],[76.9269378,43.2536159],[76.9263421,43.2535768],[76.9259045,43.2535451],[76.9257257,43.2535254]]},"properties":{"osm_id":690355199,"osm_type":"way","name":"улица Толе би","address":"","source":"OpenStreetMap","source_url":"https://www.openstreetmap.org/way/690355199","highway":"secondary","oneway":"yes","lanes":"2","maxspeed":""}},{"type":"Feature","id":"way/1449304890","geometry":{"type":"LineString","coordinates":[[76.9326467,43.2556806],[76.9324944,43.2556719],[76.9320664,43.2556476],[76.9308596,43.2555789],[76.9303836,43.2555519],[76.9301302,43.2555375],[76.9291157,43.2554797],[76.9290061,43.2554735],[76.9281984,43.2554126],[76.9279617,43.2553947],[76.9273815,43.2553509],[76.9268398,43.25531],[76.9263669,43.2552744],[76.9260376,43.2552495],[76.9257926,43.255231],[76.9256838,43.2552228],[76.9254969,43.2552087],[76.9253636,43.255197],[76.9253253,43.2551936],[76.9252123,43.2551836],[76.9246242,43.2551318],[76.924201,43.2550964],[76.9241629,43.2550932],[76.9240865,43.2550868],[76.9239753,43.2550775],[76.9237937,43.2550627],[76.9237511,43.2550588],[76.9236429,43.2550504],[76.9233498,43.2550275],[76.9233272,43.2550257],[76.9229677,43.2549952],[76.9224822,43.254954],[76.9221401,43.254925],[76.9220289,43.2549155],[76.9219111,43.2549074],[76.9207079,43.2548244],[76.9203492,43.2547997],[76.9202517,43.254793],[76.9197742,43.2547601],[76.9193725,43.254732],[76.918642,43.254682],[76.9185196,43.2546736],[76.9172906,43.2545889],[76.9169804,43.2545675],[76.9169006,43.254562]]},"properties":{"osm_id":1449304890,"osm_type":"way","name":"улица Казыбек Би","address":"","source":"OpenStreetMap","source_url":"https://www.openstreetmap.org/way/1449304890","highway":"tertiary","oneway":"","lanes":"","maxspeed":""}},{"type":"Feature","id":"way/26538810","geometry":{"type":"LineString","coordinates":[[76.9163799,43.2579568],[76.9165681,43.2579691],[76.9170527,43.2580038],[76.9179254,43.2580648],[76.9180568,43.258074],[76.918155,43.2580809],[76.9182199,43.2580854],[76.9197895,43.2581951],[76.9199033,43.2582031],[76.9208159,43.2582669],[76.9214943,43.2583143],[76.9215952,43.2583203],[76.9217103,43.2583271],[76.9226365,43.2583822],[76.9232915,43.2584211],[76.9234405,43.2584308],[76.9242313,43.2584823],[76.924369,43.2584913],[76.9247164,43.2585139],[76.9248716,43.258524],[76.9250415,43.2585351],[76.9252259,43.2585471],[76.9252826,43.2585522],[76.9266307,43.2586733],[76.9277681,43.2587528],[76.9281003,43.258776],[76.9283018,43.2587901],[76.9283905,43.2587963],[76.9285558,43.2588078],[76.928704,43.258816],[76.9287604,43.2588191],[76.9291379,43.2588398],[76.9296132,43.258866],[76.9304279,43.2589108],[76.9306143,43.2589211],[76.9309875,43.2589461],[76.9317497,43.2589973],[76.9320375,43.2590166],[76.9321903,43.2590277]]},"properties":{"osm_id":26538810,"osm_type":"way","name":"улица Гоголя","address":"","source":"OpenStreetMap","source_url":"https://www.openstreetmap.org/way/26538810","highway":"secondary","oneway":"yes","lanes":"4","maxspeed":""}},{"type":"Feature","id":"way/24025993","geometry":{"type":"LineString","coordinates":[[76.9281613,43.2317623],[76.9282446,43.2316983],[76.9284784,43.2315187],[76.9291101,43.2310335],[76.9293109,43.2308792],[76.9294606,43.2307672],[76.9295442,43.2307045],[76.9298267,43.230493],[76.9300219,43.2303469],[76.9308747,43.2297085]]},"properties":{"osm_id":24025993,"osm_type":"way","name":"улица Маркова","address":"","source":"OpenStreetMap","source_url":"https://www.openstreetmap.org/way/24025993","highway":"tertiary","oneway":"","lanes":"4","maxspeed":""}},{"type":"Feature","id":"way/693651825","geometry":{"type":"LineString","coordinates":[[76.928504,43.2358528],[76.9287292,43.235685]]},"properties":{"osm_id":693651825,"osm_type":"way","name":"улица Байтурсынова","address":"","source":"OpenStreetMap","source_url":"https://www.openstreetmap.org/way/693651825","highway":"tertiary","oneway":"","lanes":"4","maxspeed":""}},{"type":"Feature","id":"way/539985277","geometry":{"type":"LineString","coordinates":[[76.9303572,43.2373551],[76.9304553,43.2373614],[76.9306865,43.2373761],[76.9309835,43.237395],[76.9311559,43.2374059],[76.9312426,43.2374116],[76.931335,43.2374177],[76.9314068,43.2374225]]},"properties":{"osm_id":539985277,"osm_type":"way","name":"улица Сатпаева","address":"","source":"OpenStreetMap","source_url":"https://www.openstreetmap.org/way/539985277","highway":"secondary","oneway":"no","lanes":"5","maxspeed":"RU:urban"}},{"type":"Feature","id":"way/228767495","geometry":{"type":"LineString","coordinates":[[76.9273772,43.2409667],[76.9275597,43.2409802],[76.9275888,43.2409823],[76.9276292,43.2409853],[76.9286581,43.2410614],[76.9291834,43.2411002],[76.9294537,43.2411202],[76.9299371,43.241156],[76.9305686,43.2412027],[76.9306771,43.2412107],[76.9307889,43.2412189],[76.9309613,43.2412317],[76.9310182,43.2412359]]},"properties":{"osm_id":228767495,"osm_type":"way","name":"проспект Абая","address":"","source":"OpenStreetMap","source_url":"https://www.openstreetmap.org/way/228767495","highway":"secondary","oneway":"yes","lanes":"4","maxspeed":"60"}},{"type":"Feature","id":"way/1558504143","geometry":{"type":"LineString","coordinates":[[76.9270785,43.2432923],[76.9272321,43.2433008],[76.9284919,43.2433831],[76.9287134,43.2433965],[76.9304363,43.2434989],[76.9305709,43.243508]]},"properties":{"osm_id":1558504143,"osm_type":"way","name":"улица Курмангазы","address":"","source":"OpenStreetMap","source_url":"https://www.openstreetmap.org/way/1558504143","highway":"tertiary","oneway":"yes","lanes":"4","maxspeed":""}},{"type":"Feature","id":"way/27262213","geometry":{"type":"LineString","coordinates":[[76.9266393,43.2466673],[76.9268532,43.2466822],[76.9270014,43.2466925],[76.9277566,43.2467449],[76.928452,43.2467932],[76.9300115,43.2469015],[76.9301205,43.2469091]]},"properties":{"osm_id":27262213,"osm_type":"way","name":"улица Жамбыла","address":"","source":"OpenStreetMap","source_url":"https://www.openstreetmap.org/way/27262213","highway":"tertiary","oneway":"yes","lanes":"4","maxspeed":""}},{"type":"Feature","id":"way/23535107","geometry":{"type":"LineString","coordinates":[[76.9303432,43.2452463],[76.9303289,43.2453564],[76.9301354,43.2467967],[76.9301205,43.2469091],[76.930111,43.2469886],[76.9299634,43.2480955],[76.9299177,43.2484409],[76.9299069,43.2485223],[76.929886,43.2486482],[76.9298384,43.2490009],[76.9296875,43.2501346],[76.9296793,43.2502215],[76.929673,43.2502892]]},"properties":{"osm_id":23535107,"osm_type":"way","name":"улица Масанчи","address":"","source":"OpenStreetMap","source_url":"https://www.openstreetmap.org/way/23535107","highway":"tertiary","oneway":"","lanes":"","maxspeed":""}},{"type":"Feature","id":"way/1450165106","geometry":{"type":"LineString","coordinates":[[76.9328638,43.2540406],[76.9326739,43.2540322],[76.9326295,43.2540297],[76.9322542,43.2540015],[76.9318925,43.2539782],[76.9314618,43.253945],[76.9311949,43.2539219],[76.9311013,43.2539138],[76.9310778,43.2539122],[76.93105,43.2539103],[76.929414,43.2537899],[76.9293875,43.2537879],[76.929208,43.2537789],[76.9289983,43.2537683],[76.9283646,43.2537148],[76.9283072,43.2537099]]},"properties":{"osm_id":1450165106,"osm_type":"way","name":"улица Толе би","address":"","source":"OpenStreetMap","source_url":"https://www.openstreetmap.org/way/1450165106","highway":"secondary","oneway":"yes","lanes":"2","maxspeed":""}},{"type":"Feature","id":"way/27109231","geometry":{"type":"LineString","coordinates":[[76.9308596,43.2555789],[76.9308711,43.255483],[76.9309752,43.2545361],[76.930988,43.2544199],[76.9310328,43.2540119],[76.93105,43.2539103]]},"properties":{"osm_id":27109231,"osm_type":"way","name":"улица Амангельды","address":"","source":"OpenStreetMap","source_url":"https://www.openstreetmap.org/way/27109231","highway":"residential","oneway":"","lanes":"","maxspeed":""}},{"type":"Feature","id":"way/1150608573","geometry":{"type":"LineString","coordinates":[[76.9281003,43.258776],[76.9282237,43.2586925],[76.9282752,43.2586582],[76.9283266,43.258624],[76.9284752,43.2585665],[76.928592,43.2585259]]},"properties":{"osm_id":1150608573,"osm_type":"way","name":"","address":"","source":"OpenStreetMap","source_url":"https://www.openstreetmap.org/way/1150608573","highway":"secondary_link","oneway":"yes","lanes":"3","maxspeed":""}},{"type":"Feature","id":"way/1533833930","geometry":{"type":"LineString","coordinates":[[76.9355892,43.2322403],[76.9355307,43.2321844],[76.9353948,43.2320545]]},"properties":{"osm_id":1533833930,"osm_type":"way","name":"","address":"","source":"OpenStreetMap","source_url":"https://www.openstreetmap.org/way/1533833930","highway":"secondary_link","oneway":"yes","lanes":"2","maxspeed":""}},{"type":"Feature","id":"way/334057431","geometry":{"type":"LineString","coordinates":[[76.9333898,43.2353664],[76.9336064,43.2352207],[76.9340751,43.2348566]]},"properties":{"osm_id":334057431,"osm_type":"way","name":"улица Аксакова","address":"","source":"OpenStreetMap","source_url":"https://www.openstreetmap.org/way/334057431","highway":"residential","oneway":"yes","lanes":"","maxspeed":""}},{"type":"Feature","id":"way/368116984","geometry":{"type":"LineString","coordinates":[[76.9354108,43.237325],[76.9354322,43.2373809],[76.9354413,43.2374457],[76.9354454,43.2375092],[76.9354652,43.2375545],[76.9355085,43.2376021],[76.9355705,43.2376373],[76.9357232,43.2377064]]},"properties":{"osm_id":368116984,"osm_type":"way","name":"","address":"","source":"OpenStreetMap","source_url":"https://www.openstreetmap.org/way/368116984","highway":"secondary_link","oneway":"yes","lanes":"1","maxspeed":""}},{"type":"Feature","id":"way/228767496","geometry":{"type":"LineString","coordinates":[[76.9343758,43.2414452],[76.9345558,43.2414584],[76.93554,43.2415292],[76.9360945,43.2415691]]},"properties":{"osm_id":228767496,"osm_type":"way","name":"проспект Абая","address":"","source":"OpenStreetMap","source_url":"https://www.openstreetmap.org/way/228767496","highway":"secondary","oneway":"yes","lanes":"4","maxspeed":"60"}},{"type":"Feature","id":"way/258487568","geometry":{"type":"LineString","coordinates":[[76.934093,43.2437704],[76.9340803,43.2438672],[76.934064,43.2439923],[76.9339962,43.2445796]]},"properties":{"osm_id":258487568,"osm_type":"way","name":"проспект Сейфуллина","address":"","source":"OpenStreetMap","source_url":"https://www.openstreetmap.org/way/258487568","highway":"secondary","oneway":"","lanes":"5","maxspeed":""}},{"type":"Feature","id":"way/682835982","geometry":{"type":"LineString","coordinates":[[76.9339603,43.2448912],[76.9339167,43.2452688],[76.9339037,43.2453784],[76.9338872,43.2455181]]},"properties":{"osm_id":682835982,"osm_type":"way","name":"проспект Сейфуллина","address":"","source":"OpenStreetMap","source_url":"https://www.openstreetmap.org/way/682835982","highway":"secondary","oneway":"","lanes":"5","maxspeed":""}},{"type":"Feature","id":"way/258487338","geometry":{"type":"LineString","coordinates":[[76.9334951,43.2488197],[76.9334818,43.2489302],[76.9334423,43.2492832],[76.9334294,43.2493785],[76.9333621,43.2500768],[76.9333093,43.250419],[76.9332225,43.2511412],[76.9331492,43.2517928],[76.9331302,43.2519401],[76.9331023,43.2521523],[76.9330885,43.2522717]]},"properties":{"osm_id":258487338,"osm_type":"way","name":"проспект Сейфуллина","address":"","source":"OpenStreetMap","source_url":"https://www.openstreetmap.org/way/258487338","highway":"secondary","oneway":"","lanes":"4","maxspeed":""}},{"type":"Feature","id":"way/1146968966","geometry":{"type":"LineString","coordinates":[[76.9330885,43.2522717],[76.9330761,43.2523675],[76.933004,43.2529084],[76.9329499,43.2533236]]},"properties":{"osm_id":1146968966,"osm_type":"way","name":"проспект Сейфуллина","address":"","source":"OpenStreetMap","source_url":"https://www.openstreetmap.org/way/1146968966","highway":"secondary","oneway":"","lanes":"5","maxspeed":""}},{"type":"Feature","id":"way/258486981","geometry":{"type":"LineString","coordinates":[[76.9326467,43.2556806],[76.9326325,43.2557851],[76.932604,43.2559954]]},"properties":{"osm_id":258486981,"osm_type":"way","name":"проспект Сейфуллина","address":"","source":"OpenStreetMap","source_url":"https://www.openstreetmap.org/way/258486981","highway":"secondary","oneway":"","lanes":"6","maxspeed":""}},{"type":"Feature","id":"way/49888058","geometry":{"type":"LineString","coordinates":[[76.9321903,43.2590277],[76.932173,43.2591556],[76.9321425,43.2593782],[76.9320301,43.2601973],[76.9319085,43.2610283],[76.9318879,43.26118],[76.9316873,43.2625995]]},"properties":{"osm_id":49888058,"osm_type":"way","name":"проспект Сейфуллина","address":"","source":"OpenStreetMap","source_url":"https://www.openstreetmap.org/way/49888058","highway":"secondary","oneway":"","lanes":"6","maxspeed":""}},{"type":"Feature","id":"way/124163137","geometry":{"type":"LineString","coordinates":[[76.9370838,43.2326236],[76.9370187,43.2328893]]},"properties":{"osm_id":124163137,"osm_type":"way","name":"проспект Сейфуллина","address":"","source":"OpenStreetMap","source_url":"https://www.openstreetmap.org/way/124163137","highway":"secondary","oneway":"yes","lanes":"7","maxspeed":""}},{"type":"Feature","id":"way/124163136","geometry":{"type":"LineString","coordinates":[[76.9382173,43.2332323],[76.937803,43.2331319],[76.9375174,43.2330823],[76.9374114,43.2330753],[76.9373071,43.2330854],[76.9372204,43.2331169],[76.9371373,43.2331898],[76.9370636,43.2333134],[76.9369152,43.2338208],[76.9367354,43.2345548],[76.9365732,43.2351035],[76.9364995,43.2353651],[76.9362212,43.2359262],[76.9361593,43.2360511],[76.9361222,43.2361098],[76.9359658,43.2363273]]},"properties":{"osm_id":124163136,"osm_type":"way","name":"","address":"","source":"OpenStreetMap","source_url":"https://www.openstreetmap.org/way/124163136","highway":"secondary_link","oneway":"yes","lanes":"","maxspeed":""}},{"type":"Feature","id":"way/124841590","geometry":{"type":"LineString","coordinates":[[76.9364586,43.2350202],[76.9362413,43.235661],[76.9360919,43.2360622],[76.9359658,43.2363273],[76.9358799,43.2365253],[76.9357278,43.2368008]]},"properties":{"osm_id":124841590,"osm_type":"way","name":"проспект Сейфуллина","address":"","source":"OpenStreetMap","source_url":"https://www.openstreetmap.org/way/124841590","highway":"secondary","oneway":"yes","lanes":"3","maxspeed":""}},{"type":"Feature","id":"way/228943296","geometry":{"type":"LineString","coordinates":[[76.9378671,43.2418345],[76.9378697,43.2416868]]},"properties":{"osm_id":228943296,"osm_type":"way","name":"улица Наурызбай батыра","address":"","source":"OpenStreetMap","source_url":"https://www.openstreetmap.org/way/228943296","highway":"secondary","oneway":"yes","lanes":"4","maxspeed":""}},{"type":"Feature","id":"way/1546558546","geometry":{"type":"LineString","coordinates":[[76.9370036,43.2489181],[76.9370075,43.2488871],[76.9371305,43.2478982],[76.937197,43.2474078],[76.9372341,43.2470183],[76.9373009,43.2463881],[76.9373535,43.2458924],[76.9373601,43.2458304],[76.9373698,43.2457355],[76.9373872,43.2456137],[76.9373916,43.2455821],[76.9374846,43.24492],[76.9375184,43.2446791],[76.9375951,43.2441312],[76.9376031,43.2440742],[76.9376126,43.2440066],[76.937622,43.243939],[76.9376261,43.2439053],[76.9376709,43.243538],[76.9376747,43.2435066],[76.9376779,43.2434805],[76.9377423,43.2429617],[76.9377452,43.2429385],[76.9377482,43.2429145],[76.9377881,43.2425926],[76.9378386,43.2421693],[76.9378478,43.2420925],[76.9378653,43.2419464],[76.9378671,43.2418345]]},"properties":{"osm_id":1546558546,"osm_type":"way","name":"улица Наурызбай Батыра","address":"","source":"OpenStreetMap","source_url":"https://www.openstreetmap.org/way/1546558546","highway":"secondary","oneway":"yes","lanes":"3","maxspeed":""}},{"type":"Feature","id":"way/912368453","geometry":{"type":"LineString","coordinates":[[76.9425628,43.2460975],[76.9423444,43.2460823],[76.941489,43.2460226],[76.9409873,43.2459877],[76.9408421,43.245976],[76.9406872,43.2459668],[76.9403797,43.2459453],[76.9400947,43.2459255],[76.9395736,43.2458891],[76.9393735,43.2458751],[76.9391018,43.2458562],[76.9389579,43.2458462],[76.9376103,43.2457523],[76.9375386,43.2457473],[76.9374629,43.245742],[76.9373698,43.2457355],[76.9371951,43.2457246],[76.9368504,43.2457031],[76.9355423,43.2456217]]},"properties":{"osm_id":912368453,"osm_type":"way","name":"улица Шевченко","address":"","source":"OpenStreetMap","source_url":"https://www.openstreetmap.org/way/912368453","highway":"tertiary","oneway":"yes","lanes":"4","maxspeed":""}},{"type":"Feature","id":"way/257724840","geometry":{"type":"LineString","coordinates":[[76.9369815,43.2490815],[76.9371519,43.2490975],[76.937422,43.2491139],[76.9378785,43.2491416],[76.9381385,43.2491574],[76.9381917,43.2491609],[76.9384927,43.2491805],[76.9387132,43.2491949],[76.938782,43.2492027],[76.9393112,43.2492428],[76.9395646,43.249262],[76.939638,43.2492692],[76.9402323,43.249328],[76.9402952,43.2493342],[76.9404041,43.2493421]]},"properties":{"osm_id":257724840,"osm_type":"way","name":"улица Кабанбай Батыра","address":"","source":"OpenStreetMap","source_url":"https://www.openstreetmap.org/way/257724840","highway":"tertiary","oneway":"yes","lanes":"4","maxspeed":""}},{"type":"Feature","id":"way/487759852","geometry":{"type":"LineString","coordinates":[[76.9358647,43.2576015],[76.9359981,43.2567115],[76.9360957,43.2560451],[76.9361034,43.2559927],[76.9361175,43.2558868],[76.936129,43.2557857],[76.9362021,43.2551051],[76.9362204,43.2549104],[76.9362831,43.2543477],[76.93629,43.254286],[76.9362995,43.254223],[76.9363065,43.2541762],[76.9363134,43.2541027],[76.9364052,43.2534483],[76.9365169,43.2526515],[76.9365239,43.2526017],[76.9365357,43.2525094],[76.9365394,43.2524959],[76.9365511,43.2524003],[76.9366798,43.2514824],[76.9367854,43.2507295],[76.9368268,43.250382],[76.9369442,43.2493759],[76.9369473,43.249352],[76.9369704,43.2491759],[76.9369815,43.2490815],[76.9370036,43.2489181]]},"properties":{"osm_id":487759852,"osm_type":"way","name":"улица Наурызбай Батыра","address":"","source":"OpenStreetMap","source_url":"https://www.openstreetmap.org/way/487759852","highway":"secondary","oneway":"yes","lanes":"3","maxspeed":""}},{"type":"Feature","id":"way/228944248","geometry":{"type":"LineString","coordinates":[[76.9402067,43.2508761],[76.9401875,43.2510308],[76.9400611,43.2520507],[76.9399916,43.2526245],[76.939982,43.2526944],[76.9399748,43.2527464],[76.9399704,43.2528109],[76.9398894,43.2534351],[76.9398712,43.2535823],[76.9397801,43.2543301],[76.9397705,43.2544165],[76.9397619,43.2544755],[76.9397527,43.2545384],[76.939679,43.2551324],[76.9396383,43.2554609],[76.9396142,43.255655],[76.9395725,43.2559914],[76.9395561,43.2561239],[76.9395432,43.2562134],[76.9395034,43.2565488],[76.9394457,43.2570143],[76.9394314,43.2571294],[76.9393614,43.2576939],[76.939344,43.2578344],[76.9392646,43.2584754],[76.9392576,43.2585318],[76.9392025,43.2589663],[76.9391528,43.2593587],[76.9391317,43.2595254]]},"properties":{"osm_id":228944248,"osm_type":"way","name":"улица Желтоксан","address":"","source":"OpenStreetMap","source_url":"https://www.openstreetmap.org/way/228944248","highway":"secondary","oneway":"yes","lanes":"5","maxspeed":"RU:urban"}},{"type":"Feature","id":"way/258486982","geometry":{"type":"LineString","coordinates":[[76.9321903,43.2590277],[76.9323471,43.259039],[76.93304,43.2590945],[76.9332585,43.259112],[76.933955,43.2591671],[76.9340106,43.2591723],[76.9355013,43.2592917],[76.9356481,43.2593035],[76.9358452,43.2593161],[76.936103,43.2593325],[76.9370143,43.2593905],[76.937459,43.2594189],[76.9375321,43.2594235],[76.9375708,43.259426],[76.9389651,43.2595148],[76.9391317,43.2595254],[76.9392908,43.2595372],[76.9395543,43.2595568],[76.9406481,43.2596232],[76.9408583,43.2596361]]},"properties":{"osm_id":258486982,"osm_type":"way","name":"улица Гоголя","address":"","source":"OpenStreetMap","source_url":"https://www.openstreetmap.org/way/258486982","highway":"secondary","oneway":"yes","lanes":"4","maxspeed":""}},{"type":"Feature","id":"way/1341544438","geometry":{"type":"LineString","coordinates":[[76.9439145,43.2325275],[76.9438909,43.2327424]]},"properties":{"osm_id":1341544438,"osm_type":"way","name":"улица Юрия Померанцева","address":"","source":"OpenStreetMap","source_url":"https://www.openstreetmap.org/way/1341544438","highway":"tertiary","oneway":"no","lanes":"3","maxspeed":"40"}},{"type":"Feature","id":"way/232472317","geometry":{"type":"LineString","coordinates":[[76.9419277,43.2352319],[76.9420288,43.2352698],[76.942105,43.2353151],[76.9421384,43.2353567],[76.9421526,43.2354042],[76.9421604,43.2354443]]},"properties":{"osm_id":232472317,"osm_type":"way","name":"","address":"","source":"OpenStreetMap","source_url":"https://www.openstreetmap.org/way/232472317","highway":"tertiary","oneway":"yes","lanes":"2","maxspeed":"RU:urban"}},{"type":"Feature","id":"way/234005438","geometry":{"type":"LineString","coordinates":[[76.9415881,43.2382614],[76.9416587,43.2381003]]},"properties":{"osm_id":234005438,"osm_type":"way","name":"улица Желтоксан","address":"","source":"OpenStreetMap","source_url":"https://www.openstreetmap.org/way/234005438","highway":"secondary","oneway":"yes","lanes":"3","maxspeed":"RU:urban"}},{"type":"Feature","id":"way/229862355","geometry":{"type":"LineString","coordinates":[[76.9413355,43.2420696],[76.9411378,43.2419066]]},"properties":{"osm_id":229862355,"osm_type":"way","name":"улица Желтоксан","address":"","source":"OpenStreetMap","source_url":"https://www.openstreetmap.org/way/229862355","highway":"secondary","oneway":"yes","lanes":"4","maxspeed":"RU:urban"}},{"type":"Feature","id":"way/1185785538","geometry":{"type":"LineString","coordinates":[[76.9413355,43.2420696],[76.9413164,43.2422085],[76.941313,43.2422367],[76.9412584,43.242688],[76.9412513,43.2427455],[76.9412496,43.2427681],[76.9412011,43.2432023],[76.9411713,43.2434301],[76.941082,43.2440824],[76.9410702,43.2442425]]},"properties":{"osm_id":1185785538,"osm_type":"way","name":"улица Желтоксан","address":"","source":"OpenStreetMap","source_url":"https://www.openstreetmap.org/way/1185785538","highway":"secondary","oneway":"yes","lanes":"5","maxspeed":"RU:urban"}},{"type":"Feature","id":"way/1408203413","geometry":{"type":"LineString","coordinates":[[76.9410702,43.2442425],[76.9410586,43.244331],[76.9409937,43.2448236],[76.9409301,43.2453073],[76.9408964,43.2455635],[76.9408575,43.2458593],[76.9408421,43.245976],[76.9408296,43.2460716],[76.9407894,43.246377],[76.9407541,43.2466448],[76.9407474,43.2466958],[76.9407389,43.2467607],[76.9406349,43.2475755],[76.9406177,43.2476818]]},"properties":{"osm_id":1408203413,"osm_type":"way","name":"улица Желтоксан","address":"","source":"OpenStreetMap","source_url":"https://www.openstreetmap.org/way/1408203413","highway":"secondary","oneway":"yes","lanes":"5","maxspeed":"RU:urban"}},{"type":"Feature","id":"way/1185785537","geometry":{"type":"LineString","coordinates":[[76.9406177,43.2476818],[76.9404465,43.2490125],[76.9404221,43.2492018],[76.9404041,43.2493421]]},"properties":{"osm_id":1185785537,"osm_type":"way","name":"улица Желтоксан","address":"","source":"OpenStreetMap","source_url":"https://www.openstreetmap.org/way/1185785537","highway":"secondary","oneway":"yes","lanes":"5","maxspeed":"RU:urban"}},{"type":"Feature","id":"way/208514980","geometry":{"type":"LineString","coordinates":[[76.9451088,43.2530999],[76.9450062,43.2530952],[76.9445973,43.2530646],[76.9432577,43.2529723],[76.9423213,43.2529055],[76.9419422,43.2528818],[76.9417587,43.2528705]]},"properties":{"osm_id":208514980,"osm_type":"way","name":"улица Богенбай Батыра","address":"","source":"OpenStreetMap","source_url":"https://www.openstreetmap.org/way/208514980","highway":"tertiary","oneway":"yes","lanes":"3","maxspeed":""}},{"type":"Feature","id":"way/510754411","geometry":{"type":"LineString","coordinates":[[76.9417662,43.2546152],[76.9447037,43.2548334]]},"properties":{"osm_id":510754411,"osm_type":"way","name":"улица Толе би","address":"","source":"OpenStreetMap","source_url":"https://www.openstreetmap.org/way/510754411","highway":"secondary","oneway":"","lanes":"4","maxspeed":""}},{"type":"Feature","id":"way/912325187","geometry":{"type":"LineString","coordinates":[[76.9408583,43.2596361],[76.9410923,43.2596547],[76.9417227,43.2597049],[76.9420846,43.2597333],[76.9425891,43.2597729],[76.9428873,43.2597962],[76.9434907,43.2598433],[76.9437771,43.2598657],[76.9441709,43.2598975],[76.9443008,43.2599075],[76.9444343,43.2599177],[76.9451785,43.2599696],[76.9458609,43.2600173],[76.9459766,43.2600254],[76.9460592,43.2600312]]},"properties":{"osm_id":912325187,"osm_type":"way","name":"улица Гоголя","address":"","source":"OpenStreetMap","source_url":"https://www.openstreetmap.org/way/912325187","highway":"secondary","oneway":"yes","lanes":"4","maxspeed":""}},{"type":"Feature","id":"way/124482977","geometry":{"type":"LineString","coordinates":[[76.944451,43.2284766],[76.9444256,43.2286627],[76.9443896,43.2289263],[76.944333,43.2293406],[76.9442808,43.2297232],[76.9442505,43.2299448],[76.9442426,43.2300028],[76.9441978,43.2303202],[76.944191,43.2303682],[76.9441089,43.2309866],[76.9440852,43.2311647],[76.9440474,43.2314337],[76.9440353,43.2315201],[76.9439933,43.2318206],[76.9439739,43.2319597],[76.943955,43.2320953],[76.9439163,43.232421],[76.9439145,43.2325275]]},"properties":{"osm_id":124482977,"osm_type":"way","name":"улица Юрия Померанцева","address":"","source":"OpenStreetMap","source_url":"https://www.openstreetmap.org/way/124482977","highway":"tertiary","oneway":"no","lanes":"3","maxspeed":"40"}},{"type":"Feature","id":"way/692911407","geometry":{"type":"LineString","coordinates":[[76.9491861,43.2357736],[76.9489821,43.2357603],[76.9469263,43.2356071],[76.946867,43.2355976],[76.9468247,43.2355839],[76.9467832,43.2355616],[76.9467326,43.2355268],[76.946459,43.2353384],[76.9464199,43.2353171],[76.946389,43.2353071],[76.9463466,43.2353006],[76.9454027,43.2352294],[76.9453393,43.2352313],[76.9452823,43.2352404],[76.9452371,43.2352543],[76.9449622,43.2353844],[76.9448639,43.235431],[76.9448218,43.2354456],[76.9447711,43.2354548],[76.9447037,43.2354528],[76.9437422,43.2353745],[76.9435127,43.2353576]]},"properties":{"osm_id":692911407,"osm_type":"way","name":"улица Тимирязева","address":"","source":"OpenStreetMap","source_url":"https://www.openstreetmap.org/way/692911407","highway":"tertiary","oneway":"","lanes":"2","maxspeed":"RU:urban"}},{"type":"Feature","id":"way/911110044","geometry":{"type":"LineString","coordinates":[[76.9488233,43.2387058],[76.9486273,43.2386687],[76.9469508,43.2383996],[76.9467513,43.2383676],[76.9465988,43.2383453],[76.9463082,43.2383029],[76.9460797,43.2382774],[76.9455983,43.2382276],[76.9449783,43.2381943],[76.9444029,43.238197],[76.9443506,43.2381972],[76.9442198,43.2381975],[76.9439137,43.2381982],[76.9435205,43.2381947],[76.9430376,43.2381779],[76.9423982,43.2381469]]},"properties":{"osm_id":911110044,"osm_type":"way","name":"улица Сатпаева","address":"","source":"OpenStreetMap","source_url":"https://www.openstreetmap.org/way/911110044","highway":"secondary","oneway":"","lanes":"5","maxspeed":""}},{"type":"Feature","id":"way/31511815","geometry":{"type":"LineString","coordinates":[[76.9450421,43.2413257],[76.9450181,43.2414895],[76.9450131,43.2415235],[76.9449447,43.2420785],[76.9449367,43.2421729]]},"properties":{"osm_id":31511815,"osm_type":"way","name":"улица Байсеитовой","address":"","source":"OpenStreetMap","source_url":"https://www.openstreetmap.org/way/31511815","highway":"residential","oneway":"no","lanes":"2","maxspeed":"20"}},{"type":"Feature","id":"way/228768119","geometry":{"type":"LineString","coordinates":[[76.9483211,43.2425555],[76.9481272,43.2425417],[76.9465473,43.2424233],[76.9454191,43.2423474],[76.9448651,43.2423102],[76.9435695,43.2422201],[76.9430979,43.2421873]]},"properties":{"osm_id":228768119,"osm_type":"way","name":"проспект Абая","address":"","source":"OpenStreetMap","source_url":"https://www.openstreetmap.org/way/228768119","highway":"secondary","oneway":"yes","lanes":"4","maxspeed":"60"}},{"type":"Feature","id":"way/26540248","geometry":{"type":"LineString","coordinates":[[76.9475963,43.2481675],[76.947612,43.2480462],[76.9476815,43.2475093],[76.9477415,43.247045],[76.9477878,43.2466873],[76.9477973,43.246614],[76.9478153,43.2464746]]},"properties":{"osm_id":26540248,"osm_type":"way","name":"проспект Назарбаева","address":"","source":"OpenStreetMap","source_url":"https://www.openstreetmap.org/way/26540248","highway":"secondary","oneway":"","lanes":"4","maxspeed":""}},{"type":"Feature","id":"way/911115667","geometry":{"type":"LineString","coordinates":[[76.9473846,43.2498794],[76.9474031,43.2497295],[76.9474097,43.2496762],[76.947481,43.2491001],[76.9475963,43.2481675]]},"properties":{"osm_id":911115667,"osm_type":"way","name":"проспект Назарбаева","address":"","source":"OpenStreetMap","source_url":"https://www.openstreetmap.org/way/911115667","highway":"secondary","oneway":"","lanes":"4","maxspeed":""}},{"type":"Feature","id":"way/26540247","geometry":{"type":"LineString","coordinates":[[76.947144,43.2516557],[76.9471549,43.251561],[76.9471592,43.251524]]},"properties":{"osm_id":26540247,"osm_type":"way","name":"проспект Назарбаева","address":"","source":"OpenStreetMap","source_url":"https://www.openstreetmap.org/way/26540247","highway":"secondary","oneway":"","lanes":"4","maxspeed":""}},{"type":"Feature","id":"way/26540237","geometry":{"type":"LineString","coordinates":[[76.9464711,43.2566237],[76.9464919,43.2564872],[76.946593,43.2558255],[76.9466806,43.255252],[76.9467057,43.2550876],[76.9467211,43.2549864]]},"properties":{"osm_id":26540237,"osm_type":"way","name":"проспект Назарбаева","address":"","source":"OpenStreetMap","source_url":"https://www.openstreetmap.org/way/26540237","highway":"secondary","oneway":"","lanes":"4","maxspeed":""}},{"type":"Feature","id":"way/74461754","geometry":{"type":"LineString","coordinates":[[76.9460592,43.2600312],[76.9460816,43.2598596],[76.9461515,43.259325],[76.9461565,43.2592863],[76.9462057,43.2589097],[76.9462219,43.258786],[76.946283,43.2583179]]},"properties":{"osm_id":74461754,"osm_type":"way","name":"проспект Назарбаева","address":"","source":"OpenStreetMap","source_url":"https://www.openstreetmap.org/way/74461754","highway":"secondary","oneway":"","lanes":"4","maxspeed":""}},{"type":"Feature","id":"way/171895227","geometry":{"type":"LineString","coordinates":[[76.9497896,43.2314385],[76.9498325,43.2311485]]},"properties":{"osm_id":171895227,"osm_type":"way","name":"проспект Назарбаева","address":"","source":"OpenStreetMap","source_url":"https://www.openstreetmap.org/way/171895227","highway":"secondary","oneway":"","lanes":"4","maxspeed":""}},{"type":"Feature","id":"way/158804510","geometry":{"type":"LineString","coordinates":[[76.9491861,43.2357736],[76.9491935,43.2357202],[76.9492353,43.2354178]]},"properties":{"osm_id":158804510,"osm_type":"way","name":"проспект Назарбаева","address":"","source":"OpenStreetMap","source_url":"https://www.openstreetmap.org/way/158804510","highway":"secondary","oneway":"","lanes":"4","maxspeed":""}},{"type":"Feature","id":"way/171895862","geometry":{"type":"LineString","coordinates":[[76.9489506,43.2375676],[76.9491088,43.2363808]]},"properties":{"osm_id":171895862,"osm_type":"way","name":"проспект Назарбаева","address":"","source":"OpenStreetMap","source_url":"https://www.openstreetmap.org/way/171895862","highway":"secondary","oneway":"","lanes":"4","maxspeed":""}},{"type":"Feature","id":"way/206984892","geometry":{"type":"LineString","coordinates":[[76.9487559,43.2392308],[76.9487767,43.2390692]]},"properties":{"osm_id":206984892,"osm_type":"way","name":"проспект Назарбаева","address":"","source":"OpenStreetMap","source_url":"https://www.openstreetmap.org/way/206984892","highway":"secondary","oneway":"","lanes":"5","maxspeed":""}},{"type":"Feature","id":"way/26540252","geometry":{"type":"LineString","coordinates":[[76.9480418,43.2447252],[76.9480469,43.2446857],[76.9480548,43.2446252],[76.948128,43.2440596],[76.9481654,43.2437712]]},"properties":{"osm_id":26540252,"osm_type":"way","name":"проспект Назарбаева","address":"","source":"OpenStreetMap","source_url":"https://www.openstreetmap.org/way/26540252","highway":"secondary","oneway":"","lanes":"4","maxspeed":""}},{"type":"Feature","id":"way/154454120","geometry":{"type":"LineString","coordinates":[[76.9514965,43.2449464],[76.9514818,43.2450739],[76.9514509,43.2452997]]},"properties":{"osm_id":154454120,"osm_type":"way","name":"улица Кунаева","address":"","source":"OpenStreetMap","source_url":"https://www.openstreetmap.org/way/154454120","highway":"tertiary","oneway":"","lanes":"4","maxspeed":""}},{"type":"Feature","id":"way/911115666","geometry":{"type":"LineString","coordinates":[[76.9473846,43.2498794],[76.9475655,43.2498937],[76.9476255,43.2498992],[76.9476905,43.2499032],[76.9479825,43.2499221],[76.9482652,43.249938],[76.9483695,43.2499439],[76.9488954,43.2499738],[76.9490327,43.2499835],[76.9491356,43.249991],[76.9492043,43.2499959],[76.9497168,43.250036],[76.9501488,43.250064],[76.9506517,43.2500966],[76.9508411,43.2501122]]},"properties":{"osm_id":911115666,"osm_type":"way","name":"улица Кабанбай батыра","address":"","source":"OpenStreetMap","source_url":"https://www.openstreetmap.org/way/911115666","highway":"tertiary","oneway":"yes","lanes":"4","maxspeed":""}},{"type":"Feature","id":"way/920723063","geometry":{"type":"LineString","coordinates":[[76.950396,43.2534866],[76.9503857,43.253574],[76.9503003,43.2542997]]},"properties":{"osm_id":920723063,"osm_type":"way","name":"улица Кунаева","address":"","source":"OpenStreetMap","source_url":"https://www.openstreetmap.org/way/920723063","highway":"tertiary","oneway":"","lanes":"4","maxspeed":""}},{"type":"Feature","id":"way/257724387","geometry":{"type":"LineString","coordinates":[[76.9467211,43.2549864],[76.9468796,43.2549978],[76.9470655,43.2550115],[76.94765,43.2550442],[76.9480339,43.255069],[76.9483762,43.2550911],[76.9484374,43.2550955],[76.948502,43.2551002],[76.9491326,43.2551424],[76.9494988,43.2551653],[76.9500325,43.2552023],[76.9501934,43.2552088]]},"properties":{"osm_id":257724387,"osm_type":"way","name":"улица Толе би","address":"","source":"OpenStreetMap","source_url":"https://www.openstreetmap.org/way/257724387","highway":"secondary","oneway":"","lanes":"6","maxspeed":""}},{"type":"Feature","id":"way/384959693","geometry":{"type":"LineString","coordinates":[[76.9497938,43.2584365],[76.949764,43.2586595],[76.9496532,43.2594887],[76.9495666,43.260165]]},"properties":{"osm_id":384959693,"osm_type":"way","name":"улица Кунаева","address":"","source":"OpenStreetMap","source_url":"https://www.openstreetmap.org/way/384959693","highway":"tertiary","oneway":"","lanes":"4","maxspeed":""}},{"type":"Feature","id":"way/1446864466","geometry":{"type":"LineString","coordinates":[[76.9532996,43.2330622],[76.9533705,43.2325556],[76.9533856,43.2324699],[76.9533959,43.2324068],[76.9534931,43.2318106]]},"properties":{"osm_id":1446864466,"osm_type":"way","name":"бульвар Мендикулова","address":"","source":"OpenStreetMap","source_url":"https://www.openstreetmap.org/way/1446864466","highway":"tertiary","oneway":"no","lanes":"2","maxspeed":"20"}},{"type":"Feature","id":"way/124482979","geometry":{"type":"LineString","coordinates":[[76.9531806,43.2340676],[76.9531871,43.2340095],[76.9531986,43.2339077],[76.9532459,43.23352],[76.9532898,43.2331603],[76.9532996,43.2330622]]},"properties":{"osm_id":124482979,"osm_type":"way","name":"бульвар Мендикулова","address":"","source":"OpenStreetMap","source_url":"https://www.openstreetmap.org/way/124482979","highway":"tertiary","oneway":"","lanes":"3","maxspeed":"40"}},{"type":"Feature","id":"way/207895692","geometry":{"type":"LineString","coordinates":[[76.9517888,43.237904],[76.9518127,43.2377932],[76.951882,43.2374749],[76.951918,43.237442],[76.952041,43.2374061],[76.9527864,43.2373868],[76.9528584,43.237366],[76.9529139,43.2373286],[76.9530615,43.2372142],[76.9531267,43.237195],[76.9532165,43.2371733],[76.953324,43.2371756],[76.9534405,43.2371829],[76.9535794,43.2372169],[76.9541467,43.2373557],[76.9544455,43.2374287],[76.9545518,43.237461],[76.9546372,43.2375045],[76.9549961,43.2376874],[76.9550364,43.237707]]},"properties":{"osm_id":207895692,"osm_type":"way","name":"","address":"","source":"OpenStreetMap","source_url":"https://www.openstreetmap.org/way/207895692","highway":"service","oneway":"","lanes":"1","maxspeed":""}},{"type":"Feature","id":"way/691218154","geometry":{"type":"LineString","coordinates":[[76.9541423,43.2392595],[76.9539862,43.2392484],[76.9538848,43.2392412],[76.9526973,43.2391569],[76.9511487,43.239047],[76.9508726,43.2390274],[76.950052,43.2388964]]},"properties":{"osm_id":691218154,"osm_type":"way","name":"улица Сатпаева","address":"","source":"OpenStreetMap","source_url":"https://www.openstreetmap.org/way/691218154","highway":"secondary","oneway":"yes","lanes":"3","maxspeed":""}},{"type":"Feature","id":"way/23989757","geometry":{"type":"LineString","coordinates":[[76.9569207,43.2431291],[76.9567044,43.2431152],[76.956299,43.2430905],[76.9559154,43.2430672],[76.9535037,43.2429206],[76.9517647,43.2427965],[76.9504446,43.2427019],[76.95017,43.2426833],[76.949846,43.2426614],[76.9486275,43.2425788],[76.9485137,43.2425711],[76.9483211,43.2425555]]},"properties":{"osm_id":23989757,"osm_type":"way","name":"проспект Абая","address":"","source":"OpenStreetMap","source_url":"https://www.openstreetmap.org/way/23989757","highway":"secondary","oneway":"yes","lanes":"4","maxspeed":"60"}},{"type":"Feature","id":"way/154454128","geometry":{"type":"LineString","coordinates":[[76.9564128,43.2470913],[76.9562567,43.2470801],[76.9557645,43.2470448],[76.9551838,43.2470031],[76.9548599,43.2469799],[76.9547305,43.2469706],[76.9546017,43.2469614],[76.9540016,43.2469184],[76.9539799,43.2469168],[76.9534053,43.2468755]]},"properties":{"osm_id":154454128,"osm_type":"way","name":"улица Шевченко","address":"","source":"OpenStreetMap","source_url":"https://www.openstreetmap.org/way/154454128","highway":"tertiary","oneway":"yes","lanes":"2","maxspeed":"40"}},{"type":"Feature","id":"way/920731516","geometry":{"type":"LineString","coordinates":[[76.9508411,43.2501122],[76.9510227,43.2501299],[76.9512028,43.2501442],[76.9515491,43.250168],[76.9519923,43.2502002],[76.9525313,43.2502362],[76.952754,43.2502524],[76.9540637,43.2503272],[76.9543037,43.2503399]]},"properties":{"osm_id":920731516,"osm_type":"way","name":"улица Кабанбай батыра","address":"","source":"OpenStreetMap","source_url":"https://www.openstreetmap.org/way/920731516","highway":"tertiary","oneway":"yes","lanes":"5","maxspeed":""}},{"type":"Feature","id":"way/911229690","geometry":{"type":"LineString","coordinates":[[76.9555452,43.2538433],[76.9555618,43.2537138],[76.9555935,43.2534673],[76.9556098,43.253341],[76.9556204,43.2532581],[76.9556992,43.2526453],[76.9557627,43.2521512]]},"properties":{"osm_id":911229690,"osm_type":"way","name":"проспект Достык","address":"","source":"OpenStreetMap","source_url":"https://www.openstreetmap.org/way/911229690","highway":"secondary","oneway":"","lanes":"4","maxspeed":""}},{"type":"Feature","id":"way/533944576","geometry":{"type":"LineString","coordinates":[[76.9553257,43.2555516],[76.9553405,43.2554363],[76.9553796,43.2551324],[76.9554138,43.2548659]]},"properties":{"osm_id":533944576,"osm_type":"way","name":"проспект Достык","address":"","source":"OpenStreetMap","source_url":"https://www.openstreetmap.org/way/533944576","highway":"secondary","oneway":"","lanes":"4","maxspeed":""}},{"type":"Feature","id":"way/166814200","geometry":{"type":"LineString","coordinates":[[76.9529185,43.2595564],[76.9529409,43.2592691],[76.9529423,43.2592515],[76.9529451,43.259215],[76.9530029,43.2592174],[76.9531666,43.2592242],[76.9534756,43.259237],[76.9535178,43.2592387],[76.9535113,43.2593214],[76.9535083,43.2593601],[76.9534911,43.2595801],[76.95343,43.2595776],[76.9533613,43.2595747],[76.9533062,43.2595724],[76.9532548,43.2595703],[76.9532168,43.2595687],[76.9529614,43.2595582],[76.952936,43.2595571],[76.9529185,43.2595564]]},"properties":{"osm_id":166814200,"osm_type":"way","name":"","address":"","source":"OpenStreetMap","source_url":"https://www.openstreetmap.org/way/166814200","highway":"pedestrian","oneway":"","lanes":"","maxspeed":""}},{"type":"Feature","id":"way/747775239","geometry":{"type":"LineString","coordinates":[[76.9592167,43.2325527],[76.9592843,43.2323781],[76.9594168,43.2320356]]},"properties":{"osm_id":747775239,"osm_type":"way","name":"проспект Достык","address":"","source":"OpenStreetMap","source_url":"https://www.openstreetmap.org/way/747775239","highway":"secondary","oneway":"","lanes":"4","maxspeed":"40"}},{"type":"Feature","id":"way/536817571","geometry":{"type":"LineString","coordinates":[[76.9588501,43.2334972],[76.9587671,43.2337153],[76.9585174,43.234362],[76.9584844,43.2344527]]},"properties":{"osm_id":536817571,"osm_type":"way","name":"проспект Достык","address":"","source":"OpenStreetMap","source_url":"https://www.openstreetmap.org/way/536817571","highway":"secondary","oneway":"","lanes":"4","maxspeed":"40"}},{"type":"Feature","id":"way/385200736","geometry":{"type":"LineString","coordinates":[[76.9573821,43.2393668],[76.9573932,43.2392802],[76.9574021,43.2392108],[76.9575552,43.2380179]]},"properties":{"osm_id":385200736,"osm_type":"way","name":"проспект Достык","address":"","source":"OpenStreetMap","source_url":"https://www.openstreetmap.org/way/385200736","highway":"secondary","oneway":"","lanes":"4","maxspeed":""}},{"type":"Feature","id":"way/385200735","geometry":{"type":"LineString","coordinates":[[76.9561253,43.2392792],[76.9571867,43.239345],[76.9573821,43.2393668]]},"properties":{"osm_id":385200735,"osm_type":"way","name":"улица Сатпаева","address":"","source":"OpenStreetMap","source_url":"https://www.openstreetmap.org/way/385200735","highway":"secondary","oneway":"yes","lanes":"3","maxspeed":"RU:urban"}},{"type":"Feature","id":"way/177267192","geometry":{"type":"LineString","coordinates":[[76.9569207,43.2431291],[76.9569422,43.2429761]]},"properties":{"osm_id":177267192,"osm_type":"way","name":"проспект Достык","address":"","source":"OpenStreetMap","source_url":"https://www.openstreetmap.org/way/177267192","highway":"secondary","oneway":"","lanes":"4","maxspeed":""}},{"type":"Feature","id":"way/911226159","geometry":{"type":"LineString","coordinates":[[76.9565735,43.245841],[76.9566249,43.2454137],[76.956636,43.2453216]]},"properties":{"osm_id":911226159,"osm_type":"way","name":"проспект Достык","address":"","source":"OpenStreetMap","source_url":"https://www.openstreetmap.org/way/911226159","highway":"secondary","oneway":"","lanes":"4","maxspeed":""}},{"type":"Feature","id":"way/691145130","geometry":{"type":"LineString","coordinates":[[76.9559746,43.2504704],[76.9559938,43.2503231],[76.9560565,43.2498407],[76.9561157,43.2493855],[76.9561407,43.249193],[76.956185,43.2488528],[76.9561955,43.2487721],[76.9562518,43.2483388],[76.9563111,43.2478829]]},"properties":{"osm_id":691145130,"osm_type":"way","name":"проспект Достык","address":"","source":"OpenStreetMap","source_url":"https://www.openstreetmap.org/way/691145130","highway":"secondary","oneway":"","lanes":"4","maxspeed":""}},{"type":"Feature","id":"way/24042680","geometry":{"type":"LineString","coordinates":[[76.9685685,43.2514051],[76.9678556,43.2513641],[76.9672436,43.2513289],[76.9671782,43.2513242],[76.9669123,43.2513046],[76.9665565,43.2512783],[76.9660586,43.2512385],[76.966004,43.2512342],[76.965421,43.2511739],[76.9652409,43.2511553],[76.9648817,43.2511154],[76.9644525,43.2510845],[76.9628542,43.2509592],[76.9626485,43.2509442],[76.9620317,43.2509028],[76.9612164,43.2508518],[76.961071,43.250841],[76.9608355,43.250824],[76.9607659,43.250819],[76.960468,43.2507961],[76.960174,43.2507736],[76.9600552,43.2507644],[76.9596255,43.2507315],[76.9595997,43.2507295],[76.9594468,43.2507156]]},"properties":{"osm_id":24042680,"osm_type":"way","name":"улица Кабанбай батыра","address":"","source":"OpenStreetMap","source_url":"https://www.openstreetmap.org/way/24042680","highway":"tertiary","oneway":"","lanes":"2","maxspeed":""}},{"type":"Feature","id":"way/385200738","geometry":{"type":"LineString","coordinates":[[76.9586881,43.2557636],[76.9588394,43.2557727],[76.9598281,43.2558321],[76.9600785,43.2558471],[76.9602927,43.25586],[76.9604326,43.2558684],[76.9608426,43.255893],[76.9611968,43.2559143],[76.9613017,43.2559206],[76.9616722,43.2559428],[76.9617989,43.2559504],[76.9619637,43.2559603]]},"properties":{"osm_id":385200738,"osm_type":"way","name":"улица Толе би","address":"","source":"OpenStreetMap","source_url":"https://www.openstreetmap.org/way/385200738","highway":"secondary","oneway":"","lanes":"4","maxspeed":""}},{"type":"Feature","id":"way/23978704","geometry":{"type":"LineString","coordinates":[[76.9635019,43.2577887],[76.9633134,43.2577755],[76.9629017,43.2577466],[76.9628156,43.2577407],[76.9623256,43.257707],[76.9619244,43.2576791],[76.9617822,43.2576692],[76.9616303,43.2576586],[76.9601725,43.2575573],[76.9600945,43.2575519],[76.9599234,43.25754],[76.9596405,43.2575203],[76.9595266,43.2575124],[76.9588771,43.2574673],[76.9584598,43.2574383]]},"properties":{"osm_id":23978704,"osm_type":"way","name":"улица Казыбек би","address":"","source":"OpenStreetMap","source_url":"https://www.openstreetmap.org/way/23978704","highway":"tertiary","oneway":"","lanes":"","maxspeed":""}},{"type":"Feature","id":"way/208514988","geometry":{"type":"LineString","coordinates":[[76.9203716,43.2318837],[76.9203242,43.2318811],[76.9199393,43.2318605],[76.9192206,43.2318219],[76.9191058,43.2318157],[76.9189505,43.2318069],[76.9188692,43.2318015],[76.9188031,43.2317975],[76.9184606,43.2317769],[76.9181974,43.2317611],[76.9165547,43.2316624],[76.9160831,43.2316344],[76.9155107,43.2315938],[76.9153203,43.231578]]},"properties":{"osm_id":208514988,"osm_type":"way","name":"бульвар Бухар Жырау","address":"","source":"OpenStreetMap","source_url":"https://www.openstreetmap.org/way/208514988","highway":"tertiary","oneway":"no","lanes":"2","maxspeed":"40"}},{"type":"Feature","id":"way/222570196","geometry":{"type":"LineString","coordinates":[[76.9248468,43.2342797],[76.9245221,43.2345271],[76.9244085,43.2346137],[76.9241819,43.2347864],[76.923765,43.2351427],[76.9237087,43.2351867],[76.9235153,43.2353165],[76.9231281,43.2355893],[76.922974,43.2357159]]},"properties":{"osm_id":222570196,"osm_type":"way","name":"улица Маркова","address":"","source":"OpenStreetMap","source_url":"https://www.openstreetmap.org/way/222570196","highway":"residential","oneway":"yes","lanes":"","maxspeed":""}},{"type":"Feature","id":"way/48795300","geometry":{"type":"LineString","coordinates":[[76.9184673,43.2365407],[76.9185369,43.2365458],[76.9191228,43.2365889],[76.9199025,43.2366459],[76.9205887,43.2366956]]},"properties":{"osm_id":48795300,"osm_type":"way","name":"улица Сатпаева","address":"","source":"OpenStreetMap","source_url":"https://www.openstreetmap.org/way/48795300","highway":"secondary","oneway":"no","lanes":"4","maxspeed":""}},{"type":"Feature","id":"way/1374191444","geometry":{"type":"LineString","coordinates":[[76.9273591,43.2411074],[76.9271766,43.2410946],[76.9267113,43.2410629],[76.9261301,43.2410039],[76.9238908,43.2408547],[76.9236607,43.2408394],[76.9221746,43.2407355],[76.9216622,43.2406997],[76.9203836,43.2406104],[76.9197843,43.2405685],[76.9196003,43.2405542]]},"properties":{"osm_id":1374191444,"osm_type":"way","name":"проспект Абая","address":"","source":"OpenStreetMap","source_url":"https://www.openstreetmap.org/way/1374191444","highway":"secondary","oneway":"yes","lanes":"4","maxspeed":"60"}},{"type":"Feature","id":"way/40755921","geometry":{"type":"LineString","coordinates":[[76.9196845,43.2428205],[76.9200155,43.2428433]]},"properties":{"osm_id":40755921,"osm_type":"way","name":"улица Курмангазы","address":"","source":"OpenStreetMap","source_url":"https://www.openstreetmap.org/way/40755921","highway":"tertiary","oneway":"yes","lanes":"4","maxspeed":""}},{"type":"Feature","id":"way/1155426004","geometry":{"type":"LineString","coordinates":[[76.9233949,43.2447552],[76.9233794,43.2448757],[76.9233192,43.2453452],[76.9233147,43.2453802],[76.9232801,43.2456497],[76.923194,43.2463212],[76.9231841,43.2463986],[76.9231675,43.2465284],[76.9230992,43.2470608],[76.9230409,43.2475115],[76.9229725,43.2480413],[76.9229619,43.2481229]]},"properties":{"osm_id":1155426004,"osm_type":"way","name":"улица Ади Шарипова","address":"","source":"OpenStreetMap","source_url":"https://www.openstreetmap.org/way/1155426004","highway":"tertiary","oneway":"yes","lanes":"2","maxspeed":""}},{"type":"Feature","id":"way/1414763097","geometry":{"type":"LineString","coordinates":[[76.9229619,43.2481229],[76.9229581,43.2481936],[76.9229536,43.2482123],[76.92289,43.2486769],[76.9227434,43.249747],[76.922731,43.2498382],[76.9227202,43.2499198],[76.9226942,43.2501171],[76.9226445,43.2504935],[76.9225903,43.2509044],[76.9225045,43.251555]]},"properties":{"osm_id":1414763097,"osm_type":"way","name":"улица Ади Шарипова","address":"","source":"OpenStreetMap","source_url":"https://www.openstreetmap.org/way/1414763097","highway":"tertiary","oneway":"yes","lanes":"2","maxspeed":""}},{"type":"Feature","id":"way/1427251650","geometry":{"type":"LineString","coordinates":[[76.924017,43.2534142],[76.9239691,43.2534107],[76.9235392,43.2533793],[76.9224549,43.2532972],[76.9224078,43.2532937],[76.9222675,43.253283],[76.9220892,43.2532639],[76.9205849,43.2531596],[76.9205173,43.2531549]]},"properties":{"osm_id":1427251650,"osm_type":"way","name":"улица Толе би","address":"","source":"OpenStreetMap","source_url":"https://www.openstreetmap.org/way/1427251650","highway":"secondary","oneway":"yes","lanes":"2","maxspeed":""}},{"type":"Feature","id":"way/26642645","geometry":{"type":"LineString","coordinates":[[76.9200458,43.2565283],[76.9198819,43.2565218],[76.9190463,43.2564628],[76.9182761,43.2564084],[76.916964,43.2563027],[76.916624,43.2562965]]},"properties":{"osm_id":26642645,"osm_type":"way","name":"улица Айтеке Би","address":"","source":"OpenStreetMap","source_url":"https://www.openstreetmap.org/way/26642645","highway":"residential","oneway":"","lanes":"2","maxspeed":""}},{"type":"Feature","id":"way/288057372","geometry":{"type":"LineString","coordinates":[[76.9232915,43.2584211],[76.923275,43.2585414],[76.9231636,43.2589569],[76.9231206,43.2591844],[76.923016,43.259577],[76.9229892,43.2598701],[76.9230269,43.2600305],[76.9230463,43.2601591],[76.923003,43.2604655],[76.9229416,43.2608343],[76.9229145,43.260936]]},"properties":{"osm_id":288057372,"osm_type":"way","name":"улица Досмухамедова","address":"","source":"OpenStreetMap","source_url":"https://www.openstreetmap.org/way/288057372","highway":"residential","oneway":"","lanes":"","maxspeed":""}},{"type":"Feature","id":"way/1320158818","geometry":{"type":"LineString","coordinates":[[76.9281613,43.2317623],[76.9280388,43.2316783],[76.9276074,43.2313713]]},"properties":{"osm_id":1320158818,"osm_type":"way","name":"улица Габдулина","address":"","source":"OpenStreetMap","source_url":"https://www.openstreetmap.org/way/1320158818","highway":"residential","oneway":"","lanes":"","maxspeed":""}},{"type":"Feature","id":"way/208515000","geometry":{"type":"LineString","coordinates":[[76.921088,43.2319392],[76.9214509,43.2319829],[76.9217495,43.2320249],[76.9219001,43.2320463],[76.9221254,43.2320952],[76.9223207,43.2321529],[76.9225644,43.2322344],[76.9226937,43.2322828],[76.9227987,43.2323285],[76.9230087,43.2324449],[76.9236823,43.2329227],[76.9240065,43.2331527],[76.9252111,43.2339965],[76.9257884,43.2344014],[76.9266152,43.2349929],[76.9267974,43.2351176],[76.9280673,43.2359866],[76.9281484,43.2360426],[76.9281888,43.2360818]]},"properties":{"osm_id":208515000,"osm_type":"way","name":"бульвар Бухар Жырау","address":"","source":"OpenStreetMap","source_url":"https://www.openstreetmap.org/way/208515000","highway":"tertiary","oneway":"yes","lanes":"2","maxspeed":"40"}},{"type":"Feature","id":"way/1355096267","geometry":{"type":"LineString","coordinates":[[76.9266911,43.2370963],[76.9271998,43.2371289]]},"properties":{"osm_id":1355096267,"osm_type":"way","name":"улица Сатпаева","address":"","source":"OpenStreetMap","source_url":"https://www.openstreetmap.org/way/1355096267","highway":"secondary","oneway":"no","lanes":"4","maxspeed":""}},{"type":"Feature","id":"way/228464698","geometry":{"type":"LineString","coordinates":[[76.9261454,43.2408835],[76.9268613,43.2408777],[76.9270097,43.2408573],[76.9271102,43.2408225],[76.9271726,43.2407925],[76.9272281,43.2407341],[76.9273112,43.2406467],[76.9274528,43.2403854]]},"properties":{"osm_id":228464698,"osm_type":"way","name":"","address":"","source":"OpenStreetMap","source_url":"https://www.openstreetmap.org/way/228464698","highway":"secondary_link","oneway":"yes","lanes":"1","maxspeed":""}},{"type":"Feature","id":"way/693651830","geometry":{"type":"LineString","coordinates":[[76.9270785,43.2432923],[76.9270655,43.2433942],[76.9270007,43.2438827],[76.9268699,43.2448691],[76.9268535,43.244996]]},"properties":{"osm_id":693651830,"osm_type":"way","name":"улица Байтурсынова","address":"","source":"OpenStreetMap","source_url":"https://www.openstreetmap.org/way/693651830","highway":"secondary","oneway":"no","lanes":"4","maxspeed":""}},{"type":"Feature","id":"way/1414763095","geometry":{"type":"LineString","coordinates":[[76.9231841,43.2463986],[76.9233218,43.2464093],[76.9233419,43.2464109],[76.923682,43.2464373],[76.9237198,43.2464403],[76.9237563,43.2464431],[76.9239767,43.2464602],[76.9248365,43.2465268],[76.9248971,43.2465318],[76.9264577,43.2466532],[76.9266393,43.2466673]]},"properties":{"osm_id":1414763095,"osm_type":"way","name":"улица Жамбыла","address":"","source":"OpenStreetMap","source_url":"https://www.openstreetmap.org/way/1414763095","highway":"tertiary","oneway":"yes","lanes":"4","maxspeed":""}},{"type":"Feature","id":"way/663149777","geometry":{"type":"LineString","coordinates":[[76.929673,43.2502892],[76.9295379,43.2502792],[76.9294147,43.2502701],[76.9286891,43.2502167],[76.9284342,43.2501979],[76.9278181,43.2501497],[76.9277657,43.2501446],[76.9275613,43.2501334],[76.927481,43.2501272],[76.9270825,43.2500969],[76.9268079,43.250076],[76.9263837,43.250044],[76.9261901,43.2500312]]},"properties":{"osm_id":663149777,"osm_type":"way","name":"улица Карасай Батыра","address":"","source":"OpenStreetMap","source_url":"https://www.openstreetmap.org/way/663149777","highway":"tertiary","oneway":"yes","lanes":"2","maxspeed":""}},{"type":"Feature","id":"way/690355200","geometry":{"type":"LineString","coordinates":[[76.927387,43.2536482],[76.9270416,43.2536231],[76.9269805,43.2536187]]},"properties":{"osm_id":690355200,"osm_type":"way","name":"улица Толе би","address":"","source":"OpenStreetMap","source_url":"https://www.openstreetmap.org/way/690355200","highway":"secondary","oneway":"yes","lanes":"2","maxspeed":""}},{"type":"Feature","id":"way/1563109782","geometry":{"type":"LineString","coordinates":[[76.9256361,43.2541893],[76.9256059,43.2544104]]},"properties":{"osm_id":1563109782,"osm_type":"way","name":"улица Байтурсынова","address":"","source":"OpenStreetMap","source_url":"https://www.openstreetmap.org/way/1563109782","highway":"tertiary","oneway":"no","lanes":"4","maxspeed":""}},{"type":"Feature","id":"way/1563109780","geometry":{"type":"LineString","coordinates":[[76.9256059,43.2544104],[76.9255105,43.2551091],[76.9254969,43.2552087],[76.9254737,43.2553812],[76.9253758,43.2561094],[76.9253359,43.2564062],[76.9253266,43.2564726],[76.9253189,43.256528],[76.9253008,43.2566579],[76.9252864,43.2567612],[76.9252706,43.2568748],[76.9252102,43.2573089],[76.9251361,43.2578491],[76.9251274,43.2579122],[76.9250647,43.2583686],[76.9250603,43.2584009],[76.9250415,43.2585351],[76.9250301,43.2586204],[76.9250253,43.2586561],[76.92495,43.2592047],[76.9248991,43.2595877],[76.9248423,43.2600146],[76.9247714,43.2605477],[76.9246615,43.2613745],[76.9246485,43.2614762],[76.9245365,43.262315],[76.9245292,43.2623698],[76.9245067,43.262538]]},"properties":{"osm_id":1563109780,"osm_type":"way","name":"улица Байтурсынова","address":"","source":"OpenStreetMap","source_url":"https://www.openstreetmap.org/way/1563109780","highway":"tertiary","oneway":"no","lanes":"4","maxspeed":""}},{"type":"Feature","id":"way/30992560","geometry":{"type":"LineString","coordinates":[[76.9311146,43.2338582],[76.931,43.2337822],[76.9306142,43.2335145],[76.9295705,43.2327902],[76.9293466,43.2326234],[76.9286981,43.2321559],[76.9282438,43.2318274],[76.9281613,43.2317623]]},"properties":{"osm_id":30992560,"osm_type":"way","name":"улица Габдулина","address":"","source":"OpenStreetMap","source_url":"https://www.openstreetmap.org/way/30992560","highway":"tertiary","oneway":"","lanes":"","maxspeed":""}},{"type":"Feature","id":"way/1437043833","geometry":{"type":"LineString","coordinates":[[76.9281888,43.2360818],[76.9282932,43.2359909],[76.928504,43.2358528]]},"properties":{"osm_id":1437043833,"osm_type":"way","name":"улица Байтурсынова","address":"","source":"OpenStreetMap","source_url":"https://www.openstreetmap.org/way/1437043833","highway":"tertiary","oneway":"yes","lanes":"2","maxspeed":""}},{"type":"Feature","id":"way/1409697567","geometry":{"type":"LineString","coordinates":[[76.9297359,43.2373157],[76.9303572,43.2373551]]},"properties":{"osm_id":1409697567,"osm_type":"way","name":"улица Сатпаева","address":"","source":"OpenStreetMap","source_url":"https://www.openstreetmap.org/way/1409697567","highway":"secondary","oneway":"no","lanes":"5","maxspeed":"RU:urban"}},{"type":"Feature","id":"way/385200734","geometry":{"type":"LineString","coordinates":[[76.9378671,43.2418345],[76.9376917,43.2418227],[76.9372621,43.2417939],[76.9347178,43.2416232],[76.9345359,43.241611],[76.9343593,43.2415984],[76.9341232,43.2415845],[76.9327492,43.2414822],[76.931846,43.2414169],[76.9311884,43.2413693],[76.9310044,43.241356],[76.9309459,43.2413518],[76.9307738,43.2413397],[76.9306668,43.2413324],[76.9298634,43.2412774],[76.9277133,43.2411318],[76.9276045,43.2411244],[76.9275723,43.2411222],[76.9275389,43.2411199],[76.9273591,43.2411074]]},"properties":{"osm_id":385200734,"osm_type":"way","name":"проспект Абая","address":"","source":"OpenStreetMap","source_url":"https://www.openstreetmap.org/way/385200734","highway":"secondary","oneway":"yes","lanes":"4","maxspeed":"60"}},{"type":"Feature","id":"way/1558504144","geometry":{"type":"LineString","coordinates":[[76.9308451,43.2414457],[76.9308361,43.2415121],[76.9308018,43.2417659],[76.9307078,43.2424757],[76.9305846,43.243405],[76.9305709,43.243508]]},"properties":{"osm_id":1558504144,"osm_type":"way","name":"улица Масанчи","address":"","source":"OpenStreetMap","source_url":"https://www.openstreetmap.org/way/1558504144","highway":"tertiary","oneway":"","lanes":"","maxspeed":""}},{"type":"Feature","id":"way/1558504146","geometry":{"type":"LineString","coordinates":[[76.9338872,43.2455181],[76.9337301,43.2455069],[76.9331828,43.2454693],[76.9322379,43.2454006],[76.9315375,43.2453428],[76.930508,43.2452578],[76.9304601,43.2452545],[76.9303432,43.2452463]]},"properties":{"osm_id":1558504146,"osm_type":"way","name":"улица Шевченко","address":"","source":"OpenStreetMap","source_url":"https://www.openstreetmap.org/way/1558504146","highway":"tertiary","oneway":"yes","lanes":"4","maxspeed":""}},{"type":"Feature","id":"way/208493047","geometry":{"type":"LineString","coordinates":[[76.9299069,43.2485223],[76.9299908,43.2485298],[76.9302321,43.2485513],[76.9305018,43.2485753],[76.9316401,43.2486765],[76.9318195,43.2486892],[76.9333024,43.2488052],[76.9333748,43.2488111],[76.9334951,43.2488197]]},"properties":{"osm_id":208493047,"osm_type":"way","name":"улица Кабанбай Батыра","address":"","source":"OpenStreetMap","source_url":"https://www.openstreetmap.org/way/208493047","highway":"tertiary","oneway":"yes","lanes":"","maxspeed":""}},{"type":"Feature","id":"way/1540299540","geometry":{"type":"LineString","coordinates":[[76.9187327,43.2529792],[76.9189182,43.252991],[76.9204941,43.2531071],[76.9205251,43.2531094],[76.9205886,43.2531141],[76.9220929,43.2532253],[76.922275,43.2532395],[76.9224163,43.2532467],[76.9224639,43.2532499],[76.9239795,43.2533523],[76.9240228,43.2533552],[76.9240738,43.2533585],[76.9241789,43.2533652],[76.9255258,43.2534465],[76.9255793,43.2534497],[76.9255885,43.2534503],[76.9257291,43.2534585],[76.925915,43.2534683],[76.9263451,43.253502],[76.9269455,43.2535491],[76.9269885,43.2535525],[76.9270408,43.2535566],[76.9282872,43.253654],[76.9283182,43.2536564],[76.9283663,43.2536598],[76.9290067,43.2537044],[76.9292173,43.2537134],[76.9293931,43.25372],[76.9294238,43.2537224],[76.9310588,43.2538471],[76.9310962,43.25385],[76.9326567,43.2539741],[76.9326874,43.2539765],[76.9328667,43.2539891],[76.933033,43.2540023],[76.9330883,43.2540045],[76.9333576,43.254015],[76.9345452,43.2540612],[76.9346017,43.2540634],[76.9346546,43.254067],[76.9353293,43.2541117],[76.9360815,43.2541589],[76.936137,43.2541624],[76.9363065,43.2541762],[76.9365079,43.2541901],[76.936588,43.2541955],[76.937664,43.2542683],[76.9381808,43.2543033],[76.9382185,43.2543058],[76.9382555,43.2543084],[76.939562,43.2544013],[76.9396181,43.2544053],[76.9397705,43.2544165],[76.9399035,43.2544219],[76.9399909,43.2544287],[76.9406143,43.254477],[76.9412775,43.2545283],[76.9413063,43.2545306],[76.9415314,43.2545928]]},"properties":{"osm_id":1540299540,"osm_type":"way","name":"улица Толе би","address":"","source":"OpenStreetMap","source_url":"https://www.openstreetmap.org/way/1540299540","highway":"secondary","oneway":"yes","lanes":"1","maxspeed":""}},{"type":"Feature","id":"way/1304251244","geometry":{"type":"LineString","coordinates":[[76.9290061,43.2554735],[76.9289983,43.2555539],[76.92892,43.256252],[76.9288255,43.256912],[76.9288007,43.2570855],[76.9287928,43.2571408]]},"properties":{"osm_id":1304251244,"osm_type":"way","name":"улица Масанчи","address":"","source":"OpenStreetMap","source_url":"https://www.openstreetmap.org/way/1304251244","highway":"residential","oneway":"","lanes":"","maxspeed":""}},{"type":"Feature","id":"way/26642652","geometry":{"type":"LineString","coordinates":[[76.9285705,43.2586982],[76.9285558,43.2588078],[76.9285341,43.2589159],[76.9285253,43.2589769],[76.9283705,43.2600534],[76.9282889,43.2606846],[76.9282701,43.2608434],[76.9282594,43.2609308],[76.9282078,43.261352],[76.9281745,43.2616243],[76.9280789,43.2623815]]},"properties":{"osm_id":26642652,"osm_type":"way","name":"улица Масанчи","address":"","source":"OpenStreetMap","source_url":"https://www.openstreetmap.org/way/26642652","highway":"residential","oneway":"","lanes":"2","maxspeed":""}},{"type":"Feature","id":"way/23444306","geometry":{"type":"LineString","coordinates":[[76.934413,43.2313714],[76.9342041,43.2315288],[76.9337792,43.2318489],[76.9336586,43.2319398]]},"properties":{"osm_id":23444306,"osm_type":"way","name":"улица Байтурсынова","address":"","source":"OpenStreetMap","source_url":"https://www.openstreetmap.org/way/23444306","highway":"tertiary","oneway":"","lanes":"4","maxspeed":"RU:urban"}},{"type":"Feature","id":"way/334057432","geometry":{"type":"LineString","coordinates":[[76.9338534,43.2337028],[76.9335512,43.2334832],[76.9327752,43.2329267],[76.9326751,43.2328541],[76.9326304,43.2328217],[76.9325589,43.2327699]]},"properties":{"osm_id":334057432,"osm_type":"way","name":"улица Никитина","address":"","source":"OpenStreetMap","source_url":"https://www.openstreetmap.org/way/334057432","highway":"residential","oneway":"yes","lanes":"1","maxspeed":""}},{"type":"Feature","id":"way/539985267","geometry":{"type":"LineString","coordinates":[[76.9357278,43.2368008],[76.9354108,43.237325]]},"properties":{"osm_id":539985267,"osm_type":"way","name":"проспект Сейфуллина","address":"","source":"OpenStreetMap","source_url":"https://www.openstreetmap.org/way/539985267","highway":"secondary","oneway":"yes","lanes":"3","maxspeed":""}},{"type":"Feature","id":"way/1341739749","geometry":{"type":"LineString","coordinates":[[76.9343758,43.2414452],[76.9343835,43.241328],[76.9343939,43.2412219],[76.9344321,43.2408329]]},"properties":{"osm_id":1341739749,"osm_type":"way","name":"проспект Сейфуллина","address":"","source":"OpenStreetMap","source_url":"https://www.openstreetmap.org/way/1341739749","highway":"secondary","oneway":"no","lanes":"5","maxspeed":""}},{"type":"Feature","id":"way/1146968968","geometry":{"type":"LineString","coordinates":[[76.9342744,43.242397],[76.9343075,43.2420852]]},"properties":{"osm_id":1146968968,"osm_type":"way","name":"проспект Сейфуллина","address":"","source":"OpenStreetMap","source_url":"https://www.openstreetmap.org/way/1146968968","highway":"secondary","oneway":"no","lanes":"5","maxspeed":""}},{"type":"Feature","id":"way/682835984","geometry":{"type":"LineString","coordinates":[[76.9338252,43.2460432],[76.9337706,43.2465347],[76.9337119,43.2470142],[76.9336911,43.2471845]]},"properties":{"osm_id":682835984,"osm_type":"way","name":"проспект Сейфуллина","address":"","source":"OpenStreetMap","source_url":"https://www.openstreetmap.org/way/682835984","highway":"secondary","oneway":"","lanes":"4","maxspeed":""}},{"type":"Feature","id":"way/1422516695","geometry":{"type":"LineString","coordinates":[[76.9335955,43.2479827],[76.9335755,43.2481512],[76.9335289,43.2485443],[76.9335056,43.2487408],[76.9334951,43.2488197]]},"properties":{"osm_id":1422516695,"osm_type":"way","name":"проспект Сейфуллина","address":"","source":"OpenStreetMap","source_url":"https://www.openstreetmap.org/way/1422516695","highway":"secondary","oneway":"","lanes":"4","maxspeed":""}},{"type":"Feature","id":"way/1449304897","geometry":{"type":"LineString","coordinates":[[76.9328975,43.2537271],[76.9328742,43.2539061],[76.9328667,43.2539891]]},"properties":{"osm_id":1449304897,"osm_type":"way","name":"проспект Сейфуллина","address":"","source":"OpenStreetMap","source_url":"https://www.openstreetmap.org/way/1449304897","highway":"secondary","oneway":"","lanes":"6","maxspeed":""}},{"type":"Feature","id":"way/258487339","geometry":{"type":"LineString","coordinates":[[76.9342712,43.2540998],[76.9336973,43.2540756],[76.933349,43.2540609],[76.9330798,43.2540496],[76.9330275,43.2540474],[76.9328638,43.2540406]]},"properties":{"osm_id":258487339,"osm_type":"way","name":"улица Толе би","address":"","source":"OpenStreetMap","source_url":"https://www.openstreetmap.org/way/258487339","highway":"secondary","oneway":"yes","lanes":"2","maxspeed":""}},{"type":"Feature","id":"way/872324833","geometry":{"type":"LineString","coordinates":[[76.9351279,43.2632908],[76.9351404,43.26316],[76.9352783,43.2620238],[76.9353136,43.2617152],[76.9353312,43.2615614],[76.9353473,43.2614207],[76.9353719,43.2612514],[76.9353824,43.261172],[76.9355133,43.2602713],[76.9355177,43.2602413],[76.935535,43.2601222],[76.9355695,43.2598762],[76.9356345,43.2594134],[76.9356377,43.2593903],[76.9356481,43.2593035],[76.9356618,43.2592002],[76.9356694,43.2591446],[76.9357075,43.258867],[76.9357428,43.2585914],[76.9358539,43.2576791],[76.9358647,43.2576015]]},"properties":{"osm_id":872324833,"osm_type":"way","name":"улица Наурызбай Батыра","address":"","source":"OpenStreetMap","source_url":"https://www.openstreetmap.org/way/872324833","highway":"secondary","oneway":"yes","lanes":"3","maxspeed":""}},{"type":"Feature","id":"way/124841587","geometry":{"type":"LineString","coordinates":[[76.9353948,43.2320545],[76.9359986,43.23225],[76.9362785,43.2323406],[76.9364172,43.2323675],[76.9365004,43.2323692],[76.9366093,43.2323498],[76.9367173,43.2323035],[76.9368071,43.2322302],[76.9368667,43.2321368],[76.9369326,43.2319739],[76.9371957,43.2308655],[76.9374372,43.2302173]]},"properties":{"osm_id":124841587,"osm_type":"way","name":"","address":"","source":"OpenStreetMap","source_url":"https://www.openstreetmap.org/way/124841587","highway":"secondary_link","oneway":"yes","lanes":"2","maxspeed":""}},{"type":"Feature","id":"way/334057429","geometry":{"type":"LineString","coordinates":[[76.9370187,43.2328893],[76.9365426,43.234734],[76.9365148,43.2348544],[76.9364586,43.2350202]]},"properties":{"osm_id":334057429,"osm_type":"way","name":"проспект Сейфуллина","address":"","source":"OpenStreetMap","source_url":"https://www.openstreetmap.org/way/334057429","highway":"secondary","oneway":"yes","lanes":"3","maxspeed":""}},{"type":"Feature","id":"way/1361117795","geometry":{"type":"LineString","coordinates":[[76.9397771,43.237984],[76.9390714,43.2379368],[76.9386132,43.237904],[76.9385347,43.2378992],[76.9384267,43.2378927]]},"properties":{"osm_id":1361117795,"osm_type":"way","name":"улица Сатпаева","address":"","source":"OpenStreetMap","source_url":"https://www.openstreetmap.org/way/1361117795","highway":"secondary","oneway":"no","lanes":"5","maxspeed":"RU:urban"}},{"type":"Feature","id":"way/229862353","geometry":{"type":"LineString","coordinates":[[76.9378697,43.2416868],[76.9380605,43.2417003],[76.9383613,43.2417217]]},"properties":{"osm_id":229862353,"osm_type":"way","name":"проспект Абая","address":"","source":"OpenStreetMap","source_url":"https://www.openstreetmap.org/way/229862353","highway":"secondary","oneway":"yes","lanes":"4","maxspeed":"60"}},{"type":"Feature","id":"way/912374364","geometry":{"type":"LineString","coordinates":[[76.935791,43.2438788],[76.9358847,43.2438854],[76.9366498,43.2439391],[76.9369482,43.24396],[76.9373653,43.2439892],[76.937429,43.2439937],[76.9376126,43.2440066],[76.9376828,43.2440114],[76.9377044,43.2440129],[76.9378503,43.244023],[76.9390722,43.2441078],[76.9391579,43.2441137],[76.9393576,43.2441274]]},"properties":{"osm_id":912374364,"osm_type":"way","name":"улица Курмангазы","address":"","source":"OpenStreetMap","source_url":"https://www.openstreetmap.org/way/912374364","highway":"tertiary","oneway":"yes","lanes":"4","maxspeed":""}},{"type":"Feature","id":"way/691339338","geometry":{"type":"LineString","coordinates":[[76.9406177,43.2476818],[76.9404959,43.2476714],[76.940154,43.2476426],[76.9393527,43.2475771],[76.9389008,43.2475343],[76.9385372,43.2475127],[76.9373439,43.2474159],[76.937197,43.2474078]]},"properties":{"osm_id":691339338,"osm_type":"way","name":"улица Жамбыла","address":"","source":"OpenStreetMap","source_url":"https://www.openstreetmap.org/way/691339338","highway":"residential","oneway":"","lanes":"","maxspeed":"60"}},{"type":"Feature","id":"way/123433640","geometry":{"type":"LineString","coordinates":[[76.9369213,43.2508158],[76.9385024,43.2509337],[76.9399935,43.251027],[76.9401068,43.2510406]]},"properties":{"osm_id":123433640,"osm_type":"way","name":"улица Карасай Батыра","address":"","source":"OpenStreetMap","source_url":"https://www.openstreetmap.org/way/123433640","highway":"pedestrian","oneway":"","lanes":"","maxspeed":""}},{"type":"Feature","id":"way/912358838","geometry":{"type":"LineString","coordinates":[[76.9399748,43.2527464],[76.9398801,43.2527399],[76.939221,43.2526944],[76.9386465,43.2526547],[76.9386157,43.2526526],[76.9384288,43.2526397],[76.9383701,43.2526357],[76.9382691,43.2526287],[76.9374966,43.2525755],[76.9369163,43.2525355],[76.9367588,43.2525247],[76.936711,43.2525214],[76.9365357,43.2525094]]},"properties":{"osm_id":912358838,"osm_type":"way","name":"улица Богенбай Батыра","address":"","source":"OpenStreetMap","source_url":"https://www.openstreetmap.org/way/912358838","highway":"tertiary","oneway":"yes","lanes":"3","maxspeed":""}},{"type":"Feature","id":"way/1342321804","geometry":{"type":"LineString","coordinates":[[76.9415314,43.2545928],[76.9412961,43.254588],[76.9412645,43.2545857],[76.940723,43.2545457],[76.9399853,43.2544911],[76.9398967,43.2544846],[76.9397619,43.2544755],[76.9396085,43.2544627],[76.9395606,43.2544589],[76.9382599,43.2543534],[76.9382135,43.2543497],[76.938173,43.2543464],[76.9381239,43.2543425],[76.9379037,43.2543256],[76.937396,43.2542925],[76.9368661,43.254258],[76.9365841,43.2542393],[76.9365027,43.2542339],[76.9362995,43.254223],[76.936133,43.2542071],[76.9360697,43.2542033],[76.935024,43.2541409],[76.934728,43.2541233]]},"properties":{"osm_id":1342321804,"osm_type":"way","name":"улица Толе би","address":"","source":"OpenStreetMap","source_url":"https://www.openstreetmap.org/way/1342321804","highway":"secondary","oneway":"yes","lanes":"1","maxspeed":""}},{"type":"Feature","id":"way/1233264325","geometry":{"type":"LineString","coordinates":[[76.9391317,43.2595254],[76.9391251,43.2596006],[76.9390831,43.2599393],[76.9390694,43.2600499],[76.938899,43.2614241],[76.9388873,43.2615029],[76.9388759,43.2616031],[76.9388673,43.2616844],[76.938836,43.2619318],[76.938823,43.2620367],[76.9387966,43.2622497],[76.9387568,43.2625754],[76.9387442,43.2626788],[76.9386957,43.2630755],[76.9386631,43.2633312],[76.9386488,43.2634437],[76.9386436,43.2634835],[76.938632,43.2635507]]},"properties":{"osm_id":1233264325,"osm_type":"way","name":"улица Желтоксан","address":"","source":"OpenStreetMap","source_url":"https://www.openstreetmap.org/way/1233264325","highway":"secondary","oneway":"yes","lanes":"5","maxspeed":"RU:urban"}},{"type":"Feature","id":"way/1433804585","geometry":{"type":"LineString","coordinates":[[76.9438909,43.2327424],[76.9438821,43.232818],[76.943794,43.2334192]]},"properties":{"osm_id":1433804585,"osm_type":"way","name":"улица Юрия Померанцева","address":"","source":"OpenStreetMap","source_url":"https://www.openstreetmap.org/way/1433804585","highway":"tertiary","oneway":"no","lanes":"3","maxspeed":"40"}},{"type":"Feature","id":"way/233432897","geometry":{"type":"LineString","coordinates":[[76.9418195,43.2370416],[76.9418282,43.236978],[76.9419411,43.2360643],[76.941976,43.2357804],[76.9420002,43.2354391],[76.9419973,43.2353932],[76.9419643,43.2353521],[76.9419123,43.2353194],[76.9418374,43.2352999]]},"properties":{"osm_id":233432897,"osm_type":"way","name":"улица Желтоксан","address":"","source":"OpenStreetMap","source_url":"https://www.openstreetmap.org/way/233432897","highway":"tertiary","oneway":"yes","lanes":"2","maxspeed":"RU:urban"}},{"type":"Feature","id":"way/1409697570","geometry":{"type":"LineString","coordinates":[[76.9416587,43.2381003],[76.9414463,43.2380847],[76.9407546,43.2380448]]},"properties":{"osm_id":1409697570,"osm_type":"way","name":"улица Сатпаева","address":"","source":"OpenStreetMap","source_url":"https://www.openstreetmap.org/way/1409697570","highway":"secondary","oneway":"no","lanes":"5","maxspeed":"RU:urban"}},{"type":"Feature","id":"way/232472316","geometry":{"type":"LineString","coordinates":[[76.9418728,43.2381138],[76.9418838,43.2382826],[76.9417797,43.2391998],[76.9417454,43.2394865],[76.9416832,43.2399163],[76.9416166,43.2403766],[76.9415255,43.2411043],[76.9414423,43.2417209],[76.9414366,43.2417698],[76.9414312,43.241803],[76.9414088,43.2419263]]},"properties":{"osm_id":232472316,"osm_type":"way","name":"улица Желтоксан","address":"","source":"OpenStreetMap","source_url":"https://www.openstreetmap.org/way/232472316","highway":"secondary","oneway":"yes","lanes":"3","maxspeed":"RU:urban"}},{"type":"Feature","id":"way/1355884276","geometry":{"type":"LineString","coordinates":[[76.9430979,43.2421873],[76.9416697,43.2420915],[76.9415199,43.2420814],[76.9413355,43.2420696]]},"properties":{"osm_id":1355884276,"osm_type":"way","name":"проспект Абая","address":"","source":"OpenStreetMap","source_url":"https://www.openstreetmap.org/way/1355884276","highway":"secondary","oneway":"yes","lanes":"4","maxspeed":"60"}},{"type":"Feature","id":"way/912368454","geometry":{"type":"LineString","coordinates":[[76.9425628,43.2460975],[76.9425476,43.2462185],[76.9424819,43.2467425],[76.9424543,43.2469685],[76.942361,43.2476957],[76.9423504,43.2477999]]},"properties":{"osm_id":912368454,"osm_type":"way","name":"проспект Абылай Хана","address":"","source":"OpenStreetMap","source_url":"https://www.openstreetmap.org/way/912368454","highway":"tertiary","oneway":"","lanes":"4","maxspeed":""}},{"type":"Feature","id":"way/1232988763","geometry":{"type":"LineString","coordinates":[[76.9404041,43.2493421],[76.9403905,43.2494477],[76.9403323,43.2499002],[76.9402986,43.2501619],[76.9402067,43.2508761]]},"properties":{"osm_id":1232988763,"osm_type":"way","name":"улица Желтоксан","address":"","source":"OpenStreetMap","source_url":"https://www.openstreetmap.org/way/1232988763","highway":"secondary","oneway":"yes","lanes":"5","maxspeed":"RU:urban"}},{"type":"Feature","id":"way/912358839","geometry":{"type":"LineString","coordinates":[[76.9417587,43.2528705],[76.9417424,43.253014],[76.9415955,43.2541222],[76.9415466,43.2544699],[76.9415314,43.2545928]]},"properties":{"osm_id":912358839,"osm_type":"way","name":"проспект Абылай Хана","address":"","source":"OpenStreetMap","source_url":"https://www.openstreetmap.org/way/912358839","highway":"tertiary","oneway":"no","lanes":"4","maxspeed":""}},{"type":"Feature","id":"way/912357111","geometry":{"type":"LineString","coordinates":[[76.9415314,43.2545928],[76.9416704,43.2546065],[76.9417662,43.2546152]]},"properties":{"osm_id":912357111,"osm_type":"way","name":"улица Толе би","address":"","source":"OpenStreetMap","source_url":"https://www.openstreetmap.org/way/912357111","highway":"secondary","oneway":"","lanes":"4","maxspeed":""}},{"type":"Feature","id":"way/912325188","geometry":{"type":"LineString","coordinates":[[76.9408506,43.259716],[76.9407527,43.2604861],[76.9407093,43.2608277],[76.9405925,43.2616895]]},"properties":{"osm_id":912325188,"osm_type":"way","name":"проспект Абылай Хана","address":"","source":"OpenStreetMap","source_url":"https://www.openstreetmap.org/way/912325188","highway":"tertiary","oneway":"","lanes":"4","maxspeed":""}},{"type":"Feature","id":"way/1391188974","geometry":{"type":"LineString","coordinates":[[76.9474919,43.2328187],[76.9473807,43.2328096],[76.9468623,43.2327674],[76.9463997,43.2327298],[76.9459261,43.2326912],[76.945509,43.2326573],[76.9450589,43.2326206],[76.9440669,43.2325399],[76.9439917,43.2325338],[76.9439145,43.2325275]]},"properties":{"osm_id":1391188974,"osm_type":"way","name":"улица Ганди","address":"","source":"OpenStreetMap","source_url":"https://www.openstreetmap.org/way/1391188974","highway":"tertiary","oneway":"yes","lanes":"2","maxspeed":""}},{"type":"Feature","id":"way/1456890254","geometry":{"type":"LineString","coordinates":[[76.944943,43.2355434],[76.9451663,43.2357273],[76.9452718,43.2358216],[76.9453368,43.2358262],[76.9455087,43.2358386],[76.9460693,43.235879],[76.9462397,43.2358913],[76.9463198,43.2358971],[76.9464562,43.2358277],[76.9467095,43.2356859]]},"properties":{"osm_id":1456890254,"osm_type":"way","name":"","address":"","source":"OpenStreetMap","source_url":"https://www.openstreetmap.org/way/1456890254","highway":"service","oneway":"","lanes":"","maxspeed":""}},{"type":"Feature","id":"way/1457790029","geometry":{"type":"LineString","coordinates":[[76.94662,43.2386769],[76.9465205,43.2386765],[76.9465307,43.2385873],[76.9464595,43.238497],[76.9464546,43.2384733],[76.9464625,43.2384237],[76.9465879,43.2384389],[76.9466415,43.2384487],[76.9472187,43.238537],[76.9474847,43.2385792],[76.9477562,43.2386246],[76.9480619,43.238673],[76.9482722,43.2387066],[76.9485093,43.2387606],[76.9484436,43.2387852],[76.9483903,43.2388051],[76.94662,43.2386769]]},"properties":{"osm_id":1457790029,"osm_type":"way","name":"","address":"","source":"OpenStreetMap","source_url":"https://www.openstreetmap.org/way/1457790029","highway":"pedestrian","oneway":"","lanes":"","maxspeed":""}},{"type":"Feature","id":"way/207895701","geometry":{"type":"LineString","coordinates":[[76.9455334,43.2394757],[76.945525,43.2395173],[76.945492,43.2397661],[76.9454132,43.2403573],[76.94533,43.2409842],[76.9453053,43.2411922],[76.9450421,43.2413257]]},"properties":{"osm_id":207895701,"osm_type":"way","name":"улица Байсеитовой","address":"","source":"OpenStreetMap","source_url":"https://www.openstreetmap.org/way/207895701","highway":"residential","oneway":"yes","lanes":"1","maxspeed":"20"}},{"type":"Feature","id":"way/258025929","geometry":{"type":"LineString","coordinates":[[76.9449367,43.2421729],[76.9449948,43.2421769],[76.9457529,43.2422294],[76.9457937,43.2422322],[76.9458702,43.2422378],[76.9465659,43.2422884],[76.9473126,43.2423399],[76.9479369,43.2423829],[76.9481535,43.2423978],[76.9483395,43.2424111]]},"properties":{"osm_id":258025929,"osm_type":"way","name":"проспект Абая","address":"","source":"OpenStreetMap","source_url":"https://www.openstreetmap.org/way/258025929","highway":"secondary","oneway":"yes","lanes":"4","maxspeed":"60"}},{"type":"Feature","id":"way/26540251","geometry":{"type":"LineString","coordinates":[[76.9478153,43.2464746],[76.9478225,43.2464188],[76.9478324,43.2463428],[76.9478402,43.2462819],[76.9478696,43.2460549]]},"properties":{"osm_id":26540251,"osm_type":"way","name":"проспект Назарбаева","address":"","source":"OpenStreetMap","source_url":"https://www.openstreetmap.org/way/26540251","highway":"secondary","oneway":"","lanes":"4","maxspeed":""}},{"type":"Feature","id":"way/911115753","geometry":{"type":"LineString","coordinates":[[76.9472869,43.2505925],[76.9472988,43.2505055],[76.9473599,43.2500597],[76.9473696,43.2499888],[76.9473846,43.2498794]]},"properties":{"osm_id":911115753,"osm_type":"way","name":"проспект Назарбаева","address":"","source":"OpenStreetMap","source_url":"https://www.openstreetmap.org/way/911115753","highway":"secondary","oneway":"","lanes":"4","maxspeed":""}},{"type":"Feature","id":"way/911116137","geometry":{"type":"LineString","coordinates":[[76.9471592,43.251524],[76.9472045,43.2511938],[76.9472332,43.2509843]]},"properties":{"osm_id":911116137,"osm_type":"way","name":"проспект Назарбаева","address":"","source":"OpenStreetMap","source_url":"https://www.openstreetmap.org/way/911116137","highway":"secondary","oneway":"","lanes":"4","maxspeed":""}},{"type":"Feature","id":"way/257724787","geometry":{"type":"LineString","coordinates":[[76.9467211,43.2549864],[76.9467394,43.2548345],[76.9468192,43.2541711],[76.9468312,43.2540713]]},"properties":{"osm_id":257724787,"osm_type":"way","name":"проспект Назарбаева","address":"","source":"OpenStreetMap","source_url":"https://www.openstreetmap.org/way/257724787","highway":"secondary","oneway":"","lanes":"4","maxspeed":""}},{"type":"Feature","id":"way/74532945","geometry":{"type":"LineString","coordinates":[[76.946283,43.2583179],[76.9462984,43.2581796],[76.9463912,43.2573434],[76.9464579,43.2567422],[76.9464711,43.2566237]]},"properties":{"osm_id":74532945,"osm_type":"way","name":"проспект Назарбаева","address":"","source":"OpenStreetMap","source_url":"https://www.openstreetmap.org/way/74532945","highway":"secondary","oneway":"","lanes":"4","maxspeed":""}},{"type":"Feature","id":"way/171895232","geometry":{"type":"LineString","coordinates":[[76.9499393,43.2303313],[76.9500715,43.2293189]]},"properties":{"osm_id":171895232,"osm_type":"way","name":"проспект Назарбаева","address":"","source":"OpenStreetMap","source_url":"https://www.openstreetmap.org/way/171895232","highway":"secondary","oneway":"","lanes":"4","maxspeed":""}},{"type":"Feature","id":"way/255773556","geometry":{"type":"LineString","coordinates":[[76.94953,43.2332457],[76.9495649,43.2329847]]},"properties":{"osm_id":255773556,"osm_type":"way","name":"проспект Назарбаева","address":"","source":"OpenStreetMap","source_url":"https://www.openstreetmap.org/way/255773556","highway":"secondary","oneway":"","lanes":"4","maxspeed":""}},{"type":"Feature","id":"way/207895714","geometry":{"type":"LineString","coordinates":[[76.950052,43.2388964],[76.9494646,43.2389418],[76.9493295,43.2389371],[76.9491818,43.2389351],[76.9490879,43.2389365],[76.9490045,43.2389487],[76.9489655,43.2389612],[76.9489225,43.2389784],[76.9488924,43.2389933],[76.9488327,43.2390302],[76.9487767,43.2390692]]},"properties":{"osm_id":207895714,"osm_type":"way","name":"","address":"","source":"OpenStreetMap","source_url":"https://www.openstreetmap.org/way/207895714","highway":"secondary_link","oneway":"yes","lanes":"1","maxspeed":"RU:urban"}},{"type":"Feature","id":"way/236481181","geometry":{"type":"LineString","coordinates":[[76.9487499,43.2392773],[76.9487559,43.2392308]]},"properties":{"osm_id":236481181,"osm_type":"way","name":"проспект Назарбаева","address":"","source":"OpenStreetMap","source_url":"https://www.openstreetmap.org/way/236481181","highway":"secondary","oneway":"","lanes":"4","maxspeed":""}},{"type":"Feature","id":"way/171895222","geometry":{"type":"LineString","coordinates":[[76.9483395,43.2424111],[76.9485334,43.2424246],[76.9505823,43.2425644],[76.9508219,43.2425807]]},"properties":{"osm_id":171895222,"osm_type":"way","name":"проспект Абая","address":"","source":"OpenStreetMap","source_url":"https://www.openstreetmap.org/way/171895222","highway":"secondary","oneway":"yes","lanes":"4","maxspeed":"60"}},{"type":"Feature","id":"way/369599915","geometry":{"type":"LineString","coordinates":[[76.9512553,43.2467213],[76.9511407,43.2467131],[76.9511221,43.2467118],[76.949726,43.2466116],[76.9496318,43.2466049],[76.9495595,43.2465997],[76.9494693,43.2465932],[76.9479948,43.2464874],[76.9478153,43.2464746]]},"properties":{"osm_id":369599915,"osm_type":"way","name":"улица Шевченко","address":"","source":"OpenStreetMap","source_url":"https://www.openstreetmap.org/way/369599915","highway":"tertiary","oneway":"yes","lanes":"4","maxspeed":"40"}},{"type":"Feature","id":"way/920729948","geometry":{"type":"LineString","coordinates":[[76.9508411,43.2501122],[76.9508242,43.2502513],[76.9507581,43.2507368],[76.9507387,43.2508864],[76.9506958,43.2512166]]},"properties":{"osm_id":920729948,"osm_type":"way","name":"улица Кунаева","address":"","source":"OpenStreetMap","source_url":"https://www.openstreetmap.org/way/920729948","highway":"tertiary","oneway":"","lanes":"","maxspeed":""}},{"type":"Feature","id":"way/920723141","geometry":{"type":"LineString","coordinates":[[76.950396,43.2534866],[76.9502299,43.2534741],[76.9497678,43.2534392]]},"properties":{"osm_id":920723141,"osm_type":"way","name":"улица Богенбай батыра","address":"","source":"OpenStreetMap","source_url":"https://www.openstreetmap.org/way/920723141","highway":"tertiary","oneway":"yes","lanes":"3","maxspeed":""}},{"type":"Feature","id":"way/920722761","geometry":{"type":"LineString","coordinates":[[76.9501934,43.2552088],[76.9503017,43.2552157],[76.9507805,43.2552457]]},"properties":{"osm_id":920722761,"osm_type":"way","name":"улица Толе би","address":"","source":"OpenStreetMap","source_url":"https://www.openstreetmap.org/way/920722761","highway":"secondary","oneway":"","lanes":"4","maxspeed":""}},{"type":"Feature","id":"way/540136820","geometry":{"type":"LineString","coordinates":[[76.9499776,43.2568488],[76.9499616,43.2569873],[76.9499274,43.2572788],[76.9498932,43.2575759],[76.9498376,43.2580575],[76.9498095,43.2583008],[76.9497938,43.2584365]]},"properties":{"osm_id":540136820,"osm_type":"way","name":"улица Кунаева","address":"","source":"OpenStreetMap","source_url":"https://www.openstreetmap.org/way/540136820","highway":"tertiary","oneway":"","lanes":"4","maxspeed":""}},{"type":"Feature","id":"way/1459535936","geometry":{"type":"LineString","coordinates":[[76.9534931,43.2318106],[76.9535022,43.2317546],[76.953508,43.2317101],[76.9535393,43.2314689],[76.9535826,43.231136],[76.9535972,43.231023],[76.9536749,43.2304238],[76.953788,43.2294664],[76.953797,43.2293984],[76.9538847,43.2288025],[76.9539198,43.2285643],[76.9539213,43.2285458]]},"properties":{"osm_id":1459535936,"osm_type":"way","name":"бульвар Мендикулова","address":"","source":"OpenStreetMap","source_url":"https://www.openstreetmap.org/way/1459535936","highway":"tertiary","oneway":"no","lanes":"2","maxspeed":"40"}},{"type":"Feature","id":"way/702593086","geometry":{"type":"LineString","coordinates":[[76.9552992,43.2342152],[76.9552383,43.234211],[76.9550708,43.2341993],[76.954005,43.234125],[76.9539192,43.234119],[76.9534318,43.234085]]},"properties":{"osm_id":702593086,"osm_type":"way","name":"улица Жолдасбекова","address":"","source":"OpenStreetMap","source_url":"https://www.openstreetmap.org/way/702593086","highway":"tertiary","oneway":"","lanes":"4","maxspeed":"60"}},{"type":"Feature","id":"way/216250059","geometry":{"type":"LineString","coordinates":[[76.9530925,43.2358451],[76.9528456,43.2358225],[76.9526999,43.2359602],[76.9520154,43.2366073],[76.9517492,43.236666]]},"properties":{"osm_id":216250059,"osm_type":"way","name":"","address":"","source":"OpenStreetMap","source_url":"https://www.openstreetmap.org/way/216250059","highway":"service","oneway":"","lanes":"","maxspeed":""}},{"type":"Feature","id":"way/691218158","geometry":{"type":"LineString","coordinates":[[76.9515672,43.2389487],[76.9539303,43.2391196],[76.9540006,43.2391247],[76.9541574,43.239136]]},"properties":{"osm_id":691218158,"osm_type":"way","name":"улица Сатпаева","address":"","source":"OpenStreetMap","source_url":"https://www.openstreetmap.org/way/691218158","highway":"secondary","oneway":"yes","lanes":"3","maxspeed":"RU:urban"}},{"type":"Feature","id":"way/258025932","geometry":{"type":"LineString","coordinates":[[76.9508219,43.2425807],[76.951795,43.2426484],[76.9530371,43.2427326],[76.9535293,43.2427659],[76.9561497,43.2429231]]},"properties":{"osm_id":258025932,"osm_type":"way","name":"проспект Абая","address":"","source":"OpenStreetMap","source_url":"https://www.openstreetmap.org/way/258025932","highway":"secondary","oneway":"yes","lanes":"3","maxspeed":"60"}},{"type":"Feature","id":"way/920690085","geometry":{"type":"LineString","coordinates":[[76.954956,43.2451913],[76.9553498,43.2452161],[76.9554122,43.2452206],[76.9554911,43.2452262],[76.9555714,43.245232],[76.9558127,43.2452493],[76.9564648,43.2452978],[76.956636,43.2453216]]},"properties":{"osm_id":920690085,"osm_type":"way","name":"улица Курмангазы","address":"","source":"OpenStreetMap","source_url":"https://www.openstreetmap.org/way/920690085","highway":"tertiary","oneway":"yes","lanes":"3","maxspeed":""}},{"type":"Feature","id":"way/1240708075","geometry":{"type":"LineString","coordinates":[[76.9543037,43.2503399],[76.9550462,43.2503966],[76.9558026,43.2504602],[76.9559746,43.2504704]]},"properties":{"osm_id":1240708075,"osm_type":"way","name":"улица Кабанбай батыра","address":"","source":"OpenStreetMap","source_url":"https://www.openstreetmap.org/way/1240708075","highway":"tertiary","oneway":"yes","lanes":"5","maxspeed":""}},{"type":"Feature","id":"way/1424920393","geometry":{"type":"LineString","coordinates":[[76.9557627,43.2521512],[76.9557767,43.2520398],[76.9558094,43.2517803],[76.9558188,43.2517055],[76.9558969,43.2510865],[76.9559619,43.2505714],[76.9559746,43.2504704]]},"properties":{"osm_id":1424920393,"osm_type":"way","name":"проспект Достык","address":"","source":"OpenStreetMap","source_url":"https://www.openstreetmap.org/way/1424920393","highway":"secondary","oneway":"","lanes":"4","maxspeed":""}},{"type":"Feature","id":"way/553657158","geometry":{"type":"LineString","coordinates":[[76.9553257,43.2555516],[76.9553124,43.2556549],[76.9552704,43.255982],[76.9552612,43.2560535]]},"properties":{"osm_id":553657158,"osm_type":"way","name":"проспект Достык","address":"","source":"OpenStreetMap","source_url":"https://www.openstreetmap.org/way/553657158","highway":"secondary","oneway":"","lanes":"4","maxspeed":""}},{"type":"Feature","id":"way/911218567","geometry":{"type":"LineString","coordinates":[[76.9595937,43.2315979],[76.9596997,43.2313284],[76.9598371,43.2309791],[76.9599038,43.2308094],[76.9600355,43.2304743]]},"properties":{"osm_id":911218567,"osm_type":"way","name":"проспект Достык","address":"","source":"OpenStreetMap","source_url":"https://www.openstreetmap.org/way/911218567","highway":"secondary","oneway":"","lanes":"4","maxspeed":"40"}},{"type":"Feature","id":"way/536817572","geometry":{"type":"LineString","coordinates":[[76.9588501,43.2334972],[76.9589243,43.2333084]]},"properties":{"osm_id":536817572,"osm_type":"way","name":"проспект Достык","address":"","source":"OpenStreetMap","source_url":"https://www.openstreetmap.org/way/536817572","highway":"secondary","oneway":"","lanes":"4","maxspeed":"40"}},{"type":"Feature","id":"way/911221033","geometry":{"type":"LineString","coordinates":[[76.9577458,43.2365017],[76.957779,43.2363682],[76.9578985,43.2360097]]},"properties":{"osm_id":911221033,"osm_type":"way","name":"проспект Достык","address":"","source":"OpenStreetMap","source_url":"https://www.openstreetmap.org/way/911221033","highway":"secondary","oneway":"","lanes":"4","maxspeed":""}},{"type":"Feature","id":"way/911222968","geometry":{"type":"LineString","coordinates":[[76.9570175,43.2424414],[76.957057,43.2420856],[76.957097,43.2417253],[76.9571203,43.2415353],[76.9571448,43.2413354],[76.9571744,43.2410938],[76.9572013,43.2408739],[76.9572131,43.2407728],[76.9572757,43.2402369],[76.9573438,43.2396772],[76.9573821,43.2393668]]},"properties":{"osm_id":911222968,"osm_type":"way","name":"проспект Достык","address":"","source":"OpenStreetMap","source_url":"https://www.openstreetmap.org/way/911222968","highway":"secondary","oneway":"","lanes":"6","maxspeed":""}},{"type":"Feature","id":"way/207810531","geometry":{"type":"LineString","coordinates":[[76.9569422,43.2429761],[76.9569585,43.2428607],[76.9569687,43.2427881],[76.9570175,43.2424414]]},"properties":{"osm_id":207810531,"osm_type":"way","name":"проспект Достык","address":"","source":"OpenStreetMap","source_url":"https://www.openstreetmap.org/way/207810531","highway":"secondary","oneway":"","lanes":"6","maxspeed":""}},{"type":"Feature","id":"way/911227003","geometry":{"type":"LineString","coordinates":[[76.9564128,43.2470913],[76.9564806,43.246564],[76.9565735,43.245841]]},"properties":{"osm_id":911227003,"osm_type":"way","name":"проспект Достык","address":"","source":"OpenStreetMap","source_url":"https://www.openstreetmap.org/way/911227003","highway":"secondary","oneway":"","lanes":"4","maxspeed":""}},{"type":"Feature","id":"way/208136396","geometry":{"type":"LineString","coordinates":[[76.9598538,43.2455939],[76.9598186,43.2457692],[76.9597354,43.2461463],[76.9597059,43.2463827],[76.9596992,43.2466585],[76.9596612,43.2469965],[76.9596587,43.2471101],[76.9596492,43.2475438],[76.9596509,43.2476821],[76.9596906,43.2479017],[76.9597408,43.2481215],[76.959777,43.2483327],[76.9598108,43.2486935],[76.95984,43.2492],[76.9598377,43.249344],[76.9598296,43.2494855],[76.9597608,43.2497585],[76.9596315,43.2502447],[76.9595316,43.2505735],[76.9594468,43.2507156]]},"properties":{"osm_id":208136396,"osm_type":"way","name":"улица Кармысова","address":"","source":"OpenStreetMap","source_url":"https://www.openstreetmap.org/way/208136396","highway":"tertiary","oneway":"","lanes":"","maxspeed":""}},{"type":"Feature","id":"way/208136417","geometry":{"type":"LineString","coordinates":[[76.9594468,43.2507156],[76.9594187,43.2508157],[76.9592612,43.2513763],[76.9592129,43.2516697],[76.9591885,43.2519141],[76.9591489,43.2522614],[76.9591353,43.2523809],[76.9591261,43.252462],[76.9590866,43.2527592],[76.9590525,43.2530155],[76.9590174,43.2532799],[76.9589551,43.2537486],[76.9589271,43.2539593],[76.958924,43.2539827],[76.9589098,43.2540898]]},"properties":{"osm_id":208136417,"osm_type":"way","name":"улица Калдаякова","address":"","source":"OpenStreetMap","source_url":"https://www.openstreetmap.org/way/208136417","highway":"tertiary","oneway":"","lanes":"","maxspeed":""}},{"type":"Feature","id":"way/496426098","geometry":{"type":"LineString","coordinates":[[76.9565638,43.2556359],[76.9570211,43.2556632],[76.9571633,43.2556703],[76.957571,43.2556966]]},"properties":{"osm_id":496426098,"osm_type":"way","name":"улица Толе би","address":"","source":"OpenStreetMap","source_url":"https://www.openstreetmap.org/way/496426098","highway":"secondary","oneway":"","lanes":"4","maxspeed":""}},{"type":"Feature","id":"way/384959689","geometry":{"type":"LineString","coordinates":[[76.9584598,43.2574383],[76.9584466,43.2575472],[76.9583638,43.2581985],[76.9582631,43.2589954],[76.9582454,43.2591352]]},"properties":{"osm_id":384959689,"osm_type":"way","name":"улица Калдаякова","address":"","source":"OpenStreetMap","source_url":"https://www.openstreetmap.org/way/384959689","highway":"tertiary","oneway":"","lanes":"4","maxspeed":""}},{"type":"Feature","id":"way/208515007","geometry":{"type":"LineString","coordinates":[[76.921088,43.2319392],[76.9206871,43.2319048],[76.920643,43.2319003]]},"properties":{"osm_id":208515007,"osm_type":"way","name":"бульвар Бухар Жырау","address":"","source":"OpenStreetMap","source_url":"https://www.openstreetmap.org/way/208515007","highway":"tertiary","oneway":"no","lanes":"2","maxspeed":"40"}},{"type":"Feature","id":"way/652090756","geometry":{"type":"LineString","coordinates":[[76.9207577,43.2340198],[76.9207659,43.2342067],[76.9207664,43.2342178],[76.9207735,43.2343791],[76.9207782,43.2344333],[76.9207934,43.234606],[76.9207943,43.2346164],[76.9208221,43.2347431],[76.9209162,43.235019],[76.9210231,43.2353026],[76.9210487,43.2353453],[76.9210811,43.2353667],[76.9211156,43.2353819],[76.9212024,43.2354202]]},"properties":{"osm_id":652090756,"osm_type":"way","name":"Набережная Хамита Ергалиева","address":"","source":"OpenStreetMap","source_url":"https://www.openstreetmap.org/way/652090756","highway":"residential","oneway":"","lanes":"","maxspeed":""}},{"type":"Feature","id":"way/228464702","geometry":{"type":"LineString","coordinates":[[76.9223485,43.2368144],[76.9227275,43.2368384],[76.9227832,43.2368419]]},"properties":{"osm_id":228464702,"osm_type":"way","name":"улица Сатпаева","address":"","source":"OpenStreetMap","source_url":"https://www.openstreetmap.org/way/228464702","highway":"secondary","oneway":"no","lanes":"4","maxspeed":""}},{"type":"Feature","id":"way/1414763098","geometry":{"type":"LineString","coordinates":[[76.9221746,43.2407355],[76.9221567,43.2408686],[76.9221382,43.2410062],[76.9221357,43.2410438],[76.9220988,43.2412997],[76.9219961,43.242064],[76.9219615,43.2423216],[76.9218928,43.2428306]]},"properties":{"osm_id":1414763098,"osm_type":"way","name":"улица Шагабутдинова","address":"","source":"OpenStreetMap","source_url":"https://www.openstreetmap.org/way/1414763098","highway":"residential","oneway":"","lanes":"2","maxspeed":""}},{"type":"Feature","id":"way/40755923","geometry":{"type":"LineString","coordinates":[[76.9200155,43.2428433],[76.9201872,43.2428542],[76.9202902,43.2428608],[76.9217181,43.2429515],[76.9218755,43.2429617],[76.9220464,43.2429724],[76.9234597,43.2430623],[76.9235019,43.243065],[76.9236008,43.2430713],[76.9236995,43.2430776],[76.9245028,43.2431286],[76.9253623,43.2431832],[76.9269129,43.2432818],[76.9270785,43.2432923]]},"properties":{"osm_id":40755923,"osm_type":"way","name":"улица Курмангазы","address":"","source":"OpenStreetMap","source_url":"https://www.openstreetmap.org/way/40755923","highway":"tertiary","oneway":"yes","lanes":"4","maxspeed":""}},{"type":"Feature","id":"way/1414763094","geometry":{"type":"LineString","coordinates":[[76.9185977,43.2461268],[76.9186962,43.246133],[76.9187166,43.2461343],[76.9189078,43.2461464],[76.9191138,43.2461594],[76.9194404,43.2461801],[76.9195302,43.2461858],[76.919674,43.2461947],[76.9197638,43.2461999],[76.920065,43.2462174],[76.920203,43.2462254],[76.9208707,43.2462644],[76.9209041,43.2462663]]},"properties":{"osm_id":1414763094,"osm_type":"way","name":"улица Жамбыла","address":"","source":"OpenStreetMap","source_url":"https://www.openstreetmap.org/way/1414763094","highway":"tertiary","oneway":"yes","lanes":"4","maxspeed":""}},{"type":"Feature","id":"way/245951650","geometry":{"type":"LineString","coordinates":[[76.9195386,43.2479421],[76.9210945,43.2480265],[76.9212552,43.2480386],[76.9213857,43.248045],[76.9215814,43.2480547],[76.9227074,43.2481103],[76.92282,43.2481158],[76.9229619,43.2481229]]},"properties":{"osm_id":245951650,"osm_type":"way","name":"улица Кабанбай Батыра","address":"","source":"OpenStreetMap","source_url":"https://www.openstreetmap.org/way/245951650","highway":"residential","oneway":"","lanes":"","maxspeed":""}},{"type":"Feature","id":"way/27108755","geometry":{"type":"LineString","coordinates":[[76.9205173,43.2531549],[76.9204804,43.2533992]]},"properties":{"osm_id":27108755,"osm_type":"way","name":"улица Шагабутдинова","address":"","source":"OpenStreetMap","source_url":"https://www.openstreetmap.org/way/27108755","highway":"residential","oneway":"","lanes":"","maxspeed":""}},{"type":"Feature","id":"way/392624915","geometry":{"type":"LineString","coordinates":[[76.9217867,43.2566367],[76.9219142,43.2566489],[76.9222731,43.2566666],[76.9230469,43.2567095],[76.9234439,43.2567335],[76.923677,43.2567483],[76.9250947,43.2568384],[76.9251096,43.2568415],[76.9252706,43.2568748]]},"properties":{"osm_id":392624915,"osm_type":"way","name":"улица Айтеке Би","address":"","source":"OpenStreetMap","source_url":"https://www.openstreetmap.org/way/392624915","highway":"residential","oneway":"","lanes":"2","maxspeed":""}},{"type":"Feature","id":"way/848178717","geometry":{"type":"LineString","coordinates":[[76.9216787,43.2575888],[76.9215691,43.257581],[76.9210925,43.2575367],[76.9199047,43.2574264]]},"properties":{"osm_id":848178717,"osm_type":"way","name":"","address":"","source":"OpenStreetMap","source_url":"https://www.openstreetmap.org/way/848178717","highway":"service","oneway":"","lanes":"","maxspeed":""}},{"type":"Feature","id":"way/1320158819","geometry":{"type":"LineString","coordinates":[[76.9275483,43.2321969],[76.9276013,43.2321729],[76.9281613,43.2317623]]},"properties":{"osm_id":1320158819,"osm_type":"way","name":"улица Маркова","address":"","source":"OpenStreetMap","source_url":"https://www.openstreetmap.org/way/1320158819","highway":"residential","oneway":"","lanes":"","maxspeed":""}},{"type":"Feature","id":"way/1085142673","geometry":{"type":"LineString","coordinates":[[76.9248468,43.2342797],[76.9247437,43.2342073],[76.9240936,43.2337508],[76.9226981,43.2327708]]},"properties":{"osm_id":1085142673,"osm_type":"way","name":"бульвар Бухар Жырау","address":"","source":"OpenStreetMap","source_url":"https://www.openstreetmap.org/way/1085142673","highway":"tertiary","oneway":"yes","lanes":"2","maxspeed":"40"}},{"type":"Feature","id":"way/1454936590","geometry":{"type":"LineString","coordinates":[[76.9262229,43.2370664],[76.9266911,43.2370963]]},"properties":{"osm_id":1454936590,"osm_type":"way","name":"улица Сатпаева","address":"","source":"OpenStreetMap","source_url":"https://www.openstreetmap.org/way/1454936590","highway":"secondary","oneway":"no","lanes":"4","maxspeed":""}},{"type":"Feature","id":"way/228767499","geometry":{"type":"LineString","coordinates":[[76.9273772,43.2409667],[76.9273591,43.2411074]]},"properties":{"osm_id":228767499,"osm_type":"way","name":"улица Байтурсынова","address":"","source":"OpenStreetMap","source_url":"https://www.openstreetmap.org/way/228767499","highway":"secondary","oneway":"","lanes":"4","maxspeed":""}},{"type":"Feature","id":"way/346001019","geometry":{"type":"LineString","coordinates":[[76.9253623,43.2431832],[76.9253773,43.2430639],[76.9254183,43.2426916],[76.9254752,43.242175],[76.9255486,43.2415398],[76.9255544,43.2414895],[76.9255596,43.2414449]]},"properties":{"osm_id":346001019,"osm_type":"way","name":"улица Досмухамедова","address":"","source":"OpenStreetMap","source_url":"https://www.openstreetmap.org/way/346001019","highway":"residential","oneway":"","lanes":"","maxspeed":""}},{"type":"Feature","id":"way/175953575","geometry":{"type":"LineString","coordinates":[[76.9248971,43.2465318],[76.9249212,43.2463645],[76.9249697,43.2460082],[76.924983,43.2459081],[76.9250215,43.2456206],[76.925106,43.2449894],[76.9251209,43.2448784]]},"properties":{"osm_id":175953575,"osm_type":"way","name":"улица Досмухамедова","address":"","source":"OpenStreetMap","source_url":"https://www.openstreetmap.org/way/175953575","highway":"residential","oneway":"","lanes":"","maxspeed":""}},{"type":"Feature","id":"way/175953577","geometry":{"type":"LineString","coordinates":[[76.9246863,43.2481955],[76.9246252,43.2490319],[76.924594,43.249458],[76.9245837,43.2495988],[76.9245689,43.2498015],[76.9245593,43.2499395]]},"properties":{"osm_id":175953577,"osm_type":"way","name":"улица Досмухамедова","address":"","source":"OpenStreetMap","source_url":"https://www.openstreetmap.org/way/175953577","highway":"residential","oneway":"","lanes":"2","maxspeed":""}},{"type":"Feature","id":"way/1211482741","geometry":{"type":"LineString","coordinates":[[76.9257257,43.2535254],[76.9255754,43.2535078],[76.9255295,43.253505],[76.9250381,43.253475],[76.9241732,43.2534222],[76.924076,43.2534172],[76.924017,43.2534142]]},"properties":{"osm_id":1211482741,"osm_type":"way","name":"улица Толе би","address":"","source":"OpenStreetMap","source_url":"https://www.openstreetmap.org/way/1211482741","highway":"secondary","oneway":"yes","lanes":"2","maxspeed":""}},{"type":"Feature","id":"way/1304251243","geometry":{"type":"LineString","coordinates":[[76.9252706,43.2568748],[76.9254362,43.256908],[76.9255831,43.2569198],[76.9260951,43.2569584],[76.9263927,43.2569812],[76.9265052,43.2569898],[76.9282766,43.2571067],[76.9287928,43.2571408]]},"properties":{"osm_id":1304251243,"osm_type":"way","name":"улица Айтеке Би","address":"","source":"OpenStreetMap","source_url":"https://www.openstreetmap.org/way/1304251243","highway":"residential","oneway":"","lanes":"2","maxspeed":""}},{"type":"Feature","id":"way/693651837","geometry":{"type":"LineString","coordinates":[[76.9252102,43.2573089],[76.9246726,43.2572746],[76.9241785,43.2572405],[76.9238904,43.2572206],[76.9238379,43.2575718],[76.9234154,43.2575416]]},"properties":{"osm_id":693651837,"osm_type":"way","name":"","address":"","source":"OpenStreetMap","source_url":"https://www.openstreetmap.org/way/693651837","highway":"service","oneway":"","lanes":"","maxspeed":""}},{"type":"Feature","id":"way/490727026","geometry":{"type":"LineString","coordinates":[[76.9303868,43.2326226],[76.9298689,43.2322708]]},"properties":{"osm_id":490727026,"osm_type":"way","name":"улица Огородная","address":"","source":"OpenStreetMap","source_url":"https://www.openstreetmap.org/way/490727026","highway":"residential","oneway":"","lanes":"","maxspeed":""}},{"type":"Feature","id":"way/1506978044","geometry":{"type":"LineString","coordinates":[[76.9330761,43.2323787],[76.9325589,43.2327699],[76.9320218,43.2331762],[76.9318721,43.2332887],[76.9315659,43.2335179],[76.9312302,43.2337693],[76.9311146,43.2338582],[76.9310444,43.2339111],[76.9308144,43.2340874],[76.9304571,43.2343613],[76.9302244,43.2345396],[76.929762,43.234894],[76.9296354,43.234991],[76.9289744,43.2354972],[76.9287292,43.235685]]},"properties":{"osm_id":1506978044,"osm_type":"way","name":"улица Байтурсынова","address":"","source":"OpenStreetMap","source_url":"https://www.openstreetmap.org/way/1506978044","highway":"tertiary","oneway":"","lanes":"","maxspeed":""}},{"type":"Feature","id":"way/1409697571","geometry":{"type":"LineString","coordinates":[[76.9314068,43.2374225],[76.9315099,43.2374292],[76.9316032,43.2374349],[76.9316369,43.237437],[76.9317031,43.237442]]},"properties":{"osm_id":1409697571,"osm_type":"way","name":"улица Сатпаева","address":"","source":"OpenStreetMap","source_url":"https://www.openstreetmap.org/way/1409697571","highway":"secondary","oneway":"no","lanes":"5","maxspeed":"RU:urban"}},{"type":"Feature","id":"way/672134016","geometry":{"type":"LineString","coordinates":[[76.9308451,43.2414457],[76.9307738,43.2413397]]},"properties":{"osm_id":672134016,"osm_type":"way","name":"улица Масанчи","address":"","source":"OpenStreetMap","source_url":"https://www.openstreetmap.org/way/672134016","highway":"tertiary","oneway":"yes","lanes":"","maxspeed":""}},{"type":"Feature","id":"way/1558504145","geometry":{"type":"LineString","coordinates":[[76.9305709,43.243508],[76.930556,43.2436116],[76.9304144,43.2446995],[76.9303612,43.2451084],[76.9303432,43.2452463]]},"properties":{"osm_id":1558504145,"osm_type":"way","name":"улица Масанчи","address":"","source":"OpenStreetMap","source_url":"https://www.openstreetmap.org/way/1558504145","highway":"tertiary","oneway":"","lanes":"","maxspeed":""}},{"type":"Feature","id":"way/611632070","geometry":{"type":"LineString","coordinates":[[76.9301205,43.2469091],[76.930232,43.2469168],[76.9308802,43.2469572],[76.9320489,43.2470431],[76.9326519,43.2470832],[76.9330222,43.2471078],[76.9333773,43.2471311],[76.933443,43.2471354]]},"properties":{"osm_id":611632070,"osm_type":"way","name":"улица Жамбыла","address":"","source":"OpenStreetMap","source_url":"https://www.openstreetmap.org/way/611632070","highway":"residential","oneway":"","lanes":"4","maxspeed":""}},{"type":"Feature","id":"way/189199969","geometry":{"type":"LineString","coordinates":[[76.9322379,43.2454006],[76.9322277,43.245489],[76.9321414,43.2462395],[76.9321121,43.2464939],[76.9320676,43.2468807],[76.9320577,43.2469669],[76.9320489,43.2470431],[76.9320362,43.2471351],[76.9320163,43.2472799],[76.9319895,43.2474749],[76.931842,43.2485482],[76.9318264,43.248624],[76.9318195,43.2486892],[76.9317993,43.2488084],[76.9317933,43.2488439],[76.9317561,43.2491443],[76.9316606,43.2499159],[76.9316311,43.2502759],[76.9316249,43.2503397],[76.9316176,43.2504156]]},"properties":{"osm_id":189199969,"osm_type":"way","name":"улица Амангельды","address":"","source":"OpenStreetMap","source_url":"https://www.openstreetmap.org/way/189199969","highway":"residential","oneway":"","lanes":"2","maxspeed":"45"}},{"type":"Feature","id":"way/663149776","geometry":{"type":"LineString","coordinates":[[76.9294434,43.2520209],[76.929455,43.2519293],[76.9294899,43.2516538],[76.9294942,43.2516199],[76.9295101,43.2514944],[76.9295416,43.2512613],[76.9296686,43.2503224],[76.929673,43.2502892]]},"properties":{"osm_id":663149776,"osm_type":"way","name":"улица Масанчи","address":"","source":"OpenStreetMap","source_url":"https://www.openstreetmap.org/way/663149776","highway":"tertiary","oneway":"yes","lanes":"2","maxspeed":""}},{"type":"Feature","id":"way/1169906834","geometry":{"type":"LineString","coordinates":[[76.930683,43.2572482],[76.9307675,43.2567342],[76.9309607,43.2565917],[76.9310802,43.2565714]]},"properties":{"osm_id":1169906834,"osm_type":"way","name":"","address":"","source":"OpenStreetMap","source_url":"https://www.openstreetmap.org/way/1169906834","highway":"service","oneway":"","lanes":"","maxspeed":""}},{"type":"Feature","id":"way/26642653","geometry":{"type":"LineString","coordinates":[[76.9299675,43.2629227],[76.9299845,43.2627772],[76.9299951,43.2626865],[76.9300238,43.2624405],[76.9300526,43.2621946],[76.9301064,43.2617339],[76.9301867,43.2610466],[76.9301965,43.2609626],[76.9304132,43.2590429],[76.9304279,43.2589108]]},"properties":{"osm_id":26642653,"osm_type":"way","name":"улица Амангельды","address":"","source":"OpenStreetMap","source_url":"https://www.openstreetmap.org/way/26642653","highway":"residential","oneway":"","lanes":"","maxspeed":""}},{"type":"Feature","id":"way/228767507","geometry":{"type":"LineString","coordinates":[[76.9342194,43.2312387],[76.9339831,43.231141],[76.9338641,43.2310707],[76.933726,43.230951]]},"properties":{"osm_id":228767507,"osm_type":"way","name":"улица Тимирязева","address":"","source":"OpenStreetMap","source_url":"https://www.openstreetmap.org/way/228767507","highway":"tertiary","oneway":"yes","lanes":"1","maxspeed":"RU:urban"}},{"type":"Feature","id":"way/334057433","geometry":{"type":"LineString","coordinates":[[76.9361705,43.2353956],[76.9360196,43.2352766],[76.9359889,43.2352519],[76.9359568,43.2352284],[76.9357108,43.235048],[76.9356981,43.235038],[76.9353649,43.2347764]]},"properties":{"osm_id":334057433,"osm_type":"way","name":"улица Никитина","address":"","source":"OpenStreetMap","source_url":"https://www.openstreetmap.org/way/334057433","highway":"residential","oneway":"yes","lanes":"1","maxspeed":""}},{"type":"Feature","id":"way/539985272","geometry":{"type":"LineString","coordinates":[[76.9354108,43.237325],[76.9352825,43.2375423],[76.9352027,43.2376707]]},"properties":{"osm_id":539985272,"osm_type":"way","name":"проспект Сейфуллина","address":"","source":"OpenStreetMap","source_url":"https://www.openstreetmap.org/way/539985272","highway":"secondary","oneway":"yes","lanes":"4","maxspeed":""}},{"type":"Feature","id":"way/1347340114","geometry":{"type":"LineString","coordinates":[[76.9343545,43.241655],[76.9343593,43.2415984],[76.9343758,43.2414452]]},"properties":{"osm_id":1347340114,"osm_type":"way","name":"проспект Сейфуллина","address":"","source":"OpenStreetMap","source_url":"https://www.openstreetmap.org/way/1347340114","highway":"secondary","oneway":"no","lanes":"5","maxspeed":""}},{"type":"Feature","id":"way/1347340118","geometry":{"type":"LineString","coordinates":[[76.9342744,43.242397],[76.9342491,43.2426317]]},"properties":{"osm_id":1347340118,"osm_type":"way","name":"проспект Сейфуллина","address":"","source":"OpenStreetMap","source_url":"https://www.openstreetmap.org/way/1347340118","highway":"secondary","oneway":"no","lanes":"5","maxspeed":""}},{"type":"Feature","id":"way/1347340104","geometry":{"type":"LineString","coordinates":[[76.9338872,43.2455181],[76.9338746,43.245625],[76.9338252,43.2460432]]},"properties":{"osm_id":1347340104,"osm_type":"way","name":"проспект Сейфуллина","address":"","source":"OpenStreetMap","source_url":"https://www.openstreetmap.org/way/1347340104","highway":"secondary","oneway":"","lanes":"4","maxspeed":""}},{"type":"Feature","id":"way/1185785532","geometry":{"type":"LineString","coordinates":[[76.9334951,43.2488197],[76.9336567,43.2488326],[76.9340133,43.2488587],[76.9340608,43.2488622],[76.9343504,43.2488839],[76.9348695,43.2489229],[76.9352804,43.2489542],[76.9353211,43.2489572],[76.9354388,43.2489657],[76.936313,43.2490324],[76.9367529,43.249066],[76.936822,43.2490713],[76.9369815,43.2490815]]},"properties":{"osm_id":1185785532,"osm_type":"way","name":"улица Кабанбай Батыра","address":"","source":"OpenStreetMap","source_url":"https://www.openstreetmap.org/way/1185785532","highway":"tertiary","oneway":"yes","lanes":"4","maxspeed":""}},{"type":"Feature","id":"way/1449304898","geometry":{"type":"LineString","coordinates":[[76.9329499,43.2533236],[76.9329115,43.2536194],[76.9328975,43.2537271]]},"properties":{"osm_id":1449304898,"osm_type":"way","name":"проспект Сейфуллина","address":"","source":"OpenStreetMap","source_url":"https://www.openstreetmap.org/way/1449304898","highway":"secondary","oneway":"","lanes":"6","maxspeed":""}},{"type":"Feature","id":"way/1342321803","geometry":{"type":"LineString","coordinates":[[76.934728,43.2541233],[76.9346593,43.254119],[76.9345969,43.2541151]]},"properties":{"osm_id":1342321803,"osm_type":"way","name":"улица Толе би","address":"","source":"OpenStreetMap","source_url":"https://www.openstreetmap.org/way/1342321803","highway":"secondary","oneway":"yes","lanes":"2","maxspeed":""}},{"type":"Feature","id":"way/1435893867","geometry":{"type":"LineString","coordinates":[[76.9324594,43.2570613],[76.9324336,43.2572514],[76.9324187,43.2573634],[76.9324016,43.2574914],[76.93225,43.2585914],[76.9322084,43.2588929],[76.9321903,43.2590277]]},"properties":{"osm_id":1435893867,"osm_type":"way","name":"проспект Сейфуллина","address":"","source":"OpenStreetMap","source_url":"https://www.openstreetmap.org/way/1435893867","highway":"secondary","oneway":"","lanes":"6","maxspeed":""}},{"type":"Feature","id":"way/446405100","geometry":{"type":"LineString","coordinates":[[76.9374372,43.2302173],[76.9375428,43.2296687],[76.9376474,43.2290542],[76.937658,43.2289918],[76.9376812,43.2288558]]},"properties":{"osm_id":446405100,"osm_type":"way","name":"проспект Сейфуллина","address":"","source":"OpenStreetMap","source_url":"https://www.openstreetmap.org/way/446405100","highway":"secondary","oneway":"yes","lanes":"3","maxspeed":""}},{"type":"Feature","id":"way/693656426","geometry":{"type":"LineString","coordinates":[[76.9359129,43.2360422],[76.9361705,43.2353956]]},"properties":{"osm_id":693656426,"osm_type":"way","name":"проспект Сейфуллина","address":"","source":"OpenStreetMap","source_url":"https://www.openstreetmap.org/way/693656426","highway":"secondary","oneway":"yes","lanes":"3","maxspeed":""}},{"type":"Feature","id":"way/1533842999","geometry":{"type":"LineString","coordinates":[[76.9384267,43.2378927],[76.9382648,43.2378828],[76.9373287,43.2378169]]},"properties":{"osm_id":1533842999,"osm_type":"way","name":"улица Сатпаева","address":"","source":"OpenStreetMap","source_url":"https://www.openstreetmap.org/way/1533842999","highway":"secondary","oneway":"no","lanes":"5","maxspeed":"RU:urban"}},{"type":"Feature","id":"way/257724951","geometry":{"type":"LineString","coordinates":[[76.9413355,43.2420696],[76.9409544,43.2420414],[76.9400786,43.2419798],[76.9396307,43.2419483],[76.9381587,43.2418533],[76.9380465,43.2418461],[76.9378671,43.2418345]]},"properties":{"osm_id":257724951,"osm_type":"way","name":"проспект Абая","address":"","source":"OpenStreetMap","source_url":"https://www.openstreetmap.org/way/257724951","highway":"secondary","oneway":"yes","lanes":"4","maxspeed":"60"}},{"type":"Feature","id":"way/53275456","geometry":{"type":"LineString","coordinates":[[76.9396307,43.2419483],[76.9396134,43.242068],[76.9396047,43.2421377],[76.9396009,43.242169],[76.9395788,43.2423465],[76.939547,43.2425873],[76.9395408,43.2426338],[76.9395058,43.2428984],[76.9394851,43.2431015],[76.9394795,43.2431464],[76.9394376,43.2434832],[76.939369,43.2440355],[76.9393576,43.2441274]]},"properties":{"osm_id":53275456,"osm_type":"way","name":"улица Чайковского","address":"","source":"OpenStreetMap","source_url":"https://www.openstreetmap.org/way/53275456","highway":"residential","oneway":"no","lanes":"1","maxspeed":"40"}},{"type":"Feature","id":"way/920675375","geometry":{"type":"LineString","coordinates":[[76.9393576,43.2441274],[76.9392524,43.2448385],[76.9392099,43.2451252],[76.9392036,43.2451679],[76.9391315,43.2456549],[76.9391241,43.245705],[76.9391018,43.2458562],[76.939089,43.2459596],[76.9390195,43.2465318],[76.9389931,43.2467492],[76.9389516,43.2470909],[76.9389334,43.2472409],[76.9389008,43.2475343],[76.9388013,43.2483439],[76.9387978,43.2483746],[76.9387292,43.2490296],[76.9387212,43.2491121],[76.9387132,43.2491949]]},"properties":{"osm_id":920675375,"osm_type":"way","name":"улица Чайковского","address":"","source":"OpenStreetMap","source_url":"https://www.openstreetmap.org/way/920675375","highway":"residential","oneway":"yes","lanes":"2","maxspeed":"60"}},{"type":"Feature","id":"way/423455127","geometry":{"type":"LineString","coordinates":[[76.9369292,43.2507383],[76.9385178,43.2508371],[76.9401252,43.2509282]]},"properties":{"osm_id":423455127,"osm_type":"way","name":"улица Карасай Батыра","address":"","source":"OpenStreetMap","source_url":"https://www.openstreetmap.org/way/423455127","highway":"pedestrian","oneway":"","lanes":"","maxspeed":""}},{"type":"Feature","id":"way/310725797","geometry":{"type":"LineString","coordinates":[[76.9382691,43.2526287],[76.9382526,43.2527066],[76.9381718,43.2533609],[76.9381208,43.2537665]]},"properties":{"osm_id":310725797,"osm_type":"way","name":"улица Чайковского","address":"","source":"OpenStreetMap","source_url":"https://www.openstreetmap.org/way/310725797","highway":"residential","oneway":"","lanes":"","maxspeed":""}},{"type":"Feature","id":"way/370404280","geometry":{"type":"LineString","coordinates":[[76.9368661,43.254258],[76.9368552,43.2543103],[76.9368521,43.254336],[76.9368401,43.2544254],[76.9368525,43.2544459],[76.9368745,43.2544539],[76.9371836,43.2544809],[76.9377799,43.2545245],[76.937883,43.254529]]},"properties":{"osm_id":370404280,"osm_type":"way","name":"","address":"","source":"OpenStreetMap","source_url":"https://www.openstreetmap.org/way/370404280","highway":"service","oneway":"yes","lanes":"","maxspeed":""}},{"type":"Feature","id":"way/487759851","geometry":{"type":"LineString","coordinates":[[76.939344,43.2578344],[76.9391157,43.2578187],[76.9383657,43.257767],[76.9379204,43.2577363],[76.9373704,43.2576984],[76.9371779,43.2576861],[76.9365182,43.2576439],[76.9360177,43.2576118],[76.9358647,43.2576015]]},"properties":{"osm_id":487759851,"osm_type":"way","name":"улица Айтеке би","address":"","source":"OpenStreetMap","source_url":"https://www.openstreetmap.org/way/487759851","highway":"residential","oneway":"yes","lanes":"2","maxspeed":""}},{"type":"Feature","id":"way/1066904332","geometry":{"type":"LineString","coordinates":[[76.939238,43.2306286],[76.9392984,43.2305739],[76.9394802,43.2304092],[76.939821,43.2301158],[76.9398733,43.2300708],[76.940057,43.2299127],[76.9404522,43.2295712],[76.9407681,43.2292982],[76.9408468,43.2292301],[76.9410137,43.2290781]]},"properties":{"osm_id":1066904332,"osm_type":"way","name":"улица Каратаева Мухамеджана","address":"","source":"OpenStreetMap","source_url":"https://www.openstreetmap.org/way/1066904332","highway":"residential","oneway":"","lanes":"","maxspeed":""}},{"type":"Feature","id":"way/432526768","geometry":{"type":"LineString","coordinates":[[76.9426274,43.2352822],[76.9427202,43.2352901],[76.9435127,43.2353576]]},"properties":{"osm_id":432526768,"osm_type":"way","name":"улица Тимирязева","address":"","source":"OpenStreetMap","source_url":"https://www.openstreetmap.org/way/432526768","highway":"tertiary","oneway":"","lanes":"2","maxspeed":"RU:urban"}},{"type":"Feature","id":"way/1500994125","geometry":{"type":"LineString","coordinates":[[76.9407546,43.2380448],[76.9400886,43.2380034]]},"properties":{"osm_id":1500994125,"osm_type":"way","name":"улица Сатпаева","address":"","source":"OpenStreetMap","source_url":"https://www.openstreetmap.org/way/1500994125","highway":"secondary","oneway":"","lanes":"5","maxspeed":"RU:urban"}},{"type":"Feature","id":"way/258025938","geometry":{"type":"LineString","coordinates":[[76.9383613,43.2417217],[76.9389548,43.2417637],[76.9403868,43.2418582],[76.9406813,43.2418769],[76.9408959,43.2418905],[76.9409692,43.2418953],[76.9411378,43.2419066]]},"properties":{"osm_id":258025938,"osm_type":"way","name":"проспект Абая","address":"","source":"OpenStreetMap","source_url":"https://www.openstreetmap.org/way/258025938","highway":"secondary","oneway":"yes","lanes":"4","maxspeed":"60"}},{"type":"Feature","id":"way/4489474","geometry":{"type":"LineString","coordinates":[[76.943116,43.2420444],[76.9430979,43.2421873]]},"properties":{"osm_id":4489474,"osm_type":"way","name":"проспект Абылай Хана","address":"","source":"OpenStreetMap","source_url":"https://www.openstreetmap.org/way/4489474","highway":"tertiary","oneway":"","lanes":"4","maxspeed":""}},{"type":"Feature","id":"way/912368455","geometry":{"type":"LineString","coordinates":[[76.9427961,43.2443471],[76.9427799,43.2444684],[76.9426851,43.2451796],[76.9426234,43.2456427],[76.9425766,43.245994],[76.9425628,43.2460975]]},"properties":{"osm_id":912368455,"osm_type":"way","name":"проспект Абылай Хана","address":"","source":"OpenStreetMap","source_url":"https://www.openstreetmap.org/way/912368455","highway":"tertiary","oneway":"","lanes":"4","maxspeed":""}},{"type":"Feature","id":"way/912363097","geometry":{"type":"LineString","coordinates":[[76.9421574,43.2494899],[76.9421398,43.2496274],[76.942079,43.2502037],[76.9420057,43.2508981],[76.9419772,43.2511826],[76.9419535,43.2513743],[76.9418924,43.2518174]]},"properties":{"osm_id":912363097,"osm_type":"way","name":"проспект Абылай Хана","address":"","source":"OpenStreetMap","source_url":"https://www.openstreetmap.org/way/912363097","highway":"tertiary","oneway":"","lanes":"4","maxspeed":""}},{"type":"Feature","id":"way/912359483","geometry":{"type":"LineString","coordinates":[[76.9418924,43.2518174],[76.9418724,43.2519882],[76.9417738,43.252755],[76.9417587,43.2528705]]},"properties":{"osm_id":912359483,"osm_type":"way","name":"проспект Абылай Хана","address":"","source":"OpenStreetMap","source_url":"https://www.openstreetmap.org/way/912359483","highway":"tertiary","oneway":"","lanes":"4","maxspeed":""}},{"type":"Feature","id":"way/912355554","geometry":{"type":"LineString","coordinates":[[76.9413095,43.2562424],[76.9412878,43.2563904]]},"properties":{"osm_id":912355554,"osm_type":"way","name":"проспект Абылай Хана","address":"","source":"OpenStreetMap","source_url":"https://www.openstreetmap.org/way/912355554","highway":"tertiary","oneway":"","lanes":"4","maxspeed":""}},{"type":"Feature","id":"way/912351995","geometry":{"type":"LineString","coordinates":[[76.9409307,43.2590384],[76.9409102,43.2591974],[76.9408728,43.2594868]]},"properties":{"osm_id":912351995,"osm_type":"way","name":"проспект Абылай Хана","address":"","source":"OpenStreetMap","source_url":"https://www.openstreetmap.org/way/912351995","highway":"tertiary","oneway":"","lanes":"4","maxspeed":""}},{"type":"Feature","id":"way/124482978","geometry":{"type":"LineString","coordinates":[[76.9481227,43.2282049],[76.9481099,43.2282714],[76.9480892,43.228378],[76.9480383,43.2286575],[76.9480296,43.2287115],[76.9480248,43.2287431],[76.9480155,43.2288042],[76.948005,43.2288732],[76.9479929,43.2289829],[76.947989,43.2290188],[76.9479838,43.2290571],[76.9479628,43.2292114],[76.9479505,43.229302],[76.9479108,43.2295893],[76.9478898,43.2297489],[76.9478735,43.2298558],[76.9478569,43.2299907],[76.9478051,43.230372],[76.9477769,43.2305793],[76.9477689,43.2306379],[76.9477528,43.2307569],[76.9477493,43.2307823],[76.947726,43.230954],[76.9476364,43.2316129],[76.9476302,43.2316599],[76.9475931,43.2319313],[76.9475372,43.2323424],[76.9475049,43.2326988],[76.9474919,43.2328187]]},"properties":{"osm_id":124482978,"osm_type":"way","name":"улица Ивана Панфилова","address":"","source":"OpenStreetMap","source_url":"https://www.openstreetmap.org/way/124482978","highway":"residential","oneway":"","lanes":"","maxspeed":"40"}},{"type":"Feature","id":"way/1457521817","geometry":{"type":"LineString","coordinates":[[76.9450589,43.2326206],[76.9450369,43.2327792],[76.9449898,43.2331235],[76.9449738,43.2332402],[76.9449264,43.2335862],[76.9455909,43.2336351],[76.946189,43.2336792],[76.9462279,43.233682],[76.9467418,43.2337199],[76.9467488,43.233663],[76.9467843,43.2333736],[76.9467994,43.2332508],[76.9468221,43.2330666],[76.9468325,43.2329819],[76.9468394,43.2329318],[76.9468623,43.2327674]]},"properties":{"osm_id":1457521817,"osm_type":"way","name":"","address":"","source":"OpenStreetMap","source_url":"https://www.openstreetmap.org/way/1457521817","highway":"service","oneway":"","lanes":"","maxspeed":""}},{"type":"Feature","id":"way/1457790036","geometry":{"type":"LineString","coordinates":[[76.9444475,43.2383072],[76.9444428,43.2383541],[76.9444342,43.2383811],[76.9444192,43.2384065],[76.94439,43.2384562],[76.9444555,43.2384038],[76.944497,43.2383706],[76.9445254,43.238362],[76.9445544,43.2383592],[76.945233,43.2384051],[76.9452697,43.2383838],[76.9453533,43.2383584],[76.9454436,43.2383538],[76.9455312,43.2383704],[76.9456069,43.2384066],[76.9456477,43.2384407],[76.9463338,43.2384925],[76.9463595,43.2384976],[76.9463842,43.2385097],[76.946415,43.2385452],[76.9465064,43.2386505],[76.9465186,43.2386683],[76.9465205,43.2386765],[76.9465307,43.2385873],[76.9464595,43.238497],[76.9464546,43.2384733],[76.9464625,43.2384237],[76.9462748,43.2384003],[76.94605,43.2383745],[76.9457866,43.2383506],[76.9456021,43.2383378],[76.9453918,43.238326],[76.9451563,43.2383147],[76.9448983,43.2383081],[76.9446799,43.2383053],[76.9444475,43.2383072]]},"properties":{"osm_id":1457790036,"osm_type":"way","name":"","address":"","source":"OpenStreetMap","source_url":"https://www.openstreetmap.org/way/1457790036","highway":"pedestrian","oneway":"","lanes":"","maxspeed":""}},{"type":"Feature","id":"way/1208249028","geometry":{"type":"LineString","coordinates":[[76.9450793,43.2394477],[76.9450579,43.2394213],[76.9450186,43.2393875],[76.9443084,43.2387775],[76.9442916,43.2387545]]},"properties":{"osm_id":1208249028,"osm_type":"way","name":"улица Байсеитовой","address":"","source":"OpenStreetMap","source_url":"https://www.openstreetmap.org/way/1208249028","highway":"residential","oneway":"","lanes":"1","maxspeed":"20"}},{"type":"Feature","id":"way/912369915","geometry":{"type":"LineString","coordinates":[[76.943116,43.2420444],[76.9444776,43.2421405],[76.9449367,43.2421729]]},"properties":{"osm_id":912369915,"osm_type":"way","name":"проспект Абая","address":"","source":"OpenStreetMap","source_url":"https://www.openstreetmap.org/way/912369915","highway":"secondary","oneway":"yes","lanes":"4","maxspeed":"60"}},{"type":"Feature","id":"way/911113666","geometry":{"type":"LineString","coordinates":[[76.9479,43.2458199],[76.9479465,43.2454612],[76.9479993,43.2450529]]},"properties":{"osm_id":911113666,"osm_type":"way","name":"проспект Назарбаева","address":"","source":"OpenStreetMap","source_url":"https://www.openstreetmap.org/way/911113666","highway":"secondary","oneway":"","lanes":"4","maxspeed":""}},{"type":"Feature","id":"way/911115920","geometry":{"type":"LineString","coordinates":[[76.9472332,43.2509843],[76.9472869,43.2505925]]},"properties":{"osm_id":911115920,"osm_type":"way","name":"проспект Назарбаева","address":"","source":"OpenStreetMap","source_url":"https://www.openstreetmap.org/way/911115920","highway":"secondary","oneway":"","lanes":"4","maxspeed":""}},{"type":"Feature","id":"way/911116546","geometry":{"type":"LineString","coordinates":[[76.9470663,43.2522732],[76.9471111,43.251917],[76.947144,43.2516557]]},"properties":{"osm_id":911116546,"osm_type":"way","name":"проспект Назарбаева","address":"","source":"OpenStreetMap","source_url":"https://www.openstreetmap.org/way/911116546","highway":"secondary","oneway":"","lanes":"4","maxspeed":""}},{"type":"Feature","id":"way/510754407","geometry":{"type":"LineString","coordinates":[[76.9449407,43.2548505],[76.9450928,43.2548616],[76.9452424,43.2548725],[76.9455322,43.2548936]]},"properties":{"osm_id":510754407,"osm_type":"way","name":"улица Толе би","address":"","source":"OpenStreetMap","source_url":"https://www.openstreetmap.org/way/510754407","highway":"secondary","oneway":"no","lanes":"4","maxspeed":""}},{"type":"Feature","id":"way/74532944","geometry":{"type":"LineString","coordinates":[[76.946283,43.2583179],[76.9464308,43.2583247],[76.9468643,43.2583528],[76.9476949,43.258424],[76.9478669,43.2584392],[76.9479461,43.2584441],[76.9480288,43.2584544],[76.9480992,43.2584632],[76.9481641,43.2584671]]},"properties":{"osm_id":74532944,"osm_type":"way","name":"улица Айтеке Би","address":"","source":"OpenStreetMap","source_url":"https://www.openstreetmap.org/way/74532944","highway":"residential","oneway":"","lanes":"2","maxspeed":""}},{"type":"Feature","id":"way/228173590","geometry":{"type":"LineString","coordinates":[[76.9496648,43.2322831],[76.9496802,43.2321785],[76.9497099,43.2319779]]},"properties":{"osm_id":228173590,"osm_type":"way","name":"проспект Назарбаева","address":"","source":"OpenStreetMap","source_url":"https://www.openstreetmap.org/way/228173590","highway":"secondary","oneway":"","lanes":"4","maxspeed":""}},{"type":"Feature","id":"way/255773557","geometry":{"type":"LineString","coordinates":[[76.9493072,43.2348973],[76.9493709,43.2344366]]},"properties":{"osm_id":255773557,"osm_type":"way","name":"проспект Назарбаева","address":"","source":"OpenStreetMap","source_url":"https://www.openstreetmap.org/way/255773557","highway":"secondary","oneway":"","lanes":"4","maxspeed":""}},{"type":"Feature","id":"way/233432899","geometry":{"type":"LineString","coordinates":[[76.9488233,43.2387058],[76.948884,43.2381627]]},"properties":{"osm_id":233432899,"osm_type":"way","name":"проспект Назарбаева","address":"","source":"OpenStreetMap","source_url":"https://www.openstreetmap.org/way/233432899","highway":"secondary","oneway":"","lanes":"4","maxspeed":""}},{"type":"Feature","id":"way/236481182","geometry":{"type":"LineString","coordinates":[[76.9486054,43.2404026],[76.9486421,43.2401174]]},"properties":{"osm_id":236481182,"osm_type":"way","name":"проспект Назарбаева","address":"","source":"OpenStreetMap","source_url":"https://www.openstreetmap.org/way/236481182","highway":"secondary","oneway":"","lanes":"4","maxspeed":""}},{"type":"Feature","id":"way/171895230","geometry":{"type":"LineString","coordinates":[[76.9483395,43.2424111],[76.9483496,43.2423385],[76.948354,43.2423066],[76.9483669,43.2422132],[76.9484073,43.2419222]]},"properties":{"osm_id":171895230,"osm_type":"way","name":"проспект Назарбаева","address":"","source":"OpenStreetMap","source_url":"https://www.openstreetmap.org/way/171895230","highway":"secondary","oneway":"","lanes":"5","maxspeed":""}},{"type":"Feature","id":"way/920732520","geometry":{"type":"LineString","coordinates":[[76.9512428,43.2468422],[76.9512114,43.2470955]]},"properties":{"osm_id":920732520,"osm_type":"way","name":"улица Кунаева","address":"","source":"OpenStreetMap","source_url":"https://www.openstreetmap.org/way/920732520","highway":"tertiary","oneway":"","lanes":"4","maxspeed":""}},{"type":"Feature","id":"way/920731517","geometry":{"type":"LineString","coordinates":[[76.9510265,43.2484855],[76.950945,43.2491486]]},"properties":{"osm_id":920731517,"osm_type":"way","name":"улица Кунаева","address":"","source":"OpenStreetMap","source_url":"https://www.openstreetmap.org/way/920731517","highway":"tertiary","oneway":"","lanes":"","maxspeed":""}},{"type":"Feature","id":"way/920723142","geometry":{"type":"LineString","coordinates":[[76.9504116,43.2533847],[76.9504024,43.253445],[76.950396,43.2534866]]},"properties":{"osm_id":920723142,"osm_type":"way","name":"улица Кунаева","address":"","source":"OpenStreetMap","source_url":"https://www.openstreetmap.org/way/920723142","highway":"tertiary","oneway":"","lanes":"","maxspeed":""}},{"type":"Feature","id":"way/384959690","geometry":{"type":"LineString","coordinates":[[76.9551132,43.2572057],[76.9549838,43.2571967],[76.9533343,43.2570821],[76.9517013,43.2569686],[76.9515526,43.2569583],[76.9500856,43.2568562],[76.9499776,43.2568488],[76.9498279,43.2568393],[76.9487168,43.2567612],[76.9482916,43.2567316],[76.9482174,43.2567265],[76.9481507,43.2567218],[76.9480078,43.2567119],[76.9478507,43.256701],[76.9472093,43.2566564],[76.9466435,43.2566314],[76.9464711,43.2566237]]},"properties":{"osm_id":384959690,"osm_type":"way","name":"улица Казыбек би","address":"","source":"OpenStreetMap","source_url":"https://www.openstreetmap.org/way/384959690","highway":"tertiary","oneway":"","lanes":"4","maxspeed":""}},{"type":"Feature","id":"way/263546564","geometry":{"type":"LineString","coordinates":[[76.9481721,43.2584082],[76.9482469,43.2584143],[76.9485689,43.2584406],[76.9486387,43.2584463],[76.9486782,43.2584495],[76.9487183,43.2584528],[76.9487962,43.2584591],[76.9495932,43.2585242]]},"properties":{"osm_id":263546564,"osm_type":"way","name":"улица Айтеке Би","address":"","source":"OpenStreetMap","source_url":"https://www.openstreetmap.org/way/263546564","highway":"pedestrian","oneway":"","lanes":"","maxspeed":""}},{"type":"Feature","id":"way/38231643","geometry":{"type":"LineString","coordinates":[[76.954584,43.2325921],[76.954366,43.2325827],[76.9541726,43.2325744],[76.9539487,43.2325648],[76.953842,43.2325602],[76.9534669,43.2325441]]},"properties":{"osm_id":38231643,"osm_type":"way","name":"улица Бектурова","address":"","source":"OpenStreetMap","source_url":"https://www.openstreetmap.org/way/38231643","highway":"residential","oneway":"","lanes":"1","maxspeed":"20"}},{"type":"Feature","id":"way/1464454138","geometry":{"type":"LineString","coordinates":[[76.9522158,43.2340004],[76.9520406,43.2339881]]},"properties":{"osm_id":1464454138,"osm_type":"way","name":"улица Жолдасбекова","address":"","source":"OpenStreetMap","source_url":"https://www.openstreetmap.org/way/1464454138","highway":"tertiary","oneway":"","lanes":"4","maxspeed":"60"}},{"type":"Feature","id":"way/294172668","geometry":{"type":"LineString","coordinates":[[76.9542363,43.23872],[76.9543963,43.2387009],[76.9546067,43.2387162],[76.9548372,43.2387337],[76.9549779,43.2387443],[76.9551306,43.2387559],[76.9553883,43.2387754],[76.955656,43.2387957],[76.9559476,43.2388178],[76.9561907,43.2388394]]},"properties":{"osm_id":294172668,"osm_type":"way","name":"","address":"","source":"OpenStreetMap","source_url":"https://www.openstreetmap.org/way/294172668","highway":"service","oneway":"","lanes":"","maxspeed":""}},{"type":"Feature","id":"way/1425819462","geometry":{"type":"LineString","coordinates":[[76.9541574,43.239136],[76.9561253,43.2392792]]},"properties":{"osm_id":1425819462,"osm_type":"way","name":"улица Сатпаева","address":"","source":"OpenStreetMap","source_url":"https://www.openstreetmap.org/way/1425819462","highway":"secondary","oneway":"yes","lanes":"3","maxspeed":"RU:urban"}},{"type":"Feature","id":"way/258025940","geometry":{"type":"LineString","coordinates":[[76.9552022,43.2432722],[76.9551736,43.2434944],[76.9551664,43.2435505],[76.9551185,43.2439223],[76.9550077,43.2447837],[76.9549976,43.2448626],[76.9549728,43.2450552],[76.954956,43.2451913]]},"properties":{"osm_id":258025940,"osm_type":"way","name":"улица Пушкина","address":"","source":"OpenStreetMap","source_url":"https://www.openstreetmap.org/way/258025940","highway":"residential","oneway":"no","lanes":"2","maxspeed":"40"}},{"type":"Feature","id":"way/1416465077","geometry":{"type":"LineString","coordinates":[[76.9534053,43.2468755],[76.9533686,43.2468729],[76.9532016,43.2468609],[76.952782,43.2468308],[76.9526209,43.2468193],[76.9525861,43.2468168],[76.9519953,43.2467744],[76.9514451,43.246735],[76.9513493,43.2467281],[76.9512553,43.2467213]]},"properties":{"osm_id":1416465077,"osm_type":"way","name":"улица Шевченко","address":"","source":"OpenStreetMap","source_url":"https://www.openstreetmap.org/way/1416465077","highway":"tertiary","oneway":"yes","lanes":"3","maxspeed":"40"}},{"type":"Feature","id":"way/208907445","geometry":{"type":"LineString","coordinates":[[76.9547305,43.2469706],[76.9547151,43.2470787],[76.9546337,43.2477296],[76.9545755,43.2481859],[76.9545626,43.2482874],[76.9545166,43.2486479],[76.954504,43.2487464],[76.9544794,43.2489397],[76.9544546,43.2491293],[76.9544178,43.2494105],[76.9543971,43.2495759],[76.9543717,43.2497663],[76.9543404,43.2500004],[76.9543159,43.2502145],[76.9543037,43.2503399]]},"properties":{"osm_id":208907445,"osm_type":"way","name":"улица Пушкина","address":"","source":"OpenStreetMap","source_url":"https://www.openstreetmap.org/way/208907445","highway":"residential","oneway":"","lanes":"","maxspeed":""}},{"type":"Feature","id":"way/911229691","geometry":{"type":"LineString","coordinates":[[76.9555452,43.2538433],[76.9553974,43.2538322],[76.9548007,43.2537885],[76.9540226,43.2537292],[76.9538699,43.2537176],[76.9537129,43.2537074],[76.9534461,43.25369],[76.9526164,43.2536314],[76.9523198,43.2536078],[76.9521605,43.2535971],[76.9520054,43.2535875],[76.9506673,43.2535047],[76.9505122,43.2534951],[76.950396,43.2534866]]},"properties":{"osm_id":911229691,"osm_type":"way","name":"улица Богенбай батыра","address":"","source":"OpenStreetMap","source_url":"https://www.openstreetmap.org/way/911229691","highway":"tertiary","oneway":"yes","lanes":"4","maxspeed":""}},{"type":"Feature","id":"way/911230140","geometry":{"type":"LineString","coordinates":[[76.955475,43.2543893],[76.9555196,43.2540429],[76.9555309,43.2539545],[76.9555452,43.2538433]]},"properties":{"osm_id":911230140,"osm_type":"way","name":"проспект Достык","address":"","source":"OpenStreetMap","source_url":"https://www.openstreetmap.org/way/911230140","highway":"secondary","oneway":"","lanes":"4","maxspeed":""}},{"type":"Feature","id":"way/911219390","geometry":{"type":"LineString","coordinates":[[76.9594168,43.2320356],[76.9594587,43.2319271],[76.9595042,43.2318162],[76.9595512,43.2317014],[76.9595937,43.2315979]]},"properties":{"osm_id":911219390,"osm_type":"way","name":"проспект Достык","address":"","source":"OpenStreetMap","source_url":"https://www.openstreetmap.org/way/911219390","highway":"secondary","oneway":"","lanes":"4","maxspeed":"40"}},{"type":"Feature","id":"way/911220277","geometry":{"type":"LineString","coordinates":[[76.9589243,43.2333084],[76.958943,43.2332602],[76.9590113,43.2330837],[76.9590397,43.2330102]]},"properties":{"osm_id":911220277,"osm_type":"way","name":"проспект Достык","address":"","source":"OpenStreetMap","source_url":"https://www.openstreetmap.org/way/911220277","highway":"secondary","oneway":"","lanes":"4","maxspeed":"40"}},{"type":"Feature","id":"way/911221034","geometry":{"type":"LineString","coordinates":[[76.9577112,43.2366761],[76.9577181,43.2366193],[76.9577458,43.2365017]]},"properties":{"osm_id":911221034,"osm_type":"way","name":"проспект Достык","address":"","source":"OpenStreetMap","source_url":"https://www.openstreetmap.org/way/911221034","highway":"secondary","oneway":"","lanes":"4","maxspeed":""}},{"type":"Feature","id":"way/228182096","geometry":{"type":"LineString","coordinates":[[76.9593399,43.2393546],[76.9590161,43.2393362],[76.9586379,43.2393249]]},"properties":{"osm_id":228182096,"osm_type":"way","name":"улица Сатпаева","address":"","source":"OpenStreetMap","source_url":"https://www.openstreetmap.org/way/228182096","highway":"tertiary","oneway":"","lanes":"4","maxspeed":"RU:urban"}},{"type":"Feature","id":"way/258025924","geometry":{"type":"LineString","coordinates":[[76.9561497,43.2429231],[76.9565966,43.242953],[76.9567336,43.2429621],[76.9569422,43.2429761]]},"properties":{"osm_id":258025924,"osm_type":"way","name":"проспект Абая","address":"","source":"OpenStreetMap","source_url":"https://www.openstreetmap.org/way/258025924","highway":"secondary","oneway":"yes","lanes":"4","maxspeed":""}},{"type":"Feature","id":"way/911227326","geometry":{"type":"LineString","coordinates":[[76.9563111,43.2478829],[76.9563532,43.2475705],[76.9563718,43.2474327],[76.9563996,43.2471981],[76.9564128,43.2470913]]},"properties":{"osm_id":911227326,"osm_type":"way","name":"проспект Достык","address":"","source":"OpenStreetMap","source_url":"https://www.openstreetmap.org/way/911227326","highway":"secondary","oneway":"","lanes":"4","maxspeed":""}},{"type":"Feature","id":"way/911228758","geometry":{"type":"LineString","coordinates":[[76.9578388,43.2506006],[76.9590233,43.2506849],[76.9592707,43.2507043],[76.9593085,43.2507071],[76.9594468,43.2507156]]},"properties":{"osm_id":911228758,"osm_type":"way","name":"улица Кабанбай батыра","address":"","source":"OpenStreetMap","source_url":"https://www.openstreetmap.org/way/911228758","highway":"tertiary","oneway":"yes","lanes":"","maxspeed":""}},{"type":"Feature","id":"way/693656416","geometry":{"type":"LineString","coordinates":[[76.9589098,43.2540898],[76.9587292,43.2540766],[76.9586785,43.2540729],[76.9582046,43.254038],[76.9573655,43.2539748],[76.9573266,43.2539719],[76.9572286,43.2539644],[76.9570698,43.2539529],[76.9565028,43.2539136],[76.9562489,43.253895],[76.9557223,43.2538563],[76.9555452,43.2538433]]},"properties":{"osm_id":693656416,"osm_type":"way","name":"улица Богенбай батыра","address":"","source":"OpenStreetMap","source_url":"https://www.openstreetmap.org/way/693656416","highway":"tertiary","oneway":"yes","lanes":"5","maxspeed":""}},{"type":"Feature","id":"way/1044662052","geometry":{"type":"LineString","coordinates":[[76.9561818,43.2556122],[76.9565638,43.2556359]]},"properties":{"osm_id":1044662052,"osm_type":"way","name":"улица Толе би","address":"","source":"OpenStreetMap","source_url":"https://www.openstreetmap.org/way/1044662052","highway":"secondary","oneway":"","lanes":"4","maxspeed":""}},{"type":"Feature","id":"way/921265725","geometry":{"type":"LineString","coordinates":[[76.9582454,43.2591352],[76.9581432,43.2599635],[76.9581087,43.2602429],[76.9580784,43.2604876],[76.9580608,43.2606299],[76.9580459,43.2607507],[76.9580357,43.2608411]]},"properties":{"osm_id":921265725,"osm_type":"way","name":"улица Калдаякова","address":"","source":"OpenStreetMap","source_url":"https://www.openstreetmap.org/way/921265725","highway":"tertiary","oneway":"","lanes":"4","maxspeed":""}},{"type":"Feature","id":"way/1085142672","geometry":{"type":"LineString","coordinates":[[76.9226981,43.2327708],[76.9225722,43.2326771],[76.9223117,43.2324833],[76.9222168,43.2324127],[76.9221757,43.2323822],[76.9218719,43.2322028],[76.9217137,43.2321172],[76.9214187,43.2320145],[76.921088,43.2319392]]},"properties":{"osm_id":1085142672,"osm_type":"way","name":"бульвар Бухар Жырау","address":"","source":"OpenStreetMap","source_url":"https://www.openstreetmap.org/way/1085142672","highway":"tertiary","oneway":"yes","lanes":"2","maxspeed":"40"}},{"type":"Feature","id":"way/1085142625","geometry":{"type":"LineString","coordinates":[[76.9226219,43.2340837],[76.9226002,43.2340029],[76.9225916,43.2339211],[76.9225956,43.23386],[76.9226222,43.2334525],[76.9226377,43.2332517],[76.9226557,43.2330427],[76.9226741,43.2328683],[76.9226848,43.2328248],[76.9226981,43.2327708]]},"properties":{"osm_id":1085142625,"osm_type":"way","name":"улица Шагабутдинова","address":"","source":"OpenStreetMap","source_url":"https://www.openstreetmap.org/way/1085142625","highway":"residential","oneway":"yes","lanes":"","maxspeed":""}},{"type":"Feature","id":"way/1409697568","geometry":{"type":"LineString","coordinates":[[76.9212609,43.2367442],[76.9213069,43.2367474],[76.92139,43.2367531],[76.9215251,43.2367624]]},"properties":{"osm_id":1409697568,"osm_type":"way","name":"улица Сатпаева","address":"","source":"OpenStreetMap","source_url":"https://www.openstreetmap.org/way/1409697568","highway":"secondary","oneway":"no","lanes":"4","maxspeed":""}},{"type":"Feature","id":"way/1456436613","geometry":{"type":"LineString","coordinates":[[76.9198024,43.2409999],[76.919804,43.2410306],[76.9198126,43.2411966],[76.9198313,43.2411973],[76.919855,43.241161],[76.9198905,43.2411303],[76.9199356,43.2411073],[76.9199873,43.2410933],[76.9200421,43.2410895],[76.9200983,43.2410962],[76.92015,43.2411136],[76.9201936,43.2411402],[76.9202262,43.2411742],[76.9202452,43.2412133],[76.9202621,43.2410543],[76.9202653,43.2410241],[76.920163,43.2410179],[76.9200943,43.2410142],[76.9201048,43.2409114],[76.9201209,43.2407519],[76.9200817,43.2407498],[76.920048,43.2407481],[76.9200296,43.2409096],[76.9200191,43.2410123],[76.9199504,43.2410086],[76.9198024,43.2409999]]},"properties":{"osm_id":1456436613,"osm_type":"way","name":"","address":"","source":"OpenStreetMap","source_url":"https://www.openstreetmap.org/way/1456436613","highway":"pedestrian","oneway":"","lanes":"","maxspeed":""}},{"type":"Feature","id":"way/1414763096","geometry":{"type":"LineString","coordinates":[[76.9233949,43.2447552],[76.9232101,43.2447422],[76.9218333,43.2446484],[76.9216543,43.2446374]]},"properties":{"osm_id":1414763096,"osm_type":"way","name":"улица Шевченко","address":"","source":"OpenStreetMap","source_url":"https://www.openstreetmap.org/way/1414763096","highway":"tertiary","oneway":"yes","lanes":"4","maxspeed":""}},{"type":"Feature","id":"way/23979402","geometry":{"type":"LineString","coordinates":[[76.9218928,43.2428306],[76.9218755,43.2429617],[76.921862,43.2430623],[76.9217608,43.2438103],[76.921701,43.2442527],[76.9216688,43.2445193],[76.9216543,43.2446374],[76.9216391,43.2447675],[76.921574,43.2453234],[76.9215006,43.2459491],[76.9214811,43.2462069],[76.9214741,43.2462994],[76.9214623,43.2463949],[76.9214594,43.2464178],[76.9214367,43.2465981],[76.9214329,43.2466283],[76.9213779,43.2470649],[76.921341,43.2473572],[76.9212666,43.2479455],[76.9212552,43.2480386],[76.9212452,43.2481145],[76.9211284,43.2489559],[76.9210306,43.2496633]]},"properties":{"osm_id":23979402,"osm_type":"way","name":"улица Шагабутдинова","address":"","source":"OpenStreetMap","source_url":"https://www.openstreetmap.org/way/23979402","highway":"residential","oneway":"","lanes":"2","maxspeed":""}},{"type":"Feature","id":"way/1187506597","geometry":{"type":"LineString","coordinates":[[76.9230676,43.2505248],[76.9226445,43.2504935]]},"properties":{"osm_id":1187506597,"osm_type":"way","name":"","address":"","source":"OpenStreetMap","source_url":"https://www.openstreetmap.org/way/1187506597","highway":"residential","oneway":"","lanes":"","maxspeed":""}},{"type":"Feature","id":"way/40755926","geometry":{"type":"LineString","coordinates":[[76.9172886,43.2511849],[76.9189577,43.251253],[76.9191458,43.2512661],[76.9200498,43.2513288],[76.9207694,43.2513787],[76.922055,43.2515093],[76.9225045,43.251555]]},"properties":{"osm_id":40755926,"osm_type":"way","name":"улица Богенбай Батыра","address":"","source":"OpenStreetMap","source_url":"https://www.openstreetmap.org/way/40755926","highway":"residential","oneway":"","lanes":"","maxspeed":""}},{"type":"Feature","id":"way/1427251649","geometry":{"type":"LineString","coordinates":[[76.924017,43.2534142],[76.9239988,43.2534694],[76.923976,43.2536274],[76.923849,43.2545054],[76.9237821,43.2549616],[76.9237759,43.2550113],[76.9237511,43.2550588],[76.923708,43.2551273],[76.9236933,43.2551506],[76.9236747,43.2552501],[76.9236181,43.2556449],[76.9235929,43.2558027],[76.9234439,43.2567335],[76.9234585,43.2568193],[76.9234701,43.256887],[76.9234639,43.2571549],[76.9234154,43.2575416],[76.9233639,43.2578805],[76.9233127,43.2583104],[76.9232915,43.2584211]]},"properties":{"osm_id":1427251649,"osm_type":"way","name":"улица Досмухамедова","address":"","source":"OpenStreetMap","source_url":"https://www.openstreetmap.org/way/1427251649","highway":"residential","oneway":"","lanes":"2","maxspeed":""}},{"type":"Feature","id":"way/1282506764","geometry":{"type":"LineString","coordinates":[[76.9242942,43.2593334],[76.923814,43.259329],[76.9237348,43.2592977],[76.9236571,43.2592274],[76.9235099,43.2591907]]},"properties":{"osm_id":1282506764,"osm_type":"way","name":"","address":"","source":"OpenStreetMap","source_url":"https://www.openstreetmap.org/way/1282506764","highway":"service","oneway":"","lanes":"","maxspeed":""}},{"type":"Feature","id":"way/222570198","geometry":{"type":"LineString","coordinates":[[76.9268309,43.2291674],[76.9264396,43.2294712],[76.9263143,43.2295665],[76.9261297,43.2297069],[76.9257937,43.2299624],[76.9257064,43.2300289],[76.9252452,43.2303797],[76.9251494,43.2304525]]},"properties":{"osm_id":222570198,"osm_type":"way","name":"улица Касымова","address":"","source":"OpenStreetMap","source_url":"https://www.openstreetmap.org/way/222570198","highway":"living_street","oneway":"","lanes":"","maxspeed":""}},{"type":"Feature","id":"way/30992562","geometry":{"type":"LineString","coordinates":[[76.9266152,43.2349929],[76.9267146,43.2349171],[76.9269723,43.234721],[76.9271726,43.2345685],[76.9274814,43.2343334],[76.9276808,43.2341815],[76.9278488,43.2340536],[76.9280673,43.2339135],[76.9286711,43.2334802],[76.9292681,43.2330215],[76.9294987,43.232845],[76.9295705,43.2327902]]},"properties":{"osm_id":30992562,"osm_type":"way","name":"улица Римского-Корсакова","address":"","source":"OpenStreetMap","source_url":"https://www.openstreetmap.org/way/30992562","highway":"residential","oneway":"","lanes":"","maxspeed":""}},{"type":"Feature","id":"way/1454936591","geometry":{"type":"LineString","coordinates":[[76.9227832,43.2368419],[76.92282,43.2368442],[76.9228531,43.2368463],[76.9243319,43.2369398],[76.9246368,43.2369591],[76.9251492,43.2369938],[76.9262229,43.2370664]]},"properties":{"osm_id":1454936591,"osm_type":"way","name":"улица Сатпаева","address":"","source":"OpenStreetMap","source_url":"https://www.openstreetmap.org/way/1454936591","highway":"secondary","oneway":"no","lanes":"4","maxspeed":""}},{"type":"Feature","id":"way/1341390068","geometry":{"type":"LineString","coordinates":[[76.9276208,43.2393676],[76.9275915,43.2394656],[76.9275576,43.2395824],[76.9275274,43.2398613]]},"properties":{"osm_id":1341390068,"osm_type":"way","name":"улица Байтурсынова","address":"","source":"OpenStreetMap","source_url":"https://www.openstreetmap.org/way/1341390068","highway":"secondary","oneway":"no","lanes":"5","maxspeed":""}},{"type":"Feature","id":"way/1200743979","geometry":{"type":"LineString","coordinates":[[76.9277099,43.2428992],[76.9277394,43.2426295],[76.927777,43.2423043],[76.9278547,43.2416332]]},"properties":{"osm_id":1200743979,"osm_type":"way","name":"","address":"","source":"OpenStreetMap","source_url":"https://www.openstreetmap.org/way/1200743979","highway":"service","oneway":"","lanes":"","maxspeed":""}},{"type":"Feature","id":"way/175953580","geometry":{"type":"LineString","coordinates":[[76.9246863,43.2481955],[76.9248576,43.2468533],[76.9248971,43.2465318]]},"properties":{"osm_id":175953580,"osm_type":"way","name":"улица Досмухамедова","address":"","source":"OpenStreetMap","source_url":"https://www.openstreetmap.org/way/175953580","highway":"residential","oneway":"","lanes":"","maxspeed":""}},{"type":"Feature","id":"way/233042675","geometry":{"type":"LineString","coordinates":[[76.9229619,43.2481229],[76.9230887,43.2481283],[76.9246863,43.2481955],[76.9258315,43.2482516],[76.9262652,43.2482728],[76.9264217,43.2482873]]},"properties":{"osm_id":233042675,"osm_type":"way","name":"улица Кабанбай Батыра","address":"","source":"OpenStreetMap","source_url":"https://www.openstreetmap.org/way/233042675","highway":"residential","oneway":"","lanes":"2","maxspeed":""}},{"type":"Feature","id":"way/1450165105","geometry":{"type":"LineString","coordinates":[[76.9257902,43.2530179],[76.9257495,43.2533489],[76.9257291,43.2534585]]},"properties":{"osm_id":1450165105,"osm_type":"way","name":"улица Байтурсынова","address":"","source":"OpenStreetMap","source_url":"https://www.openstreetmap.org/way/1450165105","highway":"secondary","oneway":"no","lanes":"4","maxspeed":"40"}},{"type":"Feature","id":"way/466842693","geometry":{"type":"LineString","coordinates":[[76.9249311,43.2565852],[76.9249351,43.2565317],[76.92515,43.2565296],[76.9253189,43.256528]]},"properties":{"osm_id":466842693,"osm_type":"way","name":"","address":"","source":"OpenStreetMap","source_url":"https://www.openstreetmap.org/way/466842693","highway":"service","oneway":"yes","lanes":"","maxspeed":""}},{"type":"Feature","id":"way/698152184","geometry":{"type":"LineString","coordinates":[[76.9248991,43.2595877],[76.9250923,43.2596023],[76.9254657,43.2596306],[76.9259988,43.2596372],[76.9260872,43.2596405],[76.9263291,43.2595656],[76.9265246,43.259262],[76.9265846,43.258926],[76.926611,43.2587812],[76.9266307,43.2586733]]},"properties":{"osm_id":698152184,"osm_type":"way","name":"","address":"","source":"OpenStreetMap","source_url":"https://www.openstreetmap.org/way/698152184","highway":"service","oneway":"","lanes":"","maxspeed":""}},{"type":"Feature","id":"way/490727027","geometry":{"type":"LineString","coordinates":[[76.9303868,43.2326226],[76.9307072,43.2324099],[76.9309067,43.2323116],[76.9310417,43.2321772]]},"properties":{"osm_id":490727027,"osm_type":"way","name":"улица Володарского","address":"","source":"OpenStreetMap","source_url":"https://www.openstreetmap.org/way/490727027","highway":"residential","oneway":"","lanes":"","maxspeed":""}},{"type":"Feature","id":"way/691215052","geometry":{"type":"LineString","coordinates":[[76.9289744,43.2354972],[76.9290862,43.2355053],[76.9291486,43.235512],[76.9296379,43.2355636],[76.9297799,43.2355784],[76.9302435,43.2356266],[76.9303623,43.235639]]},"properties":{"osm_id":691215052,"osm_type":"way","name":"улица Аксакова","address":"","source":"OpenStreetMap","source_url":"https://www.openstreetmap.org/way/691215052","highway":"residential","oneway":"yes","lanes":"","maxspeed":""}},{"type":"Feature","id":"way/1409697574","geometry":{"type":"LineString","coordinates":[[76.927962,43.237181],[76.9280884,43.2371906],[76.9282305,43.2372014],[76.9295058,43.2372982]]},"properties":{"osm_id":1409697574,"osm_type":"way","name":"улица Сатпаева","address":"","source":"OpenStreetMap","source_url":"https://www.openstreetmap.org/way/1409697574","highway":"secondary","oneway":"no","lanes":"5","maxspeed":"RU:urban"}},{"type":"Feature","id":"way/672134017","geometry":{"type":"LineString","coordinates":[[76.9309459,43.2413518],[76.9308451,43.2414457]]},"properties":{"osm_id":672134017,"osm_type":"way","name":"улица Масанчи","address":"","source":"OpenStreetMap","source_url":"https://www.openstreetmap.org/way/672134017","highway":"tertiary","oneway":"yes","lanes":"","maxspeed":""}},{"type":"Feature","id":"way/554048064","geometry":{"type":"LineString","coordinates":[[76.9290067,43.2423868],[76.9307078,43.2424757]]},"properties":{"osm_id":554048064,"osm_type":"way","name":"","address":"","source":"OpenStreetMap","source_url":"https://www.openstreetmap.org/way/554048064","highway":"residential","oneway":"","lanes":"","maxspeed":""}},{"type":"Feature","id":"way/429341204","geometry":{"type":"LineString","coordinates":[[76.928452,43.2467932],[76.928441,43.2468997],[76.9284383,43.2469255],[76.9283886,43.2475285]]},"properties":{"osm_id":429341204,"osm_type":"way","name":"","address":"","source":"OpenStreetMap","source_url":"https://www.openstreetmap.org/way/429341204","highway":"service","oneway":"","lanes":"","maxspeed":""}},{"type":"Feature","id":"way/208514994","geometry":{"type":"LineString","coordinates":[[76.9316176,43.2504156],[76.9298295,43.2502993],[76.9297473,43.250294],[76.929673,43.2502892]]},"properties":{"osm_id":208514994,"osm_type":"way","name":"улица Карасай Батыра","address":"","source":"OpenStreetMap","source_url":"https://www.openstreetmap.org/way/208514994","highway":"residential","oneway":"yes","lanes":"1","maxspeed":""}},{"type":"Feature","id":"way/887012116","geometry":{"type":"LineString","coordinates":[[76.9294434,43.2520209],[76.9294316,43.2521099],[76.9293516,43.2527137],[76.9292394,43.2535606],[76.9292173,43.2537134],[76.929208,43.2537789]]},"properties":{"osm_id":887012116,"osm_type":"way","name":"улица Масанчи","address":"","source":"OpenStreetMap","source_url":"https://www.openstreetmap.org/way/887012116","highway":"tertiary","oneway":"","lanes":"2","maxspeed":""}},{"type":"Feature","id":"way/1169906835","geometry":{"type":"LineString","coordinates":[[76.9310802,43.2565714],[76.9314335,43.2565542],[76.931471,43.2562326]]},"properties":{"osm_id":1169906835,"osm_type":"way","name":"","address":"","source":"OpenStreetMap","source_url":"https://www.openstreetmap.org/way/1169906835","highway":"service","oneway":"","lanes":"","maxspeed":""}},{"type":"Feature","id":"way/1304251245","geometry":{"type":"LineString","coordinates":[[76.9287928,43.2571408],[76.9287358,43.2574629],[76.9287207,43.257576],[76.928642,43.2581644],[76.9286238,43.2583001],[76.9286081,43.2584168],[76.928592,43.2585259],[76.928583,43.2585982],[76.9285705,43.2586982]]},"properties":{"osm_id":1304251245,"osm_type":"way","name":"улица Масанчи","address":"","source":"OpenStreetMap","source_url":"https://www.openstreetmap.org/way/1304251245","highway":"residential","oneway":"","lanes":"","maxspeed":""}},{"type":"Feature","id":"way/234259112","geometry":{"type":"LineString","coordinates":[[76.9329993,43.2302548],[76.9329136,43.2301918]]},"properties":{"osm_id":234259112,"osm_type":"way","name":"улица Тимирязева","address":"","source":"OpenStreetMap","source_url":"https://www.openstreetmap.org/way/234259112","highway":"tertiary","oneway":"","lanes":"4","maxspeed":"RU:urban"}},{"type":"Feature","id":"way/460387370","geometry":{"type":"LineString","coordinates":[[76.9327621,43.2348924],[76.9327479,43.2348585],[76.9327365,43.2348241],[76.9327016,43.2347732],[76.9325758,43.2346663],[76.9325138,43.234624],[76.9324474,43.2345871],[76.9323591,43.2345587],[76.9322713,43.2345388]]},"properties":{"osm_id":460387370,"osm_type":"way","name":"улица Габдулина","address":"","source":"OpenStreetMap","source_url":"https://www.openstreetmap.org/way/460387370","highway":"residential","oneway":"","lanes":"","maxspeed":""}},{"type":"Feature","id":"way/539985282","geometry":{"type":"LineString","coordinates":[[76.9352027,43.2376707],[76.9353727,43.2376814],[76.935495,43.2376901],[76.9357232,43.2377064]]},"properties":{"osm_id":539985282,"osm_type":"way","name":"улица Сатпаева","address":"","source":"OpenStreetMap","source_url":"https://www.openstreetmap.org/way/539985282","highway":"secondary","oneway":"no","lanes":"5","maxspeed":"RU:urban"}},{"type":"Feature","id":"way/1390634521","geometry":{"type":"LineString","coordinates":[[76.9310182,43.2412359],[76.9317036,43.2412776],[76.9327625,43.2413418],[76.9340049,43.2414199],[76.9341459,43.2414288],[76.9343758,43.2414452]]},"properties":{"osm_id":1390634521,"osm_type":"way","name":"проспект Абая","address":"","source":"OpenStreetMap","source_url":"https://www.openstreetmap.org/way/1390634521","highway":"secondary","oneway":"yes","lanes":"4","maxspeed":"60"}},{"type":"Feature","id":"way/1422516688","geometry":{"type":"LineString","coordinates":[[76.9339675,43.2448292],[76.9339603,43.2448912]]},"properties":{"osm_id":1422516688,"osm_type":"way","name":"проспект Сейфуллина","address":"","source":"OpenStreetMap","source_url":"https://www.openstreetmap.org/way/1422516688","highway":"secondary","oneway":"","lanes":"5","maxspeed":""}},{"type":"Feature","id":"way/1422516696","geometry":{"type":"LineString","coordinates":[[76.9336474,43.2475499],[76.9335955,43.2479827]]},"properties":{"osm_id":1422516696,"osm_type":"way","name":"проспект Сейфуллина","address":"","source":"OpenStreetMap","source_url":"https://www.openstreetmap.org/way/1422516696","highway":"secondary","oneway":"","lanes":"4","maxspeed":""}},{"type":"Feature","id":"way/208514996","geometry":{"type":"LineString","coordinates":[[76.931864,43.2504316],[76.9331415,43.2505385]]},"properties":{"osm_id":208514996,"osm_type":"way","name":"улица Карасай Батыра","address":"","source":"OpenStreetMap","source_url":"https://www.openstreetmap.org/way/208514996","highway":"pedestrian","oneway":"","lanes":"","maxspeed":""}},{"type":"Feature","id":"way/1186969094","geometry":{"type":"LineString","coordinates":[[76.9365357,43.2525094],[76.9363883,43.2524992],[76.9363856,43.252499],[76.9363217,43.2524946],[76.9357908,43.252458],[76.9349505,43.2524001],[76.9347578,43.2523868]]},"properties":{"osm_id":1186969094,"osm_type":"way","name":"улица Богенбай Батыра","address":"","source":"OpenStreetMap","source_url":"https://www.openstreetmap.org/way/1186969094","highway":"tertiary","oneway":"yes","lanes":"3","maxspeed":""}},{"type":"Feature","id":"way/1342321805","geometry":{"type":"LineString","coordinates":[[76.9345969,43.2541151],[76.9345385,43.2541115],[76.9345169,43.2541102]]},"properties":{"osm_id":1342321805,"osm_type":"way","name":"улица Толе би","address":"","source":"OpenStreetMap","source_url":"https://www.openstreetmap.org/way/1342321805","highway":"secondary","oneway":"yes","lanes":"2","maxspeed":""}},{"type":"Feature","id":"way/26538813","geometry":{"type":"LineString","coordinates":[[76.9287928,43.2571408],[76.930683,43.2572482],[76.9314767,43.2573046],[76.9316012,43.2573124],[76.9322465,43.2573526],[76.9324187,43.2573634],[76.932582,43.257375],[76.9332427,43.2574203],[76.9340085,43.2574732],[76.9345889,43.2575137],[76.9352892,43.2575602],[76.9356969,43.2575899],[76.9358647,43.2576015]]},"properties":{"osm_id":26538813,"osm_type":"way","name":"улица Айтеке Би","address":"","source":"OpenStreetMap","source_url":"https://www.openstreetmap.org/way/26538813","highway":"residential","oneway":"","lanes":"2","maxspeed":""}},{"type":"Feature","id":"way/693656429","geometry":{"type":"LineString","coordinates":[[76.9376812,43.2298016],[76.9376904,43.2305341],[76.9376812,43.2306244],[76.9373298,43.2323765],[76.9373262,43.2324948],[76.9373537,43.2325885],[76.9373918,43.2326572],[76.9374355,43.2327021],[76.9378097,43.2329447],[76.937893,43.2330057]]},"properties":{"osm_id":693656429,"osm_type":"way","name":"","address":"","source":"OpenStreetMap","source_url":"https://www.openstreetmap.org/way/693656429","highway":"secondary_link","oneway":"yes","lanes":"2","maxspeed":""}},{"type":"Feature","id":"way/693656427","geometry":{"type":"LineString","coordinates":[[76.9361705,43.2353956],[76.9362857,43.2350828],[76.9363933,43.2347107],[76.9368649,43.2328323]]},"properties":{"osm_id":693656427,"osm_type":"way","name":"проспект Сейфуллина","address":"","source":"OpenStreetMap","source_url":"https://www.openstreetmap.org/way/693656427","highway":"secondary","oneway":"yes","lanes":"3","maxspeed":""}},{"type":"Feature","id":"way/1536413808","geometry":{"type":"LineString","coordinates":[[76.9400886,43.2380034],[76.9397771,43.237984]]},"properties":{"osm_id":1536413808,"osm_type":"way","name":"улица Сатпаева","address":"","source":"OpenStreetMap","source_url":"https://www.openstreetmap.org/way/1536413808","highway":"secondary","oneway":"","lanes":"5","maxspeed":"RU:urban"}},{"type":"Feature","id":"way/258025926","geometry":{"type":"LineString","coordinates":[[76.9360945,43.2415691],[76.9376272,43.2416707],[76.937709,43.2416761],[76.9378697,43.2416868]]},"properties":{"osm_id":258025926,"osm_type":"way","name":"проспект Абая","address":"","source":"OpenStreetMap","source_url":"https://www.openstreetmap.org/way/258025926","highway":"secondary","oneway":"yes","lanes":"4","maxspeed":"60"}},{"type":"Feature","id":"way/629149399","geometry":{"type":"LineString","coordinates":[[76.9372981,43.2428562],[76.9374248,43.2429128],[76.9375637,43.2429239],[76.9376608,43.2429317],[76.9377452,43.2429385]]},"properties":{"osm_id":629149399,"osm_type":"way","name":"","address":"","source":"OpenStreetMap","source_url":"https://www.openstreetmap.org/way/629149399","highway":"service","oneway":"","lanes":"","maxspeed":""}},{"type":"Feature","id":"way/698439398","geometry":{"type":"LineString","coordinates":[[76.9385372,43.2475127],[76.93852,43.2476468],[76.9384458,43.2483254]]},"properties":{"osm_id":698439398,"osm_type":"way","name":"","address":"","source":"OpenStreetMap","source_url":"https://www.openstreetmap.org/way/698439398","highway":"service","oneway":"","lanes":"","maxspeed":""}},{"type":"Feature","id":"way/1429723124","geometry":{"type":"LineString","coordinates":[[76.940189,43.2495551],[76.9402082,43.2494296],[76.939525,43.249374],[76.9395129,43.2494527],[76.9400155,43.2494936],[76.9400084,43.2495404],[76.940189,43.2495551]]},"properties":{"osm_id":1429723124,"osm_type":"way","name":"","address":"","source":"OpenStreetMap","source_url":"https://www.openstreetmap.org/way/1429723124","highway":"pedestrian","oneway":"","lanes":"","maxspeed":""}},{"type":"Feature","id":"way/129388833","geometry":{"type":"LineString","coordinates":[[76.9374966,43.2525755],[76.9375094,43.2525199],[76.9375136,43.2525016],[76.9375198,43.2524492],[76.9375536,43.2521971]]},"properties":{"osm_id":129388833,"osm_type":"way","name":"","address":"","source":"OpenStreetMap","source_url":"https://www.openstreetmap.org/way/129388833","highway":"service","oneway":"","lanes":"","maxspeed":""}},{"type":"Feature","id":"way/370404281","geometry":{"type":"LineString","coordinates":[[76.9377886,43.2566982],[76.9377601,43.2568775],[76.9377252,43.2569166],[76.9376609,43.25694],[76.9376307,43.2569384],[76.9373244,43.2569218],[76.9372721,43.256919],[76.9369106,43.2568994],[76.9366625,43.256886],[76.936427,43.2568733]]},"properties":{"osm_id":370404281,"osm_type":"way","name":"","address":"","source":"OpenStreetMap","source_url":"https://www.openstreetmap.org/way/370404281","highway":"service","oneway":"","lanes":"","maxspeed":""}},{"type":"Feature","id":"way/663317530","geometry":{"type":"LineString","coordinates":[[76.9392576,43.2585318],[76.9390871,43.2585205],[76.9390616,43.2585188],[76.9382662,43.258469]]},"properties":{"osm_id":663317530,"osm_type":"way","name":"","address":"","source":"OpenStreetMap","source_url":"https://www.openstreetmap.org/way/663317530","highway":"service","oneway":"","lanes":"","maxspeed":""}},{"type":"Feature","id":"way/51215747","geometry":{"type":"LineString","coordinates":[[76.940057,43.2299127],[76.9403511,43.230011],[76.9404359,43.230012],[76.9412555,43.2298064],[76.9414985,43.2299568],[76.9415463,43.2300291],[76.9417213,43.2301985]]},"properties":{"osm_id":51215747,"osm_type":"way","name":"","address":"","source":"OpenStreetMap","source_url":"https://www.openstreetmap.org/way/51215747","highway":"service","oneway":"","lanes":"","maxspeed":""}},{"type":"Feature","id":"way/432526769","geometry":{"type":"LineString","coordinates":[[76.9425201,43.2352726],[76.9423426,43.2352853],[76.9422883,43.2353041],[76.9422379,43.2353323],[76.9421966,43.2353819],[76.9421604,43.2354443]]},"properties":{"osm_id":432526769,"osm_type":"way","name":"","address":"","source":"OpenStreetMap","source_url":"https://www.openstreetmap.org/way/432526769","highway":"tertiary_link","oneway":"yes","lanes":"1","maxspeed":""}},{"type":"Feature","id":"way/1500994127","geometry":{"type":"LineString","coordinates":[[76.9423982,43.2381469],[76.9421839,43.2381334],[76.9420524,43.2381251],[76.9418728,43.2381138]]},"properties":{"osm_id":1500994127,"osm_type":"way","name":"улица Сатпаева","address":"","source":"OpenStreetMap","source_url":"https://www.openstreetmap.org/way/1500994127","highway":"secondary","oneway":"","lanes":"5","maxspeed":""}},{"type":"Feature","id":"way/295089210","geometry":{"type":"LineString","coordinates":[[76.9411378,43.2419066],[76.941154,43.2417811],[76.941158,43.241749],[76.9411708,43.2416472],[76.9412877,43.2407165],[76.9414067,43.2397271],[76.9415751,43.2383668],[76.9415881,43.2382614]]},"properties":{"osm_id":295089210,"osm_type":"way","name":"улица Желтоксан","address":"","source":"OpenStreetMap","source_url":"https://www.openstreetmap.org/way/295089210","highway":"secondary","oneway":"yes","lanes":"3","maxspeed":"RU:urban"}},{"type":"Feature","id":"way/257724952","geometry":{"type":"LineString","coordinates":[[76.9430979,43.2421873],[76.9430788,43.2423231],[76.9430568,43.2424803],[76.9429683,43.2431135],[76.9429251,43.2434217],[76.9429223,43.2434416],[76.942887,43.2436935],[76.9428777,43.2437606],[76.9428059,43.2442817],[76.9427961,43.2443471]]},"properties":{"osm_id":257724952,"osm_type":"way","name":"проспект Абылай Хана","address":"","source":"OpenStreetMap","source_url":"https://www.openstreetmap.org/way/257724952","highway":"tertiary","oneway":"","lanes":"4","maxspeed":""}},{"type":"Feature","id":"way/1185785533","geometry":{"type":"LineString","coordinates":[[76.9443644,43.2462224],[76.944285,43.2462169],[76.9432358,43.2461442],[76.9428179,43.2461152],[76.9426984,43.2461069],[76.9425628,43.2460975]]},"properties":{"osm_id":1185785533,"osm_type":"way","name":"улица Шевченко","address":"","source":"OpenStreetMap","source_url":"https://www.openstreetmap.org/way/1185785533","highway":"tertiary","oneway":"yes","lanes":"4","maxspeed":""}},{"type":"Feature","id":"way/1123881600","geometry":{"type":"LineString","coordinates":[[76.9423504,43.2477999],[76.9422355,43.2488059],[76.9421678,43.2493992],[76.9421574,43.2494899]]},"properties":{"osm_id":1123881600,"osm_type":"way","name":"проспект Абылай Хана","address":"","source":"OpenStreetMap","source_url":"https://www.openstreetmap.org/way/1123881600","highway":"tertiary","oneway":"","lanes":"4","maxspeed":""}},{"type":"Feature","id":"way/1186969093","geometry":{"type":"LineString","coordinates":[[76.9417587,43.2528705],[76.9415668,43.2528572],[76.940436,43.2527785],[76.9401342,43.2527575],[76.9399748,43.2527464]]},"properties":{"osm_id":1186969093,"osm_type":"way","name":"улица Богенбай Батыра","address":"","source":"OpenStreetMap","source_url":"https://www.openstreetmap.org/way/1186969093","highway":"tertiary","oneway":"yes","lanes":"3","maxspeed":""}},{"type":"Feature","id":"way/912355898","geometry":{"type":"LineString","coordinates":[[76.9414601,43.2551267],[76.9413095,43.2562424]]},"properties":{"osm_id":912355898,"osm_type":"way","name":"проспект Абылай Хана","address":"","source":"OpenStreetMap","source_url":"https://www.openstreetmap.org/way/912355898","highway":"tertiary","oneway":"","lanes":"4","maxspeed":""}},{"type":"Feature","id":"way/912354954","geometry":{"type":"LineString","coordinates":[[76.9410694,43.2579502],[76.941055,43.2580632],[76.9409699,43.2587308],[76.9409307,43.2590384]]},"properties":{"osm_id":912354954,"osm_type":"way","name":"проспект Абылай Хана","address":"","source":"OpenStreetMap","source_url":"https://www.openstreetmap.org/way/912354954","highway":"tertiary","oneway":"","lanes":"4","maxspeed":""}},{"type":"Feature","id":"way/1415090535","geometry":{"type":"LineString","coordinates":[[76.9457769,43.2305922],[76.9459045,43.2305747],[76.9459246,43.2305719],[76.9460524,43.23055],[76.9460893,43.2305437],[76.9460687,43.2304475],[76.9459803,43.2303981],[76.9459355,43.2303893],[76.9459105,43.230389],[76.9458713,43.2303884],[76.9457853,43.2304387],[76.9457677,43.2304519],[76.9457284,43.2304811],[76.9457336,43.2305516],[76.9457357,43.230579],[76.9457769,43.2305922]]},"properties":{"osm_id":1415090535,"osm_type":"way","name":"","address":"","source":"OpenStreetMap","source_url":"https://www.openstreetmap.org/way/1415090535","highway":"pedestrian","oneway":"","lanes":"","maxspeed":""}},{"type":"Feature","id":"way/1457521818","geometry":{"type":"LineString","coordinates":[[76.9460093,43.2333236],[76.9462335,43.2333381],[76.9463251,43.233344],[76.9467843,43.2333736]]},"properties":{"osm_id":1457521818,"osm_type":"way","name":"","address":"","source":"OpenStreetMap","source_url":"https://www.openstreetmap.org/way/1457521818","highway":"service","oneway":"","lanes":"","maxspeed":""}},{"type":"Feature","id":"way/432526947","geometry":{"type":"LineString","coordinates":[[76.9489506,43.2375676],[76.9487938,43.237484],[76.9481697,43.2371656],[76.9480921,43.2371441],[76.9478736,43.2371296],[76.9476864,43.2371159],[76.947309,43.2370883],[76.9460175,43.2369896],[76.9458729,43.2369776],[76.9454045,43.2369419],[76.9452621,43.2369328],[76.9452255,43.2369303],[76.9441293,43.2368565],[76.9440791,43.2368531],[76.9440553,43.2368515],[76.9439746,43.2368447],[76.9436008,43.2368149],[76.9433,43.2367896],[76.9431789,43.2368014],[76.9425255,43.2370195],[76.9423665,43.2370764],[76.941963,43.2370481]]},"properties":{"osm_id":432526947,"osm_type":"way","name":"","address":"","source":"OpenStreetMap","source_url":"https://www.openstreetmap.org/way/432526947","highway":"service","oneway":"yes","lanes":"2","maxspeed":"RU:urban"}},{"type":"Feature","id":"way/1208249029","geometry":{"type":"LineString","coordinates":[[76.9465172,43.2388928],[76.9456102,43.2394161],[76.9455558,43.2394474],[76.9455334,43.2394757]]},"properties":{"osm_id":1208249029,"osm_type":"way","name":"улица Байсеитовой","address":"","source":"OpenStreetMap","source_url":"https://www.openstreetmap.org/way/1208249029","highway":"residential","oneway":"","lanes":"1","maxspeed":"20"}},{"type":"Feature","id":"way/1185785535","geometry":{"type":"LineString","coordinates":[[76.9463131,43.2445979],[76.9464556,43.2446071],[76.946796,43.2446296],[76.9471147,43.2446542],[76.9478577,43.2447116],[76.9480418,43.2447252]]},"properties":{"osm_id":1185785535,"osm_type":"way","name":"улица Курмангазы","address":"","source":"OpenStreetMap","source_url":"https://www.openstreetmap.org/way/1185785535","highway":"tertiary","oneway":"yes","lanes":"4","maxspeed":""}},{"type":"Feature","id":"way/911113667","geometry":{"type":"LineString","coordinates":[[76.9478696,43.2460549],[76.9479,43.2458199]]},"properties":{"osm_id":911113667,"osm_type":"way","name":"проспект Назарбаева","address":"","source":"OpenStreetMap","source_url":"https://www.openstreetmap.org/way/911113667","highway":"secondary","oneway":"","lanes":"4","maxspeed":""}},{"type":"Feature","id":"way/553241948","geometry":{"type":"LineString","coordinates":[[76.9471523,43.249857],[76.9472238,43.2498634],[76.9473846,43.2498794]]},"properties":{"osm_id":553241948,"osm_type":"way","name":"улица Кабанбай Батыра","address":"","source":"OpenStreetMap","source_url":"https://www.openstreetmap.org/way/553241948","highway":"tertiary","oneway":"yes","lanes":"4","maxspeed":""}},{"type":"Feature","id":"way/911116547","geometry":{"type":"LineString","coordinates":[[76.9470307,43.2525312],[76.9470663,43.2522732]]},"properties":{"osm_id":911116547,"osm_type":"way","name":"проспект Назарбаева","address":"","source":"OpenStreetMap","source_url":"https://www.openstreetmap.org/way/911116547","highway":"secondary","oneway":"","lanes":"4","maxspeed":""}},{"type":"Feature","id":"way/1233264332","geometry":{"type":"LineString","coordinates":[[76.9447037,43.2548334],[76.9448009,43.2548397],[76.9449407,43.2548505]]},"properties":{"osm_id":1233264332,"osm_type":"way","name":"улица Толе би","address":"","source":"OpenStreetMap","source_url":"https://www.openstreetmap.org/way/1233264332","highway":"secondary","oneway":"","lanes":"4","maxspeed":""}},{"type":"Feature","id":"way/233042674","geometry":{"type":"LineString","coordinates":[[76.9446331,43.2582063],[76.9449788,43.2582349],[76.9450542,43.2582412],[76.9452199,43.2582549],[76.9452953,43.2582576],[76.9455688,43.2582748],[76.9456188,43.2582779],[76.9456781,43.2582816],[76.9461667,43.2583125],[76.946283,43.2583179]]},"properties":{"osm_id":233042674,"osm_type":"way","name":"улица Айтеке Би","address":"","source":"OpenStreetMap","source_url":"https://www.openstreetmap.org/way/233042674","highway":"residential","oneway":"","lanes":"2","maxspeed":""}},{"type":"Feature","id":"way/228173592","geometry":{"type":"LineString","coordinates":[[76.9495649,43.2329847],[76.9495748,43.2329045],[76.9496648,43.2322831]]},"properties":{"osm_id":228173592,"osm_type":"way","name":"проспект Назарбаева","address":"","source":"OpenStreetMap","source_url":"https://www.openstreetmap.org/way/228173592","highway":"secondary","oneway":"","lanes":"4","maxspeed":""}},{"type":"Feature","id":"way/313445159","geometry":{"type":"LineString","coordinates":[[76.9494561,43.2337991],[76.94953,43.2332457]]},"properties":{"osm_id":313445159,"osm_type":"way","name":"проспект Назарбаева","address":"","source":"OpenStreetMap","source_url":"https://www.openstreetmap.org/way/313445159","highway":"secondary","oneway":"","lanes":"4","maxspeed":"40"}},{"type":"Feature","id":"way/911109625","geometry":{"type":"LineString","coordinates":[[76.948884,43.2381627],[76.9488943,43.238071],[76.9488991,43.238028],[76.9489506,43.2375676]]},"properties":{"osm_id":911109625,"osm_type":"way","name":"проспект Назарбаева","address":"","source":"OpenStreetMap","source_url":"https://www.openstreetmap.org/way/911109625","highway":"secondary","oneway":"","lanes":"4","maxspeed":""}},{"type":"Feature","id":"way/313445158","geometry":{"type":"LineString","coordinates":[[76.9484801,43.2413748],[76.9485561,43.2407851]]},"properties":{"osm_id":313445158,"osm_type":"way","name":"проспект Назарбаева","address":"","source":"OpenStreetMap","source_url":"https://www.openstreetmap.org/way/313445158","highway":"secondary","oneway":"","lanes":"5","maxspeed":""}},{"type":"Feature","id":"way/171895231","geometry":{"type":"LineString","coordinates":[[76.9483211,43.2425555],[76.9483302,43.2424841]]},"properties":{"osm_id":171895231,"osm_type":"way","name":"проспект Назарбаева","address":"","source":"OpenStreetMap","source_url":"https://www.openstreetmap.org/way/171895231","highway":"secondary","oneway":"","lanes":"4","maxspeed":""}},{"type":"Feature","id":"way/920738159","geometry":{"type":"LineString","coordinates":[[76.9512553,43.2467213],[76.9512428,43.2468422]]},"properties":{"osm_id":920738159,"osm_type":"way","name":"улица Кунаева","address":"","source":"OpenStreetMap","source_url":"https://www.openstreetmap.org/way/920738159","highway":"tertiary","oneway":"","lanes":"4","maxspeed":""}},{"type":"Feature","id":"way/1559040806","geometry":{"type":"LineString","coordinates":[[76.9509213,43.2493704],[76.950855,43.2499914],[76.9508411,43.2501122]]},"properties":{"osm_id":1559040806,"osm_type":"way","name":"улица Кунаева","address":"","source":"OpenStreetMap","source_url":"https://www.openstreetmap.org/way/1559040806","highway":"tertiary","oneway":"","lanes":"","maxspeed":""}},{"type":"Feature","id":"way/920727961","geometry":{"type":"LineString","coordinates":[[76.9506958,43.2512166],[76.950678,43.2513497]]},"properties":{"osm_id":920727961,"osm_type":"way","name":"улица Кунаева","address":"","source":"OpenStreetMap","source_url":"https://www.openstreetmap.org/way/920727961","highway":"tertiary","oneway":"","lanes":"4","maxspeed":""}},{"type":"Feature","id":"way/384959691","geometry":{"type":"LineString","coordinates":[[76.950174,43.2553257],[76.9501106,43.2558173],[76.9500984,43.2559117],[76.9500895,43.2559811],[76.9499856,43.2567865],[76.9499776,43.2568488]]},"properties":{"osm_id":384959691,"osm_type":"way","name":"улица Кунаева","address":"","source":"OpenStreetMap","source_url":"https://www.openstreetmap.org/way/384959691","highway":"tertiary","oneway":"","lanes":"4","maxspeed":""}},{"type":"Feature","id":"way/1132672548","geometry":{"type":"LineString","coordinates":[[76.9492505,43.2577784],[76.9491608,43.2578161],[76.949096,43.2581912],[76.9492595,43.2582343],[76.949373,43.258242],[76.9495474,43.2582539],[76.9496044,43.2582656],[76.9496614,43.2582773],[76.9498095,43.2583008]]},"properties":{"osm_id":1132672548,"osm_type":"way","name":"","address":"","source":"OpenStreetMap","source_url":"https://www.openstreetmap.org/way/1132672548","highway":"service","oneway":"","lanes":"","maxspeed":""}},{"type":"Feature","id":"way/235260970","geometry":{"type":"LineString","coordinates":[[76.9524984,43.2308988],[76.9525077,43.2308495],[76.9525229,43.2307687],[76.9525594,43.2305187],[76.9526216,43.2300637],[76.9526388,43.2299357],[76.9526416,43.2299165],[76.9526516,43.2298482],[76.9526785,43.2295987],[76.9526917,43.2294697],[76.9527121,43.2293951],[76.9527311,43.2293618],[76.9527527,43.2293382]]},"properties":{"osm_id":235260970,"osm_type":"way","name":"улица Снегина","address":"","source":"OpenStreetMap","source_url":"https://www.openstreetmap.org/way/235260970","highway":"residential","oneway":"","lanes":"","maxspeed":"40"}},{"type":"Feature","id":"way/1559802798","geometry":{"type":"LineString","coordinates":[[76.9534318,43.234085],[76.953371,43.2340808]]},"properties":{"osm_id":1559802798,"osm_type":"way","name":"улица Жолдасбекова","address":"","source":"OpenStreetMap","source_url":"https://www.openstreetmap.org/way/1559802798","highway":"tertiary","oneway":"","lanes":"4","maxspeed":"60"}},{"type":"Feature","id":"way/294172684","geometry":{"type":"LineString","coordinates":[[76.9516431,43.2385307],[76.9518196,43.2385453],[76.9520663,43.2385663],[76.9523207,43.2385873],[76.9525566,43.2386067],[76.9527088,43.2386192]]},"properties":{"osm_id":294172684,"osm_type":"way","name":"","address":"","source":"OpenStreetMap","source_url":"https://www.openstreetmap.org/way/294172684","highway":"service","oneway":"","lanes":"","maxspeed":""}},{"type":"Feature","id":"way/1425819464","geometry":{"type":"LineString","coordinates":[[76.9573821,43.2393668],[76.9571697,43.2394722],[76.9560544,43.2394016],[76.9542195,43.2392652],[76.9541423,43.2392595]]},"properties":{"osm_id":1425819464,"osm_type":"way","name":"улица Сатпаева","address":"","source":"OpenStreetMap","source_url":"https://www.openstreetmap.org/way/1425819464","highway":"secondary","oneway":"yes","lanes":"3","maxspeed":""}},{"type":"Feature","id":"way/1208249027","geometry":{"type":"LineString","coordinates":[[76.953229,43.2450608],[76.9532421,43.2449409],[76.9533011,43.2443306],[76.9533306,43.2440674],[76.9533765,43.2436589],[76.95339,43.2436332],[76.9534098,43.2436186],[76.9534278,43.2436123],[76.9534516,43.2436155],[76.9534782,43.243624],[76.9534892,43.243638],[76.9534944,43.2436617],[76.9534776,43.2438141],[76.9533927,43.2445817],[76.9533523,43.2449473],[76.9533405,43.2450672]]},"properties":{"osm_id":1208249027,"osm_type":"way","name":"улица Шокана Валиханова","address":"","source":"OpenStreetMap","source_url":"https://www.openstreetmap.org/way/1208249027","highway":"residential","oneway":"yes","lanes":"","maxspeed":""}},{"type":"Feature","id":"way/183604223","geometry":{"type":"LineString","coordinates":[[76.954956,43.2451913],[76.9549413,43.2453179],[76.9548527,43.2460129],[76.9548068,43.2463726],[76.9547464,43.2468458],[76.9547305,43.2469706]]},"properties":{"osm_id":183604223,"osm_type":"way","name":"улица Пушкина","address":"","source":"OpenStreetMap","source_url":"https://www.openstreetmap.org/way/183604223","highway":"residential","oneway":"","lanes":"","maxspeed":""}},{"type":"Feature","id":"way/53278747","geometry":{"type":"LineString","coordinates":[[76.9525906,43.2497784],[76.9525938,43.2497544],[76.9526776,43.2491224],[76.9527481,43.2485905],[76.9527574,43.2485205],[76.9528047,43.2481681],[76.9528712,43.2476085]]},"properties":{"osm_id":53278747,"osm_type":"way","name":"улица Шокана Валиханова","address":"","source":"OpenStreetMap","source_url":"https://www.openstreetmap.org/way/53278747","highway":"pedestrian","oneway":"","lanes":"","maxspeed":""}},{"type":"Feature","id":"way/53278703","geometry":{"type":"LineString","coordinates":[[76.9525313,43.2502362],[76.9525591,43.25036],[76.9525234,43.2506853],[76.9524801,43.2510565],[76.9523924,43.2518072],[76.9523846,43.2519121],[76.9523487,43.2522228],[76.9522051,43.2532514],[76.952173,43.2535027],[76.9521605,43.2535971],[76.9521465,43.2537021],[76.9519459,43.2552025],[76.9519305,43.2553179],[76.9519169,43.2554157],[76.9518734,43.2557417],[76.9518443,43.2559384],[76.9518196,43.2561164],[76.951709,43.256913],[76.9517013,43.2569686]]},"properties":{"osm_id":53278703,"osm_type":"way","name":"улица Шокана Валиханова","address":"","source":"OpenStreetMap","source_url":"https://www.openstreetmap.org/way/53278703","highway":"residential","oneway":"yes","lanes":"","maxspeed":""}},{"type":"Feature","id":"way/911230567","geometry":{"type":"LineString","coordinates":[[76.9554138,43.2548659],[76.955475,43.2543893]]},"properties":{"osm_id":911230567,"osm_type":"way","name":"проспект Достык","address":"","source":"OpenStreetMap","source_url":"https://www.openstreetmap.org/way/911230567","highway":"secondary","oneway":"","lanes":"4","maxspeed":""}},{"type":"Feature","id":"way/911220199","geometry":{"type":"LineString","coordinates":[[76.9590564,43.2329665],[76.9590908,43.2328777],[76.9592167,43.2325527]]},"properties":{"osm_id":911220199,"osm_type":"way","name":"проспект Достык","address":"","source":"OpenStreetMap","source_url":"https://www.openstreetmap.org/way/911220199","highway":"secondary","oneway":"","lanes":"4","maxspeed":"40"}},{"type":"Feature","id":"way/1446517203","geometry":{"type":"LineString","coordinates":[[76.9581898,43.2352409],[76.958317,43.2349006]]},"properties":{"osm_id":1446517203,"osm_type":"way","name":"проспект Достык","address":"","source":"OpenStreetMap","source_url":"https://www.openstreetmap.org/way/1446517203","highway":"secondary","oneway":"","lanes":"4","maxspeed":""}},{"type":"Feature","id":"way/911221107","geometry":{"type":"LineString","coordinates":[[76.9576638,43.2370781],[76.9577112,43.2366761]]},"properties":{"osm_id":911221107,"osm_type":"way","name":"проспект Достык","address":"","source":"OpenStreetMap","source_url":"https://www.openstreetmap.org/way/911221107","highway":"secondary","oneway":"","lanes":"4","maxspeed":""}},{"type":"Feature","id":"way/920689543","geometry":{"type":"LineString","coordinates":[[76.9586379,43.2393249],[76.9584945,43.2393227],[76.9575755,43.2393333],[76.9573821,43.2393668]]},"properties":{"osm_id":920689543,"osm_type":"way","name":"улица Сатпаева","address":"","source":"OpenStreetMap","source_url":"https://www.openstreetmap.org/way/920689543","highway":"tertiary","oneway":"","lanes":"4","maxspeed":"RU:urban"}},{"type":"Feature","id":"way/533334595","geometry":{"type":"LineString","coordinates":[[76.9568703,43.2435499],[76.956888,43.2434019],[76.9569058,43.2432538],[76.9569207,43.2431291]]},"properties":{"osm_id":533334595,"osm_type":"way","name":"проспект Достык","address":"","source":"OpenStreetMap","source_url":"https://www.openstreetmap.org/way/533334595","highway":"secondary","oneway":"","lanes":"5","maxspeed":""}},{"type":"Feature","id":"way/255768618","geometry":{"type":"LineString","coordinates":[[76.956636,43.2453216],[76.9567846,43.2453598],[76.957651,43.2454301],[76.957669,43.2454316],[76.9582583,43.2454803],[76.9583637,43.245489],[76.9584944,43.2454989],[76.9588422,43.2455254],[76.959304,43.2455606],[76.959394,43.2455682],[76.9595029,43.2455758],[76.9598538,43.2455939]]},"properties":{"osm_id":255768618,"osm_type":"way","name":"улица Курмангазы","address":"","source":"OpenStreetMap","source_url":"https://www.openstreetmap.org/way/255768618","highway":"tertiary","oneway":"no","lanes":"2","maxspeed":""}},{"type":"Feature","id":"way/1412113039","geometry":{"type":"LineString","coordinates":[[76.9575159,43.2505777],[76.9576938,43.2505894],[76.9578388,43.2506006]]},"properties":{"osm_id":1412113039,"osm_type":"way","name":"улица Кабанбай батыра","address":"","source":"OpenStreetMap","source_url":"https://www.openstreetmap.org/way/1412113039","highway":"tertiary","oneway":"yes","lanes":"","maxspeed":""}},{"type":"Feature","id":"way/517244042","geometry":{"type":"LineString","coordinates":[[76.9574587,43.2522609],[76.9575481,43.2522673],[76.9590113,43.252372],[76.9591353,43.2523809]]},"properties":{"osm_id":517244042,"osm_type":"way","name":"улица Карасай батыра","address":"","source":"OpenStreetMap","source_url":"https://www.openstreetmap.org/way/517244042","highway":"residential","oneway":"","lanes":"","maxspeed":""}},{"type":"Feature","id":"way/1420130624","geometry":{"type":"LineString","coordinates":[[76.957571,43.2556966],[76.9585026,43.2557525],[76.9586881,43.2557636]]},"properties":{"osm_id":1420130624,"osm_type":"way","name":"улица Толе би","address":"","source":"OpenStreetMap","source_url":"https://www.openstreetmap.org/way/1420130624","highway":"secondary","oneway":"","lanes":"4","maxspeed":""}},{"type":"Feature","id":"way/1320017084","geometry":{"type":"LineString","coordinates":[[76.9585292,43.2569318],[76.9585166,43.2570284],[76.9584777,43.2573271],[76.9584598,43.2574383]]},"properties":{"osm_id":1320017084,"osm_type":"way","name":"улица Калдаякова","address":"","source":"OpenStreetMap","source_url":"https://www.openstreetmap.org/way/1320017084","highway":"tertiary","oneway":"","lanes":"","maxspeed":""}},{"type":"Feature","id":"way/1409697580","geometry":{"type":"LineString","coordinates":[[76.9217137,43.2321172],[76.9217495,43.2320249]]},"properties":{"osm_id":1409697580,"osm_type":"way","name":"","address":"","source":"OpenStreetMap","source_url":"https://www.openstreetmap.org/way/1409697580","highway":"tertiary","oneway":"yes","lanes":"","maxspeed":""}},{"type":"Feature","id":"way/1085142626","geometry":{"type":"LineString","coordinates":[[76.922974,43.2357159],[76.9229387,43.2355481],[76.922932,43.2355225],[76.9229046,43.235417],[76.9228748,43.235274]]},"properties":{"osm_id":1085142626,"osm_type":"way","name":"улица Шагабутдинова","address":"","source":"OpenStreetMap","source_url":"https://www.openstreetmap.org/way/1085142626","highway":"residential","oneway":"yes","lanes":"","maxspeed":""}},{"type":"Feature","id":"way/1409697569","geometry":{"type":"LineString","coordinates":[[76.9209078,43.2367199],[76.9212609,43.2367442]]},"properties":{"osm_id":1409697569,"osm_type":"way","name":"улица Сатпаева","address":"","source":"OpenStreetMap","source_url":"https://www.openstreetmap.org/way/1409697569","highway":"secondary","oneway":"no","lanes":"4","maxspeed":""}},{"type":"Feature","id":"way/1483750687","geometry":{"type":"LineString","coordinates":[[76.9215942,43.2404544],[76.9216219,43.2405163],[76.9234832,43.2406444],[76.9235368,43.2406305],[76.9235763,43.2405856],[76.9234992,43.2405585],[76.9229489,43.2405251],[76.9228487,43.240519],[76.9225051,43.2404981],[76.9225139,43.2404221],[76.9224262,43.2404212],[76.9224097,43.2404241],[76.922394,43.2404306],[76.9223809,43.2404397],[76.9223714,43.2404647],[76.9223725,43.2404799],[76.9219024,43.2404495],[76.9218352,43.2404452],[76.9218406,43.2404325],[76.9218439,43.2404194],[76.9218412,43.2404078],[76.921832,43.2403975],[76.9218215,43.2403889],[76.9218048,43.24038],[76.9218181,43.240361],[76.9217684,43.240358],[76.9217546,43.2404535],[76.9216027,43.2404419],[76.9215942,43.2404544]]},"properties":{"osm_id":1483750687,"osm_type":"way","name":"","address":"","source":"OpenStreetMap","source_url":"https://www.openstreetmap.org/way/1483750687","highway":"pedestrian","oneway":"","lanes":"","maxspeed":""}},{"type":"Feature","id":"way/23979403","geometry":{"type":"LineString","coordinates":[[76.9238908,43.2408547],[76.9238743,43.2409849],[76.9238002,43.2415689],[76.9237354,43.2420801],[76.9237241,43.2421617],[76.9236209,43.2429114],[76.9236162,43.2429452],[76.9236008,43.2430713],[76.9235866,43.2431872],[76.9234101,43.2446305],[76.9233949,43.2447552]]},"properties":{"osm_id":23979403,"osm_type":"way","name":"улица Ади Шарипова","address":"","source":"OpenStreetMap","source_url":"https://www.openstreetmap.org/way/23979403","highway":"residential","oneway":"yes","lanes":"2","maxspeed":""}},{"type":"Feature","id":"way/910478260","geometry":{"type":"LineString","coordinates":[[76.9195287,43.2472381],[76.9196101,43.2472414],[76.9199341,43.2472594],[76.9201816,43.2472911],[76.9203161,43.2473288],[76.9203555,43.2473398],[76.9204826,43.2473885],[76.9206223,43.2474016],[76.9207851,43.2473872],[76.9209185,43.2473743],[76.9211437,43.247363],[76.921341,43.2473572]]},"properties":{"osm_id":910478260,"osm_type":"way","name":"","address":"","source":"OpenStreetMap","source_url":"https://www.openstreetmap.org/way/910478260","highway":"service","oneway":"","lanes":"","maxspeed":""}},{"type":"Feature","id":"way/1187506598","geometry":{"type":"LineString","coordinates":[[76.9234061,43.2516199],[76.9234049,43.2513452],[76.9233701,43.2513061],[76.9233084,43.2512885],[76.9230428,43.251224],[76.923008,43.251183],[76.9229999,43.2511166],[76.9230676,43.2505248],[76.9231018,43.2502257],[76.9231233,43.2501886],[76.9231797,43.2501575],[76.9242172,43.2502614],[76.9242628,43.2502872],[76.9242807,43.2503245]]},"properties":{"osm_id":1187506598,"osm_type":"way","name":"","address":"","source":"OpenStreetMap","source_url":"https://www.openstreetmap.org/way/1187506598","highway":"residential","oneway":"","lanes":"","maxspeed":""}},{"type":"Feature","id":"way/1155426003","geometry":{"type":"LineString","coordinates":[[76.9225045,43.251555],[76.9230899,43.2515971],[76.9234061,43.2516199],[76.9235038,43.2516269],[76.924216,43.2516595]]},"properties":{"osm_id":1155426003,"osm_type":"way","name":"улица Богенбай Батыра","address":"","source":"OpenStreetMap","source_url":"https://www.openstreetmap.org/way/1155426003","highway":"residential","oneway":"","lanes":"","maxspeed":""}},{"type":"Feature","id":"way/1563109761","geometry":{"type":"LineString","coordinates":[[76.9228692,43.2555713],[76.9228822,43.2554839],[76.9229093,43.2554362],[76.9229355,43.2554161],[76.9230498,43.2554245],[76.9230512,43.255414],[76.9231371,43.2554203],[76.9231356,43.255431],[76.9232325,43.2554381],[76.923302,43.255441],[76.9232817,43.2555988],[76.9232246,43.2555947],[76.9230841,43.2555852],[76.9230824,43.2555983],[76.9230023,43.2555929],[76.9230039,43.2555804],[76.9228692,43.2555713]]},"properties":{"osm_id":1563109761,"osm_type":"way","name":"","address":"","source":"OpenStreetMap","source_url":"https://www.openstreetmap.org/way/1563109761","highway":"pedestrian","oneway":"","lanes":"","maxspeed":""}},{"type":"Feature","id":"way/1282506765","geometry":{"type":"LineString","coordinates":[[76.9235099,43.2591907],[76.923347,43.2591813]]},"properties":{"osm_id":1282506765,"osm_type":"way","name":"","address":"","source":"OpenStreetMap","source_url":"https://www.openstreetmap.org/way/1282506765","highway":"service","oneway":"","lanes":"","maxspeed":""}},{"type":"Feature","id":"way/292863027","geometry":{"type":"LineString","coordinates":[[76.9239897,43.2288812],[76.9240349,43.2289109],[76.9242069,43.229024],[76.9244671,43.2291951],[76.9256268,43.2299776],[76.9257064,43.2300289]]},"properties":{"osm_id":292863027,"osm_type":"way","name":"","address":"","source":"OpenStreetMap","source_url":"https://www.openstreetmap.org/way/292863027","highway":"living_street","oneway":"","lanes":"","maxspeed":""}},{"type":"Feature","id":"way/605093942","geometry":{"type":"LineString","coordinates":[[76.9269356,43.232674],[76.9262843,43.2331735],[76.9258433,43.2335117],[76.9255454,43.2337401],[76.9254725,43.233796],[76.9252858,43.2339363],[76.9252111,43.2339965]]},"properties":{"osm_id":605093942,"osm_type":"way","name":"улица Маркова","address":"","source":"OpenStreetMap","source_url":"https://www.openstreetmap.org/way/605093942","highway":"residential","oneway":"","lanes":"","maxspeed":""}},{"type":"Feature","id":"way/1553933465","geometry":{"type":"LineString","coordinates":[[76.9271998,43.2371289],[76.9277061,43.2371625],[76.927962,43.237181]]},"properties":{"osm_id":1553933465,"osm_type":"way","name":"улица Сатпаева","address":"","source":"OpenStreetMap","source_url":"https://www.openstreetmap.org/way/1553933465","highway":"secondary","oneway":"no","lanes":"4","maxspeed":""}},{"type":"Feature","id":"way/1374191445","geometry":{"type":"LineString","coordinates":[[76.9216051,43.2405775],[76.9220442,43.2406022],[76.9228953,43.2406618],[76.9235847,43.2407098],[76.9236761,43.2407162],[76.9241353,43.2407473],[76.9242781,43.240757],[76.9250553,43.2408096],[76.9261454,43.2408835],[76.9269821,43.2409402],[76.9271917,43.2409544],[76.9273772,43.2409667]]},"properties":{"osm_id":1374191445,"osm_type":"way","name":"проспект Абая","address":"","source":"OpenStreetMap","source_url":"https://www.openstreetmap.org/way/1374191445","highway":"secondary","oneway":"yes","lanes":"4","maxspeed":"60"}},{"type":"Feature","id":"way/1200743980","geometry":{"type":"LineString","coordinates":[[76.9271692,43.2425863],[76.927336,43.2425997],[76.9277394,43.2426295],[76.9281377,43.2426559]]},"properties":{"osm_id":1200743980,"osm_type":"way","name":"","address":"","source":"OpenStreetMap","source_url":"https://www.openstreetmap.org/way/1200743980","highway":"service","oneway":"","lanes":"","maxspeed":""}},{"type":"Feature","id":"way/1207074392","geometry":{"type":"LineString","coordinates":[[76.924983,43.2459081],[76.9248513,43.2458986],[76.9247335,43.2458901],[76.9240361,43.2458397]]},"properties":{"osm_id":1207074392,"osm_type":"way","name":"","address":"","source":"OpenStreetMap","source_url":"https://www.openstreetmap.org/way/1207074392","highway":"service","oneway":"","lanes":"","maxspeed":""}},{"type":"Feature","id":"way/429341202","geometry":{"type":"LineString","coordinates":[[76.9277359,43.2484106],[76.9271138,43.2483478],[76.9267517,43.2483166],[76.9266419,43.2483077],[76.9264217,43.2482873]]},"properties":{"osm_id":429341202,"osm_type":"way","name":"","address":"","source":"OpenStreetMap","source_url":"https://www.openstreetmap.org/way/429341202","highway":"service","oneway":"","lanes":"","maxspeed":""}},{"type":"Feature","id":"way/1450165110","geometry":{"type":"LineString","coordinates":[[76.9283072,43.2537099],[76.9282826,43.2537083],[76.927387,43.2536482]]},"properties":{"osm_id":1450165110,"osm_type":"way","name":"улица Толе би","address":"","source":"OpenStreetMap","source_url":"https://www.openstreetmap.org/way/1450165110","highway":"secondary","oneway":"yes","lanes":"2","maxspeed":""}},{"type":"Feature","id":"way/466842694","geometry":{"type":"LineString","coordinates":[[76.924999,43.2566901],[76.9249218,43.256687],[76.9249311,43.2565852]]},"properties":{"osm_id":466842694,"osm_type":"way","name":"","address":"","source":"OpenStreetMap","source_url":"https://www.openstreetmap.org/way/466842694","highway":"service","oneway":"yes","lanes":"","maxspeed":""}},{"type":"Feature","id":"way/698152185","geometry":{"type":"LineString","coordinates":[[76.927806,43.2609072],[76.9277775,43.2611443],[76.9277278,43.2615587],[76.9277214,43.2616117],[76.9276876,43.2618934],[76.9276413,43.2622787],[76.9275556,43.2623725],[76.9268018,43.2623409],[76.9263582,43.2623261],[76.9259215,43.262299],[76.9251764,43.262245],[76.9251044,43.2621775],[76.9251184,43.2620735],[76.9251851,43.2615076],[76.9253089,43.2605822],[76.9253428,43.2603742],[76.9254086,43.2600542],[76.9254657,43.2596306],[76.9255572,43.2589172],[76.925619,43.2588685],[76.9260834,43.2589067],[76.9265846,43.258926]]},"properties":{"osm_id":698152185,"osm_type":"way","name":"","address":"","source":"OpenStreetMap","source_url":"https://www.openstreetmap.org/way/698152185","highway":"service","oneway":"","lanes":"","maxspeed":""}},{"type":"Feature","id":"way/490727028","geometry":{"type":"LineString","coordinates":[[76.9293109,43.2308792],[76.9293982,43.2309422],[76.9310417,43.2321772]]},"properties":{"osm_id":490727028,"osm_type":"way","name":"улица Пирогова","address":"","source":"OpenStreetMap","source_url":"https://www.openstreetmap.org/way/490727028","highway":"residential","oneway":"","lanes":"","maxspeed":""}},{"type":"Feature","id":"way/1320158817","geometry":{"type":"LineString","coordinates":[[76.9322713,43.2345388],[76.9321885,43.2345044],[76.9313326,43.2340025],[76.9312363,43.2339388],[76.9311908,43.2339086],[76.9311146,43.2338582]]},"properties":{"osm_id":1320158817,"osm_type":"way","name":"улица Габдулина","address":"","source":"OpenStreetMap","source_url":"https://www.openstreetmap.org/way/1320158817","highway":"residential","oneway":"","lanes":"","maxspeed":""}},{"type":"Feature","id":"way/1416109091","geometry":{"type":"LineString","coordinates":[[76.9295058,43.2372982],[76.9297359,43.2373157]]},"properties":{"osm_id":1416109091,"osm_type":"way","name":"улица Сатпаева","address":"","source":"OpenStreetMap","source_url":"https://www.openstreetmap.org/way/1416109091","highway":"secondary","oneway":"no","lanes":"5","maxspeed":"RU:urban"}},{"type":"Feature","id":"way/1331126438","geometry":{"type":"LineString","coordinates":[[76.9307738,43.2413397],[76.9307889,43.2412189]]},"properties":{"osm_id":1331126438,"osm_type":"way","name":"улица Масанчи","address":"","source":"OpenStreetMap","source_url":"https://www.openstreetmap.org/way/1331126438","highway":"tertiary","oneway":"yes","lanes":"","maxspeed":""}},{"type":"Feature","id":"way/1272645241","geometry":{"type":"LineString","coordinates":[[76.9290067,43.2423868],[76.9289397,43.2424986],[76.9289008,43.2425123],[76.9287989,43.242523],[76.9282756,43.2424968],[76.9282814,43.242327],[76.927777,43.2423043]]},"properties":{"osm_id":1272645241,"osm_type":"way","name":"","address":"","source":"OpenStreetMap","source_url":"https://www.openstreetmap.org/way/1272645241","highway":"residential","oneway":"","lanes":"","maxspeed":""}},{"type":"Feature","id":"way/1314401984","geometry":{"type":"LineString","coordinates":[[76.9309074,43.2467974],[76.9309256,43.2466708]]},"properties":{"osm_id":1314401984,"osm_type":"way","name":"","address":"","source":"OpenStreetMap","source_url":"https://www.openstreetmap.org/way/1314401984","highway":"service","oneway":"","lanes":"","maxspeed":""}},{"type":"Feature","id":"way/1447621300","geometry":{"type":"LineString","coordinates":[[76.9296793,43.2502215],[76.9298371,43.2502307],[76.9316249,43.2503397]]},"properties":{"osm_id":1447621300,"osm_type":"way","name":"улица Карасай Батыра","address":"","source":"OpenStreetMap","source_url":"https://www.openstreetmap.org/way/1447621300","highway":"residential","oneway":"yes","lanes":"2","maxspeed":""}},{"type":"Feature","id":"way/1146968967","geometry":{"type":"LineString","coordinates":[[76.9330885,43.2522717],[76.9329146,43.2522597],[76.9328891,43.252258],[76.9317467,43.2521794],[76.930956,43.2521237],[76.9306079,43.252101],[76.9295348,43.2520272],[76.9294434,43.2520209]]},"properties":{"osm_id":1146968967,"osm_type":"way","name":"улица Богенбай Батыра","address":"","source":"OpenStreetMap","source_url":"https://www.openstreetmap.org/way/1146968967","highway":"tertiary","oneway":"yes","lanes":"3","maxspeed":""}},{"type":"Feature","id":"way/1169906836","geometry":{"type":"LineString","coordinates":[[76.9314335,43.2565542],[76.9317861,43.2565699],[76.931864,43.2561695]]},"properties":{"osm_id":1169906836,"osm_type":"way","name":"","address":"","source":"OpenStreetMap","source_url":"https://www.openstreetmap.org/way/1169906836","highway":"service","oneway":"","lanes":"","maxspeed":""}},{"type":"Feature","id":"way/1268287945","geometry":{"type":"LineString","coordinates":[[76.9282742,43.2586967],[76.9284068,43.258706],[76.9284627,43.25871],[76.928468,43.2586924],[76.9284834,43.2586413],[76.9283527,43.2586341],[76.9283081,43.2586697],[76.9282742,43.2586967]]},"properties":{"osm_id":1268287945,"osm_type":"way","name":"","address":"","source":"OpenStreetMap","source_url":"https://www.openstreetmap.org/way/1268287945","highway":"pedestrian","oneway":"","lanes":"","maxspeed":""}},{"type":"Feature","id":"way/314480719","geometry":{"type":"LineString","coordinates":[[76.9336586,43.2319398],[76.9331937,43.2322901],[76.9330761,43.2323787]]},"properties":{"osm_id":314480719,"osm_type":"way","name":"улица Байтурсынова","address":"","source":"OpenStreetMap","source_url":"https://www.openstreetmap.org/way/314480719","highway":"tertiary","oneway":"","lanes":"","maxspeed":""}},{"type":"Feature","id":"way/693656425","geometry":{"type":"LineString","coordinates":[[76.9318721,43.2332887],[76.9319448,43.2333404],[76.9319885,43.2333715],[76.9340751,43.2348566]]},"properties":{"osm_id":693656425,"osm_type":"way","name":"улица Политехническая","address":"","source":"OpenStreetMap","source_url":"https://www.openstreetmap.org/way/693656425","highway":"residential","oneway":"yes","lanes":"","maxspeed":""}},{"type":"Feature","id":"way/539985286","geometry":{"type":"LineString","coordinates":[[76.9347084,43.2376382],[76.935035,43.2376611]]},"properties":{"osm_id":539985286,"osm_type":"way","name":"улица Сатпаева","address":"","source":"OpenStreetMap","source_url":"https://www.openstreetmap.org/way/539985286","highway":"secondary","oneway":"no","lanes":"5","maxspeed":"RU:urban"}},{"type":"Feature","id":"way/1422516702","geometry":{"type":"LineString","coordinates":[[76.9343075,43.2420852],[76.9343348,43.2418356],[76.9343545,43.241655]]},"properties":{"osm_id":1422516702,"osm_type":"way","name":"проспект Сейфуллина","address":"","source":"OpenStreetMap","source_url":"https://www.openstreetmap.org/way/1422516702","highway":"secondary","oneway":"no","lanes":"5","maxspeed":""}},{"type":"Feature","id":"way/1422516689","geometry":{"type":"LineString","coordinates":[[76.9339962,43.2445796],[76.9339675,43.2448292]]},"properties":{"osm_id":1422516689,"osm_type":"way","name":"проспект Сейфуллина","address":"","source":"OpenStreetMap","source_url":"https://www.openstreetmap.org/way/1422516689","highway":"secondary","oneway":"","lanes":"5","maxspeed":""}},{"type":"Feature","id":"way/1447625125","geometry":{"type":"LineString","coordinates":[[76.9336911,43.2471845],[76.9336474,43.2475499]]},"properties":{"osm_id":1447625125,"osm_type":"way","name":"проспект Сейфуллина","address":"","source":"OpenStreetMap","source_url":"https://www.openstreetmap.org/way/1447625125","highway":"secondary","oneway":"","lanes":"4","maxspeed":""}},{"type":"Feature","id":"way/284971680","geometry":{"type":"LineString","coordinates":[[76.9340408,43.2490363],[76.934096,43.2490409],[76.9344041,43.2490723]]},"properties":{"osm_id":284971680,"osm_type":"way","name":"","address":"","source":"OpenStreetMap","source_url":"https://www.openstreetmap.org/way/284971680","highway":"service","oneway":"","lanes":"","maxspeed":""}},{"type":"Feature","id":"way/1342321796","geometry":{"type":"LineString","coordinates":[[76.9347578,43.2523868],[76.9346613,43.2523802],[76.9341257,43.2523432],[76.933293,43.2522858],[76.9332282,43.2522813],[76.9330885,43.2522717]]},"properties":{"osm_id":1342321796,"osm_type":"way","name":"улица Богенбай Батыра","address":"","source":"OpenStreetMap","source_url":"https://www.openstreetmap.org/way/1342321796","highway":"tertiary","oneway":"yes","lanes":"3","maxspeed":""}},{"type":"Feature","id":"way/1342321806","geometry":{"type":"LineString","coordinates":[[76.9345169,43.2541102],[76.9342712,43.2540998]]},"properties":{"osm_id":1342321806,"osm_type":"way","name":"улица Толе би","address":"","source":"OpenStreetMap","source_url":"https://www.openstreetmap.org/way/1342321806","highway":"secondary","oneway":"yes","lanes":"2","maxspeed":""}},{"type":"Feature","id":"way/405538066","geometry":{"type":"LineString","coordinates":[[76.9340229,43.2573069],[76.9340298,43.2572325]]},"properties":{"osm_id":405538066,"osm_type":"way","name":"улица Мауленова","address":"","source":"OpenStreetMap","source_url":"https://www.openstreetmap.org/way/405538066","highway":"residential","oneway":"","lanes":"","maxspeed":""}},{"type":"Feature","id":"way/751465278","geometry":{"type":"LineString","coordinates":[[76.9368649,43.2328323],[76.9369285,43.2325664]]},"properties":{"osm_id":751465278,"osm_type":"way","name":"проспект Сейфуллина","address":"","source":"OpenStreetMap","source_url":"https://www.openstreetmap.org/way/751465278","highway":"secondary","oneway":"yes","lanes":"7","maxspeed":""}},{"type":"Feature","id":"way/693656428","geometry":{"type":"LineString","coordinates":[[76.9362857,43.2350828],[76.9363395,43.2346912],[76.9363888,43.234193],[76.9366516,43.2330398],[76.9366527,43.2329653],[76.9366269,43.2328955],[76.9365731,43.2328412],[76.9364441,43.2327479],[76.9363221,43.2326766],[76.9359724,43.2324839],[76.9355892,43.2322403]]},"properties":{"osm_id":693656428,"osm_type":"way","name":"","address":"","source":"OpenStreetMap","source_url":"https://www.openstreetmap.org/way/693656428","highway":"secondary_link","oneway":"yes","lanes":"2","maxspeed":""}},{"type":"Feature","id":"way/1553930391","geometry":{"type":"LineString","coordinates":[[76.9372561,43.2378119],[76.9365794,43.2377653]]},"properties":{"osm_id":1553930391,"osm_type":"way","name":"улица Сатпаева","address":"","source":"OpenStreetMap","source_url":"https://www.openstreetmap.org/way/1553930391","highway":"secondary","oneway":"no","lanes":"5","maxspeed":"RU:urban"}},{"type":"Feature","id":"way/1321447078","geometry":{"type":"LineString","coordinates":[[76.9378697,43.2416868],[76.9378498,43.2415456],[76.9379102,43.2410522],[76.93793,43.2408909],[76.9380307,43.2403219],[76.9380471,43.2402317],[76.9381152,43.2398251],[76.9381457,43.2396266],[76.9382455,43.2390695],[76.9382937,43.2388245],[76.9384293,43.2380213],[76.9384267,43.2378927]]},"properties":{"osm_id":1321447078,"osm_type":"way","name":"улица Наурызбай Батыра","address":"","source":"OpenStreetMap","source_url":"https://www.openstreetmap.org/way/1321447078","highway":"secondary","oneway":"yes","lanes":"2","maxspeed":""}},{"type":"Feature","id":"way/691415128","geometry":{"type":"LineString","coordinates":[[76.9365127,43.242236],[76.9368961,43.2422536]]},"properties":{"osm_id":691415128,"osm_type":"way","name":"","address":"","source":"OpenStreetMap","source_url":"https://www.openstreetmap.org/way/691415128","highway":"service","oneway":"","lanes":"","maxspeed":""}},{"type":"Feature","id":"way/1181511361","geometry":{"type":"LineString","coordinates":[[76.9368504,43.2457031],[76.9368613,43.2455776],[76.9369377,43.244703]]},"properties":{"osm_id":1181511361,"osm_type":"way","name":"","address":"","source":"OpenStreetMap","source_url":"https://www.openstreetmap.org/way/1181511361","highway":"service","oneway":"","lanes":"","maxspeed":""}},{"type":"Feature","id":"way/423455113","geometry":{"type":"LineString","coordinates":[[76.9399916,43.2484291],[76.9399543,43.2488932],[76.9396255,43.2488759]]},"properties":{"osm_id":423455113,"osm_type":"way","name":"","address":"","source":"OpenStreetMap","source_url":"https://www.openstreetmap.org/way/423455113","highway":"service","oneway":"","lanes":"","maxspeed":""}},{"type":"Feature","id":"way/129388835","geometry":{"type":"LineString","coordinates":[[76.9386157,43.2526526],[76.9386235,43.2525993],[76.9386274,43.2525728],[76.9386344,43.2525204],[76.9386882,43.2521197],[76.9386828,43.2520416],[76.9386064,43.2520016],[76.9383958,43.2519332],[76.9383663,43.2518638],[76.9384908,43.2510129],[76.9385024,43.2509337],[76.9385178,43.2508371],[76.9385246,43.2507879],[76.9385276,43.2507667]]},"properties":{"osm_id":129388835,"osm_type":"way","name":"","address":"","source":"OpenStreetMap","source_url":"https://www.openstreetmap.org/way/129388835","highway":"service","oneway":"","lanes":"","maxspeed":""}},{"type":"Feature","id":"way/370404282","geometry":{"type":"LineString","coordinates":[[76.9379037,43.2543256],[76.9378942,43.2543981],[76.937883,43.254529],[76.9378231,43.2549542]]},"properties":{"osm_id":370404282,"osm_type":"way","name":"улица Чайковского","address":"","source":"OpenStreetMap","source_url":"https://www.openstreetmap.org/way/370404282","highway":"service","oneway":"","lanes":"","maxspeed":""}},{"type":"Feature","id":"way/663317531","geometry":{"type":"LineString","coordinates":[[76.9362197,43.2586197],[76.9362737,43.2583195],[76.9362922,43.2581675],[76.9365324,43.2581853],[76.9365464,43.2581863],[76.9377369,43.2582552],[76.9377605,43.2580372],[76.9382981,43.2580776],[76.9382662,43.258469],[76.938208,43.2588621],[76.9382228,43.2588993],[76.9382778,43.258911],[76.939038,43.2589513],[76.9392025,43.2589663]]},"properties":{"osm_id":663317531,"osm_type":"way","name":"","address":"","source":"OpenStreetMap","source_url":"https://www.openstreetmap.org/way/663317531","highway":"service","oneway":"","lanes":"","maxspeed":""}},{"type":"Feature","id":"way/261757034","geometry":{"type":"LineString","coordinates":[[76.9414612,43.2319002],[76.9414452,43.23178],[76.9418161,43.2312442],[76.9419148,43.2311199],[76.9420316,43.2310283],[76.9421753,43.2309203],[76.9422381,43.2308451],[76.9423587,43.230687],[76.942682,43.2302651]]},"properties":{"osm_id":261757034,"osm_type":"way","name":"","address":"","source":"OpenStreetMap","source_url":"https://www.openstreetmap.org/way/261757034","highway":"service","oneway":"","lanes":"","maxspeed":""}},{"type":"Feature","id":"way/446465458","geometry":{"type":"LineString","coordinates":[[76.9425201,43.2352726],[76.9425764,43.2352773],[76.9426274,43.2352822]]},"properties":{"osm_id":446465458,"osm_type":"way","name":"улица Тимирязева","address":"","source":"OpenStreetMap","source_url":"https://www.openstreetmap.org/way/446465458","highway":"tertiary","oneway":"","lanes":"2","maxspeed":"RU:urban"}},{"type":"Feature","id":"way/1513899336","geometry":{"type":"LineString","coordinates":[[76.9418728,43.2381138],[76.9416587,43.2381003]]},"properties":{"osm_id":1513899336,"osm_type":"way","name":"улица Сатпаева","address":"","source":"OpenStreetMap","source_url":"https://www.openstreetmap.org/way/1513899336","highway":"secondary","oneway":"","lanes":"5","maxspeed":""}},{"type":"Feature","id":"way/1326103707","geometry":{"type":"LineString","coordinates":[[76.9414088,43.2419263],[76.9415417,43.2419355],[76.9426992,43.2420156],[76.943116,43.2420444]]},"properties":{"osm_id":1326103707,"osm_type":"way","name":"проспект Абая","address":"","source":"OpenStreetMap","source_url":"https://www.openstreetmap.org/way/1326103707","highway":"secondary","oneway":"yes","lanes":"4","maxspeed":"60"}},{"type":"Feature","id":"way/912368456","geometry":{"type":"LineString","coordinates":[[76.9427961,43.2443471],[76.9429336,43.2443584],[76.9432661,43.2443817],[76.9433388,43.2443868],[76.9444354,43.2444635],[76.944526,43.2444683],[76.9445596,43.2444702]]},"properties":{"osm_id":912368456,"osm_type":"way","name":"улица Курмангазы","address":"","source":"OpenStreetMap","source_url":"https://www.openstreetmap.org/way/912368456","highway":"tertiary","oneway":"yes","lanes":"4","maxspeed":""}},{"type":"Feature","id":"way/1123881599","geometry":{"type":"LineString","coordinates":[[76.9423504,43.2477999],[76.9424942,43.2478138],[76.9430714,43.2478485],[76.943143,43.2478535],[76.9432116,43.24786],[76.9436921,43.2478832],[76.94395,43.2478956],[76.9440195,43.2478928],[76.9440832,43.2478791]]},"properties":{"osm_id":1123881599,"osm_type":"way","name":"улица Жамбыла","address":"","source":"OpenStreetMap","source_url":"https://www.openstreetmap.org/way/1123881599","highway":"residential","oneway":"no","lanes":"2","maxspeed":"60"}},{"type":"Feature","id":"way/1185785531","geometry":{"type":"LineString","coordinates":[[76.9404041,43.2493421],[76.940575,43.2493583],[76.9419083,43.2494703],[76.9421574,43.2494899]]},"properties":{"osm_id":1185785531,"osm_type":"way","name":"улица Кабанбай Батыра","address":"","source":"OpenStreetMap","source_url":"https://www.openstreetmap.org/way/1185785531","highway":"tertiary","oneway":"yes","lanes":"4","maxspeed":""}},{"type":"Feature","id":"way/510754404","geometry":{"type":"LineString","coordinates":[[76.940396,43.2510107],[76.940597,43.2510252],[76.9408037,43.2510395],[76.9416505,43.2510884],[76.9418011,43.2510963]]},"properties":{"osm_id":510754404,"osm_type":"way","name":"улица Карасай Батыра","address":"","source":"OpenStreetMap","source_url":"https://www.openstreetmap.org/way/510754404","highway":"pedestrian","oneway":"","lanes":"","maxspeed":""}},{"type":"Feature","id":"way/912357110","geometry":{"type":"LineString","coordinates":[[76.9415314,43.2545928],[76.9415063,43.2548259],[76.9414973,43.2548937],[76.9414601,43.2551267]]},"properties":{"osm_id":912357110,"osm_type":"way","name":"проспект Абылай Хана","address":"","source":"OpenStreetMap","source_url":"https://www.openstreetmap.org/way/912357110","highway":"tertiary","oneway":"","lanes":"4","maxspeed":""}},{"type":"Feature","id":"way/912355553","geometry":{"type":"LineString","coordinates":[[76.9412878,43.2563904],[76.9410694,43.2579502]]},"properties":{"osm_id":912355553,"osm_type":"way","name":"проспект Абылай Хана","address":"","source":"OpenStreetMap","source_url":"https://www.openstreetmap.org/way/912355553","highway":"tertiary","oneway":"","lanes":"4","maxspeed":""}},{"type":"Feature","id":"way/1415090557","geometry":{"type":"LineString","coordinates":[[76.9462265,43.2311071],[76.9462122,43.2310482],[76.9462732,43.231062],[76.9463528,43.2309455],[76.9463794,43.2308857],[76.9464348,43.2307006],[76.9464446,43.2305812],[76.9464266,43.2304653],[76.9463742,43.230322],[76.94632,43.2302365],[76.9464196,43.2302038],[76.9466273,43.2302186],[76.9467078,43.2302593],[76.9466947,43.2302729],[76.946799,43.2303265],[76.9469034,43.23038],[76.9469315,43.2304224],[76.9469164,43.2305204],[76.9469012,43.2306184],[76.9468908,43.2306981],[76.9468722,43.2308246],[76.9468565,43.2309226],[76.9468408,43.2310206],[76.9468002,43.2310572],[76.9466819,43.2310921],[76.9465636,43.2311271],[76.9465722,43.2311425],[76.9464811,43.2311689],[76.9462742,43.231149],[76.9462265,43.2311071]]},"properties":{"osm_id":1415090557,"osm_type":"way","name":"","address":"","source":"OpenStreetMap","source_url":"https://www.openstreetmap.org/way/1415090557","highway":"pedestrian","oneway":"","lanes":"","maxspeed":""}},{"type":"Feature","id":"way/1457521819","geometry":{"type":"LineString","coordinates":[[76.9449738,43.2332402],[76.9452641,43.2332641]]},"properties":{"osm_id":1457521819,"osm_type":"way","name":"","address":"","source":"OpenStreetMap","source_url":"https://www.openstreetmap.org/way/1457521819","highway":"service","oneway":"","lanes":"","maxspeed":""}},{"type":"Feature","id":"way/1456890245","geometry":{"type":"LineString","coordinates":[[76.9449622,43.2353844],[76.944943,43.2355434],[76.9449388,43.2355683],[76.9449079,43.2358115],[76.9448666,43.2361358],[76.944858,43.2362032],[76.9448545,43.2362309],[76.9448153,43.2365387],[76.9447956,43.2366931],[76.9453563,43.236733],[76.9455505,43.2367468],[76.9456579,43.2367544],[76.9457747,43.2367627],[76.9459362,43.2367742],[76.946545,43.2368175],[76.9465809,43.2365711],[76.946604,43.2364118],[76.9466168,43.2363235],[76.9467037,43.2357255],[76.9467095,43.2356859],[76.9467125,43.2356652],[76.9467326,43.2355268]]},"properties":{"osm_id":1456890245,"osm_type":"way","name":"","address":"","source":"OpenStreetMap","source_url":"https://www.openstreetmap.org/way/1456890245","highway":"service","oneway":"","lanes":"","maxspeed":""}},{"type":"Feature","id":"way/1208249030","geometry":{"type":"LineString","coordinates":[[76.9450421,43.2413257],[76.9448819,43.2412159],[76.9448964,43.2411101],[76.9449735,43.2403532],[76.9449768,43.2403237],[76.9449788,43.2402971],[76.9450473,43.2397437],[76.9450808,43.2394776],[76.9450793,43.2394477]]},"properties":{"osm_id":1208249030,"osm_type":"way","name":"улица Байсеитовой","address":"","source":"OpenStreetMap","source_url":"https://www.openstreetmap.org/way/1208249030","highway":"residential","oneway":"yes","lanes":"1","maxspeed":"20"}},{"type":"Feature","id":"way/1185785536","geometry":{"type":"LineString","coordinates":[[76.9445596,43.2444702],[76.9458025,43.2445585],[76.9461539,43.2445856],[76.9463131,43.2445979]]},"properties":{"osm_id":1185785536,"osm_type":"way","name":"улица Курмангазы","address":"","source":"OpenStreetMap","source_url":"https://www.openstreetmap.org/way/1185785536","highway":"tertiary","oneway":"yes","lanes":"4","maxspeed":""}},{"type":"Feature","id":"way/385200733","geometry":{"type":"LineString","coordinates":[[76.9478153,43.2464746],[76.9476561,43.2464633],[76.9469478,43.2464126]]},"properties":{"osm_id":385200733,"osm_type":"way","name":"улица Шевченко","address":"","source":"OpenStreetMap","source_url":"https://www.openstreetmap.org/way/385200733","highway":"tertiary","oneway":"yes","lanes":"4","maxspeed":""}},{"type":"Feature","id":"way/912363096","geometry":{"type":"LineString","coordinates":[[76.9421574,43.2494899],[76.9423937,43.2495064],[76.9431933,43.2495589],[76.9434289,43.249574],[76.9436926,43.2495894],[76.9438524,43.2495987],[76.9451375,43.2497012],[76.9453331,43.2497157],[76.9455849,43.2497322],[76.9457214,43.2497429],[76.9458756,43.2497552],[76.9461823,43.2497775],[76.9465116,43.2498013],[76.9469829,43.2498396],[76.9471523,43.249857]]},"properties":{"osm_id":912363096,"osm_type":"way","name":"улица Кабанбай Батыра","address":"","source":"OpenStreetMap","source_url":"https://www.openstreetmap.org/way/912363096","highway":"tertiary","oneway":"yes","lanes":"4","maxspeed":""}},{"type":"Feature","id":"way/911117082","geometry":{"type":"LineString","coordinates":[[76.9469932,43.2528207],[76.9470307,43.2525312]]},"properties":{"osm_id":911117082,"osm_type":"way","name":"проспект Назарбаева","address":"","source":"OpenStreetMap","source_url":"https://www.openstreetmap.org/way/911117082","highway":"secondary","oneway":"","lanes":"4","maxspeed":""}},{"type":"Feature","id":"way/1393496321","geometry":{"type":"LineString","coordinates":[[76.9462651,43.2549471],[76.9465491,43.2549731],[76.9467211,43.2549864]]},"properties":{"osm_id":1393496321,"osm_type":"way","name":"улица Толе би","address":"","source":"OpenStreetMap","source_url":"https://www.openstreetmap.org/way/1393496321","highway":"secondary","oneway":"no","lanes":"4","maxspeed":""}},{"type":"Feature","id":"way/689080238","geometry":{"type":"LineString","coordinates":[[76.9441263,43.2614858],[76.9441353,43.2614198],[76.9441513,43.2613034],[76.9441538,43.2612852],[76.9441924,43.2610029],[76.9442075,43.2608925],[76.944218,43.260781],[76.94422,43.2607595],[76.9442492,43.2604482],[76.9442547,43.2603898],[76.9442565,43.2603705],[76.9442884,43.2600315],[76.944294,43.2599716]]},"properties":{"osm_id":689080238,"osm_type":"way","name":"улица Панфилова","address":"","source":"OpenStreetMap","source_url":"https://www.openstreetmap.org/way/689080238","highway":"residential","oneway":"","lanes":"2","maxspeed":""}},{"type":"Feature","id":"way/693129953","geometry":{"type":"LineString","coordinates":[[76.9498325,43.2311485],[76.9498935,43.2306811],[76.9499267,43.2304271]]},"properties":{"osm_id":693129953,"osm_type":"way","name":"проспект Назарбаева","address":"","source":"OpenStreetMap","source_url":"https://www.openstreetmap.org/way/693129953","highway":"secondary","oneway":"","lanes":"4","maxspeed":""}},{"type":"Feature","id":"way/432527892","geometry":{"type":"LineString","coordinates":[[76.9491694,43.2358943],[76.9491861,43.2357736]]},"properties":{"osm_id":432527892,"osm_type":"way","name":"проспект Назарбаева","address":"","source":"OpenStreetMap","source_url":"https://www.openstreetmap.org/way/432527892","highway":"secondary","oneway":"","lanes":"4","maxspeed":""}},{"type":"Feature","id":"way/1355096264","geometry":{"type":"LineString","coordinates":[[76.950052,43.2388964],[76.9496794,43.2388436],[76.9491591,43.2387627],[76.9490145,43.2387364],[76.9488233,43.2387058]]},"properties":{"osm_id":1355096264,"osm_type":"way","name":"улица Сатпаева","address":"","source":"OpenStreetMap","source_url":"https://www.openstreetmap.org/way/1355096264","highway":"secondary","oneway":"","lanes":"5","maxspeed":""}},{"type":"Feature","id":"way/432527725","geometry":{"type":"LineString","coordinates":[[76.9485561,43.2407851],[76.9485678,43.240694],[76.9486054,43.2404026]]},"properties":{"osm_id":432527725,"osm_type":"way","name":"проспект Назарбаева","address":"","source":"OpenStreetMap","source_url":"https://www.openstreetmap.org/way/432527725","highway":"secondary","oneway":"","lanes":"5","maxspeed":""}},{"type":"Feature","id":"way/252652330","geometry":{"type":"LineString","coordinates":[[76.9483302,43.2424841],[76.9483395,43.2424111]]},"properties":{"osm_id":252652330,"osm_type":"way","name":"проспект Назарбаева","address":"","source":"OpenStreetMap","source_url":"https://www.openstreetmap.org/way/252652330","highway":"secondary","oneway":"","lanes":"4","maxspeed":""}},{"type":"Feature","id":"way/1454459880","geometry":{"type":"LineString","coordinates":[[76.9511958,43.247193],[76.9511441,43.2476072],[76.9510455,43.2483718],[76.9510265,43.2484855]]},"properties":{"osm_id":1454459880,"osm_type":"way","name":"улица Кунаева","address":"","source":"OpenStreetMap","source_url":"https://www.openstreetmap.org/way/1454459880","highway":"tertiary","oneway":"","lanes":"4","maxspeed":""}},{"type":"Feature","id":"way/1559040807","geometry":{"type":"LineString","coordinates":[[76.950945,43.2491486],[76.9509213,43.2493704]]},"properties":{"osm_id":1559040807,"osm_type":"way","name":"улица Кунаева","address":"","source":"OpenStreetMap","source_url":"https://www.openstreetmap.org/way/1559040807","highway":"tertiary","oneway":"","lanes":"","maxspeed":""}},{"type":"Feature","id":"way/1433947190","geometry":{"type":"LineString","coordinates":[[76.9493,43.253404],[76.9487583,43.2533631],[76.9487267,43.2533607],[76.9486753,43.2533569],[76.9485927,43.2533507],[76.9484696,43.2533414],[76.9480384,43.2533089],[76.9472127,43.2532466],[76.9470851,43.253237],[76.9469407,43.2532261]]},"properties":{"osm_id":1433947190,"osm_type":"way","name":"улица Богенбай батыра","address":"","source":"OpenStreetMap","source_url":"https://www.openstreetmap.org/way/1433947190","highway":"tertiary","oneway":"yes","lanes":"3","maxspeed":""}},{"type":"Feature","id":"way/920722256","geometry":{"type":"LineString","coordinates":[[76.9501934,43.2552088],[76.950174,43.2553257]]},"properties":{"osm_id":920722256,"osm_type":"way","name":"улица Кунаева","address":"","source":"OpenStreetMap","source_url":"https://www.openstreetmap.org/way/920722256","highway":"tertiary","oneway":"","lanes":"4","maxspeed":""}},{"type":"Feature","id":"way/1132672549","geometry":{"type":"LineString","coordinates":[[76.9482549,43.2570619],[76.9483464,43.257066],[76.9484019,43.2570692],[76.9485144,43.2570756],[76.9486434,43.257083],[76.9486009,43.2573749],[76.9485833,43.2574959],[76.9488714,43.2575147],[76.9489116,43.2572135],[76.948963,43.2572168],[76.9491824,43.2572309],[76.9493492,43.2572416],[76.9495618,43.2572552],[76.9497709,43.2572686],[76.9498185,43.2572717],[76.9499274,43.2572788]]},"properties":{"osm_id":1132672549,"osm_type":"way","name":"","address":"","source":"OpenStreetMap","source_url":"https://www.openstreetmap.org/way/1132672549","highway":"service","oneway":"","lanes":"","maxspeed":""}},{"type":"Feature","id":"way/525676665","geometry":{"type":"LineString","coordinates":[[76.9513893,43.2308076],[76.9522787,43.2308807],[76.9523882,43.2308897],[76.9524984,43.2308988]]},"properties":{"osm_id":525676665,"osm_type":"way","name":"улица Снегина","address":"","source":"OpenStreetMap","source_url":"https://www.openstreetmap.org/way/525676665","highway":"residential","oneway":"","lanes":"","maxspeed":"40"}},{"type":"Feature","id":"way/1559802799","geometry":{"type":"LineString","coordinates":[[76.9531806,43.2340676],[76.9530475,43.2340583],[76.952971,43.234053],[76.9529463,43.2340513],[76.9522158,43.2340004]]},"properties":{"osm_id":1559802799,"osm_type":"way","name":"улица Жолдасбекова","address":"","source":"OpenStreetMap","source_url":"https://www.openstreetmap.org/way/1559802799","highway":"tertiary","oneway":"","lanes":"4","maxspeed":"60"}},{"type":"Feature","id":"way/294172687","geometry":{"type":"LineString","coordinates":[[76.9516988,43.2382622],[76.9524608,43.2383252],[76.9525032,43.2380572],[76.9518447,43.2379962]]},"properties":{"osm_id":294172687,"osm_type":"way","name":"","address":"","source":"OpenStreetMap","source_url":"https://www.openstreetmap.org/way/294172687","highway":"service","oneway":"","lanes":"","maxspeed":""}},{"type":"Feature","id":"way/207895700","geometry":{"type":"LineString","coordinates":[[76.9541423,43.2392595],[76.9541126,43.2394165],[76.954088,43.2395566],[76.953991,43.2401092],[76.9539887,43.2401226],[76.9539715,43.2402027],[76.953935,43.240373],[76.9539109,43.2404922],[76.9538356,43.2409585],[76.9537086,43.2416896],[76.9536463,43.2420553],[76.9536411,43.2420865],[76.953604,43.242309],[76.9535658,43.2425425],[76.9535483,43.2426482],[76.9535293,43.2427659]]},"properties":{"osm_id":207895700,"osm_type":"way","name":"улица Шокана Валиханова","address":"","source":"OpenStreetMap","source_url":"https://www.openstreetmap.org/way/207895700","highway":"residential","oneway":"","lanes":"","maxspeed":""}},{"type":"Feature","id":"way/1396554667","geometry":{"type":"LineString","coordinates":[[76.9521737,43.2435692],[76.952185,43.2434825],[76.9522031,43.2433439],[76.9522083,43.2433044],[76.9523366,43.2433134],[76.9525239,43.2433265],[76.952738,43.2433415],[76.9529208,43.2433543],[76.9529415,43.2433558],[76.9530187,43.2433612],[76.953122,43.2433685]]},"properties":{"osm_id":1396554667,"osm_type":"way","name":"","address":"","source":"OpenStreetMap","source_url":"https://www.openstreetmap.org/way/1396554667","highway":"service","oneway":"","lanes":"","maxspeed":""}},{"type":"Feature","id":"way/384174658","geometry":{"type":"LineString","coordinates":[[76.9563111,43.2478829],[76.9561439,43.247871],[76.9557634,43.2478443],[76.9556706,43.2478378],[76.955551,43.2478294],[76.9555186,43.2480055],[76.9551773,43.2479862],[76.9551916,43.2478621],[76.9551992,43.2477954],[76.9550655,43.2477556]]},"properties":{"osm_id":384174658,"osm_type":"way","name":"","address":"","source":"OpenStreetMap","source_url":"https://www.openstreetmap.org/way/384174658","highway":"service","oneway":"","lanes":"","maxspeed":""}},{"type":"Feature","id":"way/196091017","geometry":{"type":"LineString","coordinates":[[76.9548497,43.2500309],[76.9548731,43.2500323],[76.9551001,43.250046],[76.9553248,43.2500595],[76.9555339,43.2500721],[76.9555712,43.2500743],[76.9555856,43.2499525],[76.9556007,43.2498241],[76.9552744,43.2498034],[76.9552954,43.2496409]]},"properties":{"osm_id":196091017,"osm_type":"way","name":"","address":"","source":"OpenStreetMap","source_url":"https://www.openstreetmap.org/way/196091017","highway":"service","oneway":"","lanes":"","maxspeed":""}},{"type":"Feature","id":"way/691145131","geometry":{"type":"LineString","coordinates":[[76.9543037,43.2503399],[76.9542865,43.250471],[76.9542824,43.2505026],[76.9542602,43.2506745],[76.9542088,43.2510722],[76.9541803,43.2512931],[76.9541242,43.2517275],[76.9540895,43.2519962],[76.9540845,43.2520351],[76.9540773,43.2520915],[76.9539897,43.2527783],[76.9539152,43.2533632],[76.9538881,43.2535757],[76.9538837,43.2536101],[76.9538699,43.2537176],[76.953855,43.2538344],[76.9538487,43.2538836],[76.9538252,43.2540681],[76.9538193,43.2541145],[76.9537907,43.2543383],[76.9537877,43.2543619],[76.953783,43.2543984],[76.953733,43.2547913],[76.9536712,43.2552865],[76.9536657,43.2553305],[76.9536507,43.2554363]]},"properties":{"osm_id":691145131,"osm_type":"way","name":"улица Пушкина","address":"","source":"OpenStreetMap","source_url":"https://www.openstreetmap.org/way/691145131","highway":"residential","oneway":"","lanes":"","maxspeed":""}},{"type":"Feature","id":"way/1044662053","geometry":{"type":"LineString","coordinates":[[76.9553257,43.2555516],[76.9555202,43.2555626]]},"properties":{"osm_id":1044662053,"osm_type":"way","name":"улица Толе би","address":"","source":"OpenStreetMap","source_url":"https://www.openstreetmap.org/way/1044662053","highway":"secondary","oneway":"","lanes":"4","maxspeed":""}},{"type":"Feature","id":"way/911220200","geometry":{"type":"LineString","coordinates":[[76.9590397,43.2330102],[76.9590564,43.2329665]]},"properties":{"osm_id":911220200,"osm_type":"way","name":"проспект Достык","address":"","source":"OpenStreetMap","source_url":"https://www.openstreetmap.org/way/911220200","highway":"secondary","oneway":"","lanes":"4","maxspeed":"40"}},{"type":"Feature","id":"way/1458785495","geometry":{"type":"LineString","coordinates":[[76.9580805,43.2355243],[76.9581898,43.2352409]]},"properties":{"osm_id":1458785495,"osm_type":"way","name":"проспект Достык","address":"","source":"OpenStreetMap","source_url":"https://www.openstreetmap.org/way/1458785495","highway":"secondary","oneway":"","lanes":"4","maxspeed":""}},{"type":"Feature","id":"way/911221184","geometry":{"type":"LineString","coordinates":[[76.9575552,43.2380179],[76.9575785,43.2378165]]},"properties":{"osm_id":911221184,"osm_type":"way","name":"проспект Достык","address":"","source":"OpenStreetMap","source_url":"https://www.openstreetmap.org/way/911221184","highway":"secondary","oneway":"","lanes":"4","maxspeed":""}},{"type":"Feature","id":"way/1516375960","geometry":{"type":"LineString","coordinates":[[76.9599812,43.2394222],[76.9596884,43.2394034],[76.9596554,43.2394013],[76.9596299,43.239398],[76.9595083,43.2393824],[76.9593399,43.2393546]]},"properties":{"osm_id":1516375960,"osm_type":"way","name":"улица Сатпаева","address":"","source":"OpenStreetMap","source_url":"https://www.openstreetmap.org/way/1516375960","highway":"tertiary","oneway":"yes","lanes":"2","maxspeed":"RU:urban"}},{"type":"Feature","id":"way/911225815","geometry":{"type":"LineString","coordinates":[[76.956636,43.2453216],[76.9566505,43.2452117],[76.9567038,43.244809],[76.9567455,43.2444937],[76.9567903,43.2441551],[76.9568703,43.2435499]]},"properties":{"osm_id":911225815,"osm_type":"way","name":"проспект Достык","address":"","source":"OpenStreetMap","source_url":"https://www.openstreetmap.org/way/911225815","highway":"secondary","oneway":"","lanes":"4","maxspeed":""}},{"type":"Feature","id":"way/208136429","geometry":{"type":"LineString","coordinates":[[76.9596992,43.2466585],[76.9604529,43.2467463],[76.9615617,43.2468673]]},"properties":{"osm_id":208136429,"osm_type":"way","name":"улица Бекхожина","address":"","source":"OpenStreetMap","source_url":"https://www.openstreetmap.org/way/208136429","highway":"residential","oneway":"","lanes":"","maxspeed":""}},{"type":"Feature","id":"way/1412113040","geometry":{"type":"LineString","coordinates":[[76.9559746,43.2504704],[76.9561481,43.250482],[76.9566514,43.2505156],[76.9567992,43.2505256],[76.9575159,43.2505777]]},"properties":{"osm_id":1412113040,"osm_type":"way","name":"улица Кабанбай батыра","address":"","source":"OpenStreetMap","source_url":"https://www.openstreetmap.org/way/1412113040","highway":"tertiary","oneway":"yes","lanes":"4","maxspeed":""}},{"type":"Feature","id":"way/1207327595","geometry":{"type":"LineString","coordinates":[[76.9604433,43.2525661],[76.9603845,43.2525435],[76.9601669,43.2525294],[76.959931,43.2525141],[76.9591895,43.2524661],[76.9591261,43.252462]]},"properties":{"osm_id":1207327595,"osm_type":"way","name":"улица Карасай батыра","address":"","source":"OpenStreetMap","source_url":"https://www.openstreetmap.org/way/1207327595","highway":"residential","oneway":"","lanes":"","maxspeed":""}},{"type":"Feature","id":"way/385200737","geometry":{"type":"LineString","coordinates":[[76.9586881,43.2557636],[76.9586697,43.2558984],[76.9585292,43.2569318]]},"properties":{"osm_id":385200737,"osm_type":"way","name":"улица Калдаякова","address":"","source":"OpenStreetMap","source_url":"https://www.openstreetmap.org/way/385200737","highway":"tertiary","oneway":"","lanes":"","maxspeed":""}},{"type":"Feature","id":"way/1446661448","geometry":{"type":"LineString","coordinates":[[76.9584598,43.2574383],[76.9583197,43.2574286],[76.957011,43.2573376],[76.9568617,43.2573283],[76.9567697,43.2573208],[76.9567065,43.2573164],[76.9553115,43.2572195],[76.9551132,43.2572057]]},"properties":{"osm_id":1446661448,"osm_type":"way","name":"улица Казыбек би","address":"","source":"OpenStreetMap","source_url":"https://www.openstreetmap.org/way/1446661448","highway":"tertiary","oneway":"","lanes":"4","maxspeed":""}},{"type":"Feature","id":"way/208514990","geometry":{"type":"LineString","coordinates":[[76.921088,43.2319392],[76.9212081,43.2318158],[76.9212551,43.2317249],[76.9213157,43.2315397],[76.9213422,43.2314347],[76.9213362,43.2313605],[76.9213315,43.2312647],[76.9213734,43.2311662],[76.9214361,43.2311181],[76.9218063,43.2308348],[76.9222488,43.2305045],[76.9224436,43.2303864],[76.922627,43.2303052],[76.9227289,43.2302348],[76.9228899,43.2301078],[76.9229375,43.23005],[76.9229797,43.2299968],[76.9230464,43.2298986],[76.923072,43.2298591],[76.9231581,43.229737],[76.9236392,43.2292591],[76.9238286,43.2290622],[76.9239897,43.2288812],[76.9240276,43.2288309],[76.924216,43.2285583],[76.9242404,43.2284979],[76.9242612,43.2284132],[76.9242944,43.2280663],[76.9243037,43.2279277],[76.9243398,43.2278241],[76.9245382,43.2275248],[76.9247293,43.2272367],[76.9247743,43.2271605],[76.9247975,43.2270747],[76.9248062,43.2269831],[76.9248093,43.226917],[76.92481,43.2268137]]},"properties":{"osm_id":208514990,"osm_type":"way","name":"Набережная Хамита Ергалиева","address":"","source":"OpenStreetMap","source_url":"https://www.openstreetmap.org/way/208514990","highway":"residential","oneway":"","lanes":"","maxspeed":""}},{"type":"Feature","id":"way/1085142671","geometry":{"type":"LineString","coordinates":[[76.9212024,43.2354202],[76.9212517,43.2356592],[76.9212918,43.2357177],[76.921391,43.2357995],[76.9214277,43.235871],[76.9214335,43.2358985],[76.9214783,43.2361108],[76.921501,43.2364302],[76.9215149,43.2366257]]},"properties":{"osm_id":1085142671,"osm_type":"way","name":"Набережная Хамита Ергалиева","address":"","source":"OpenStreetMap","source_url":"https://www.openstreetmap.org/way/1085142671","highway":"residential","oneway":"no","lanes":"2","maxspeed":"40"}},{"type":"Feature","id":"way/1454936593","geometry":{"type":"LineString","coordinates":[[76.9215251,43.2367624],[76.921698,43.2367733],[76.9223485,43.2368144]]},"properties":{"osm_id":1454936593,"osm_type":"way","name":"улица Сатпаева","address":"","source":"OpenStreetMap","source_url":"https://www.openstreetmap.org/way/1454936593","highway":"secondary","oneway":"no","lanes":"4","maxspeed":""}},{"type":"Feature","id":"way/346001018","geometry":{"type":"LineString","coordinates":[[76.9201872,43.2428542],[76.9202058,43.242751],[76.9203028,43.2421966],[76.9203463,43.2419498],[76.9203798,43.2417573],[76.9203979,43.2416535],[76.9203337,43.2415156],[76.9203194,43.2414847],[76.9200351,43.2414696]]},"properties":{"osm_id":346001018,"osm_type":"way","name":"","address":"","source":"OpenStreetMap","source_url":"https://www.openstreetmap.org/way/346001018","highway":"service","oneway":"","lanes":"","maxspeed":""}}]}
