{"type":"FeatureCollection","name":"Central Almaty building footprints","bbox":[76.9187406,43.2289052,76.9603044,43.2605954],"query_bbox":[76.92,43.23,76.96,43.26],"attribution":"© OpenStreetMap contributors","license":"ODbL-1.0","license_url":"https://opendatacommons.org/licenses/odbl/1-0/","source_url":"https://overpass-api.de/api/interpreter","osm_base":"2026-10-08T18:54:51Z","retrieved_at":"2026-10-08T18:58:19.775Z","selection":"Spatially distributed display sample; geometry copied from OSM ways; incomplete.","available_features_in_extract":2641,"features":[{"type":"Feature","id":"way/51350287","geometry":{"type":"Polygon","coordinates":[[[76.9216215,43.2312572],[76.9215039,43.2311769],[76.9222992,43.2305591],[76.9224168,43.2306394],[76.9216215,43.2312572]]]},"properties":{"osm_id":51350287,"osm_type":"way","name":"","address":"29","source":"OpenStreetMap","source_url":"https://www.openstreetmap.org/way/51350287","building":"apartments","levels":4,"height":12,"height_source":"estimated:osm_building_levels_x_3m","height_estimated":true,"min_height":0}},{"type":"Feature","id":"way/51337313","geometry":{"type":"Polygon","coordinates":[[[76.9191898,43.2329986],[76.919997,43.233051],[76.9202585,43.233068],[76.9202112,43.2334548],[76.9200518,43.2334444],[76.9200642,43.2333426],[76.9200883,43.2331463],[76.9199303,43.233136],[76.9199064,43.2333315],[76.9198939,43.2334339],[76.9197436,43.2334241],[76.91978,43.2331263],[76.9196307,43.2331166],[76.9195942,43.2334144],[76.919443,43.2334046],[76.9194794,43.2331067],[76.919332,43.2330972],[76.9192955,43.233395],[76.9191425,43.2333851],[76.9191898,43.2329986]]]},"properties":{"osm_id":51337313,"osm_type":"way","name":"","address":"Бұқар жырау бульвары, 23","source":"OpenStreetMap","source_url":"https://www.openstreetmap.org/way/51337313","building":"school","levels":2,"height":6,"height_source":"estimated:osm_building_levels_x_3m","height_estimated":true,"min_height":0}},{"type":"Feature","id":"way/354916270","geometry":{"type":"Polygon","coordinates":[[[76.9224362,43.236985],[76.9231899,43.2370423],[76.9231481,43.2373348],[76.9223944,43.2372775],[76.9224362,43.236985]]]},"properties":{"osm_id":354916270,"osm_type":"way","name":"","address":"","source":"OpenStreetMap","source_url":"https://www.openstreetmap.org/way/354916270","building":"hangar","levels":null,"height":6,"height_source":"osm:height","height_estimated":false,"min_height":0}},{"type":"Feature","id":"way/51275804","geometry":{"type":"Polygon","coordinates":[[[76.9205401,43.2400843],[76.9205894,43.2396864],[76.9207801,43.2396989],[76.921223,43.239728],[76.9212018,43.2398991],[76.9211818,43.240061],[76.9211737,43.240126],[76.9208682,43.2401059],[76.9205401,43.2400843]]]},"properties":{"osm_id":51275804,"osm_type":"way","name":"Спортивный комплекс Достык","address":"Абай даңғылы, 48А","source":"OpenStreetMap","source_url":"https://www.openstreetmap.org/way/51275804","building":"sports_centre","levels":3,"height":21,"height_source":"osm:height","height_estimated":false,"min_height":0}},{"type":"Feature","id":"way/51275636","geometry":{"type":"Polygon","coordinates":[[[76.9222201,43.2423074],[76.9222277,43.2422551],[76.9222498,43.2422567],[76.9222705,43.2421109],[76.9222404,43.2420945],[76.9222489,43.2420347],[76.9222839,43.2420205],[76.9223096,43.2418389],[76.9224824,43.2418521],[76.9224149,43.2423222],[76.9222201,43.2423074]]]},"properties":{"osm_id":51275636,"osm_type":"way","name":"DiVera","address":"Шагабутдинов көшесі, 150","source":"OpenStreetMap","source_url":"https://www.openstreetmap.org/way/51275636","building":"hospital","levels":2,"height":6,"height_source":"estimated:osm_building_levels_x_3m","height_estimated":true,"min_height":0}},{"type":"Feature","id":"way/228991423","geometry":{"type":"Polygon","coordinates":[[[76.9232477,43.2475237],[76.9232957,43.2471816],[76.9235232,43.2471986],[76.9234751,43.2475406],[76.9232477,43.2475237]]]},"properties":{"osm_id":228991423,"osm_type":"way","name":"Kaspi.kz","address":"Әди Шәріпов көшесі, 90","source":"OpenStreetMap","source_url":"https://www.openstreetmap.org/way/228991423","building":"office","levels":null,"height":12,"height_source":"estimated:display_fallback_12m","height_estimated":true,"min_height":0}},{"type":"Feature","id":"way/51276081","geometry":{"type":"Polygon","coordinates":[[[76.9214617,43.2489338],[76.9214881,43.2486598],[76.9216441,43.2486677],[76.9216385,43.248726],[76.9224435,43.2487671],[76.922415,43.2490632],[76.9222679,43.2490557],[76.9222857,43.2488699],[76.9220756,43.2488592],[76.9220656,43.2489628],[76.9218346,43.2489511],[76.9218445,43.2488478],[76.9216184,43.2488363],[76.9216084,43.2489413],[76.9214617,43.2489338]]]},"properties":{"osm_id":51276081,"osm_type":"way","name":"Школа-гимназия №8","address":"Әди Шәріпов көшесі, 105А","source":"OpenStreetMap","source_url":"https://www.openstreetmap.org/way/51276081","building":"school","levels":4,"height":12,"height_source":"estimated:osm_building_levels_x_3m","height_estimated":true,"min_height":0}},{"type":"Feature","id":"way/50876652","geometry":{"type":"Polygon","coordinates":[[[76.9227145,43.2538052],[76.9227376,43.2536402],[76.9234635,43.2536942],[76.9234403,43.2538592],[76.9227145,43.2538052]]]},"properties":{"osm_id":50876652,"osm_type":"way","name":"АГТУ","address":"Төле Би көшесі, 109","source":"OpenStreetMap","source_url":"https://www.openstreetmap.org/way/50876652","building":"university","levels":10,"height":30,"height_source":"estimated:osm_building_levels_x_3m","height_estimated":true,"min_height":0}},{"type":"Feature","id":"way/50876359","geometry":{"type":"Polygon","coordinates":[[[76.9208774,43.2568023],[76.9208611,43.2569182],[76.9209087,43.2569217],[76.9208921,43.257039],[76.9208423,43.2570353],[76.9208252,43.2571568],[76.9209694,43.2571676],[76.9209386,43.2573865],[76.920521,43.2573553],[76.9205519,43.2571364],[76.9207001,43.2571475],[76.9207172,43.257026],[76.920279,43.2569933],[76.9202955,43.2568759],[76.9207288,43.2569083],[76.9207451,43.2567924],[76.9206086,43.2567822],[76.920626,43.2566585],[76.9214767,43.256722],[76.9214593,43.2568457],[76.9208774,43.2568023]]]},"properties":{"osm_id":50876359,"osm_type":"way","name":"Общеобразовательная школа №95","address":"Әди Шәріпов көшесі, 53","source":"OpenStreetMap","source_url":"https://www.openstreetmap.org/way/50876359","building":"school","levels":null,"height":12,"height_source":"estimated:display_fallback_12m","height_estimated":true,"min_height":0}},{"type":"Feature","id":"way/50876155","geometry":{"type":"Polygon","coordinates":[[[76.920258,43.2586294],[76.9202729,43.2584885],[76.9207188,43.2585134],[76.9211105,43.2585353],[76.9210941,43.2586913],[76.92101,43.2586866],[76.9210175,43.2586154],[76.9208072,43.2586037],[76.9208014,43.2586583],[76.9205989,43.258647],[76.9206048,43.2585913],[76.9203629,43.2585777],[76.9203568,43.2586349],[76.920258,43.2586294]]]},"properties":{"osm_id":50876155,"osm_type":"way","name":"Музыкальная школа №2 им. Р.М.Глиэра","address":"Гоголь көшесі, 165","source":"OpenStreetMap","source_url":"https://www.openstreetmap.org/way/50876155","building":"school","levels":null,"height":12,"height_source":"estimated:display_fallback_12m","height_estimated":true,"min_height":0}},{"type":"Feature","id":"way/51350291","geometry":{"type":"Polygon","coordinates":[[[76.9255265,43.2320669],[76.9256431,43.2319796],[76.9262945,43.2324413],[76.9261778,43.2325287],[76.9255265,43.2320669]]]},"properties":{"osm_id":51350291,"osm_type":"way","name":"","address":"44А","source":"OpenStreetMap","source_url":"https://www.openstreetmap.org/way/51350291","building":"apartments","levels":5,"height":15,"height_source":"estimated:osm_building_levels_x_3m","height_estimated":true,"min_height":0}},{"type":"Feature","id":"way/51350438","geometry":{"type":"Polygon","coordinates":[[[76.9263982,43.2335172],[76.9265269,43.2334194],[76.9269984,43.2337489],[76.9268696,43.2338467],[76.9265825,43.233646],[76.9265486,43.2336223],[76.9263982,43.2335172]]]},"properties":{"osm_id":51350438,"osm_type":"way","name":"Престиж","address":"бульвар Бухар Жырау, 12А","source":"OpenStreetMap","source_url":"https://www.openstreetmap.org/way/51350438","building":"school","levels":null,"height":12,"height_source":"estimated:display_fallback_12m","height_estimated":true,"min_height":0}},{"type":"Feature","id":"way/778821846","geometry":{"type":"Polygon","coordinates":[[[76.9262519,43.2393151],[76.9262754,43.23911],[76.9260997,43.2390999],[76.9261356,43.2388057],[76.9262379,43.2388137],[76.92632,43.2388201],[76.9263394,43.2386515],[76.9269956,43.2386915],[76.9269313,43.2392516],[76.9269193,43.2393558],[76.9262519,43.2393151]]]},"properties":{"osm_id":778821846,"osm_type":"way","name":"Леденая Арена","address":"Абай даңғылы, 44/1","source":"OpenStreetMap","source_url":"https://www.openstreetmap.org/way/778821846","building":"yes","levels":4,"height":12,"height_source":"estimated:osm_building_levels_x_3m","height_estimated":true,"min_height":0}},{"type":"Feature","id":"way/51275644","geometry":{"type":"Polygon","coordinates":[[[76.9258276,43.2415277],[76.9258464,43.241341],[76.9264078,43.2413711],[76.9270234,43.241404],[76.9270038,43.2415992],[76.9265681,43.241576],[76.9265574,43.2416818],[76.9267545,43.2416923],[76.9267387,43.2418506],[76.9268043,43.2418541],[76.926771,43.2421897],[76.9256487,43.2421308],[76.9256796,43.2418186],[76.9257246,43.2418209],[76.9257423,43.2416428],[76.9257873,43.2416452],[76.9257935,43.2415829],[76.9258999,43.2415886],[76.9258937,43.241651],[76.9261118,43.2416626],[76.926119,43.2415916],[76.9264818,43.241611],[76.9264866,43.2415629],[76.9258276,43.2415277]]]},"properties":{"osm_id":51275644,"osm_type":"way","name":"Казахская Академия Спорта и Туризма","address":"Абай даңғылы, 85","source":"OpenStreetMap","source_url":"https://www.openstreetmap.org/way/51275644","building":"university","levels":4,"height":12,"height_source":"estimated:osm_building_levels_x_3m","height_estimated":true,"min_height":0}},{"type":"Feature","id":"way/51276020","geometry":{"type":"Polygon","coordinates":[[[76.9249255,43.2426206],[76.9249414,43.2425948],[76.924952,43.2425639],[76.9249671,43.2424833],[76.9249759,43.2423866],[76.9249759,43.2423273],[76.9249741,43.2423086],[76.9249679,43.2423003],[76.9249564,43.2422919],[76.9249317,43.2422848],[76.9252553,43.2423054],[76.9252214,43.2426362],[76.9249255,43.2426206]]]},"properties":{"osm_id":51276020,"osm_type":"way","name":"DoubleTree by Hilton Almaty","address":"Dosmukhamedov Street 115, 115","source":"OpenStreetMap","source_url":"https://www.openstreetmap.org/way/51276020","building":"yes","levels":null,"height":12,"height_source":"estimated:display_fallback_12m","height_estimated":true,"min_height":0}},{"type":"Feature","id":"way/1551665487","geometry":{"type":"Polygon","coordinates":[[[76.927521,43.2465234],[76.9275438,43.2463028],[76.9280535,43.2463308],[76.9280307,43.2465514],[76.927521,43.2465234]]]},"properties":{"osm_id":1551665487,"osm_type":"way","name":"Zhambyl park office","address":"Жамбыл көшесі, 106","source":"OpenStreetMap","source_url":"https://www.openstreetmap.org/way/1551665487","building":"office","levels":7,"height":21,"height_source":"estimated:osm_building_levels_x_3m","height_estimated":true,"min_height":0}},{"type":"Feature","id":"way/27320461","geometry":{"type":"Polygon","coordinates":[[[76.9270283,43.2504074],[76.9290647,43.2505396],[76.9290464,43.2506891],[76.9279072,43.2506152],[76.9277263,43.2506034],[76.92701,43.250557],[76.9270283,43.2504074]]]},"properties":{"osm_id":27320461,"osm_type":"way","name":"Химический Факультет КазНУ","address":"Қарасай Батыр көшесі, 95","source":"OpenStreetMap","source_url":"https://www.openstreetmap.org/way/27320461","building":"university","levels":5,"height":15,"height_source":"estimated:osm_building_levels_x_3m","height_estimated":true,"min_height":0}},{"type":"Feature","id":"way/50878491","geometry":{"type":"Polygon","coordinates":[[[76.9261262,43.2525495],[76.9261493,43.252378],[76.9265506,43.2524068],[76.9267257,43.2524193],[76.9270478,43.2524424],[76.9270246,43.2526139],[76.9269819,43.2526108],[76.9266171,43.2525847],[76.9263778,43.2525675],[76.9261262,43.2525495]]]},"properties":{"osm_id":50878491,"osm_type":"way","name":"Алматинский Технологический Университет","address":"Байтұрсынұлы көшесі, 100","source":"OpenStreetMap","source_url":"https://www.openstreetmap.org/way/50878491","building":"university","levels":12,"height":36,"height_source":"estimated:osm_building_levels_x_3m","height_estimated":true,"min_height":0}},{"type":"Feature","id":"way/1239613628","geometry":{"type":"Polygon","coordinates":[[[76.9265999,43.2566887],[76.9266171,43.2565468],[76.927155,43.2565824],[76.9271765,43.2564101],[76.92742,43.2564262],[76.927446,43.2562168],[76.9276876,43.2562328],[76.9276611,43.2564453],[76.9277271,43.2564497],[76.9277443,43.2563117],[76.9284407,43.2563577],[76.9283856,43.2568001],[76.9276792,43.2567535],[76.9276968,43.2566124],[76.9276182,43.2566073],[76.9276117,43.2566598],[76.9273955,43.2566455],[76.9274017,43.2565958],[76.927308,43.2565896],[76.92729,43.2567343],[76.9265999,43.2566887]]]},"properties":{"osm_id":1239613628,"osm_type":"way","name":"НИИ кардиологии и внутренних болезней","address":"Әйтеке Би көшесі, 120","source":"OpenStreetMap","source_url":"https://www.openstreetmap.org/way/1239613628","building":"hospital","levels":3,"height":9,"height_source":"estimated:osm_building_levels_x_3m","height_estimated":true,"min_height":0}},{"type":"Feature","id":"way/50875660","geometry":{"type":"Polygon","coordinates":[[[76.9251262,43.2599551],[76.9251725,43.259662],[76.9253413,43.2596761],[76.925295,43.2599693],[76.9251262,43.2599551]]]},"properties":{"osm_id":50875660,"osm_type":"way","name":"","address":"Байтұрсынұлы көшесі, 16","source":"OpenStreetMap","source_url":"https://www.openstreetmap.org/way/50875660","building":"yes","levels":2,"height":6,"height_source":"estimated:osm_building_levels_x_3m","height_estimated":true,"min_height":0}},{"type":"Feature","id":"way/51350393","geometry":{"type":"Polygon","coordinates":[[[76.9316575,43.2299542],[76.931779,43.2298643],[76.9323194,43.2302451],[76.9321978,43.230335],[76.9316575,43.2299542]]]},"properties":{"osm_id":51350393,"osm_type":"way","name":"","address":"улица Тимирязева, 17","source":"OpenStreetMap","source_url":"https://www.openstreetmap.org/way/51350393","building":"yes","levels":3,"height":9,"height_source":"estimated:osm_building_levels_x_3m","height_estimated":true,"min_height":0}},{"type":"Feature","id":"way/41462586","geometry":{"type":"Polygon","coordinates":[[[76.9298917,43.2353011],[76.9299108,43.2351553],[76.9313871,43.2352579],[76.9313819,43.2352979],[76.9313764,43.2353397],[76.931368,43.2354037],[76.9298917,43.2353011]]]},"properties":{"osm_id":41462586,"osm_type":"way","name":"Қ. И. Сәтбаев атындағы Қазақ ұлттық техникалық университеті","address":"Байтұрсынұлы көшесі, 124","source":"OpenStreetMap","source_url":"https://www.openstreetmap.org/way/41462586","building":"college","levels":4,"height":12,"height_source":"estimated:osm_building_levels_x_3m","height_estimated":true,"min_height":0}},{"type":"Feature","id":"way/246762481","geometry":{"type":"Polygon","coordinates":[[[76.9295648,43.2376498],[76.929573,43.2375821],[76.9295549,43.237558],[76.9295775,43.2375434],[76.9296135,43.2375277],[76.9296657,43.2375176],[76.9297221,43.2375145],[76.9297743,43.2375254],[76.9298063,43.2375432],[76.9298372,43.2375603],[76.9299534,43.2375679],[76.9299365,43.2376816],[76.9296632,43.2376618],[76.9296586,43.237689],[76.9295887,43.2376839],[76.9295933,43.2376516],[76.9295648,43.2376498]]]},"properties":{"osm_id":246762481,"osm_type":"way","name":"VIP Staut Beer Bar","address":"Қаныш Сәтбаев көшесі, 27А","source":"OpenStreetMap","source_url":"https://www.openstreetmap.org/way/246762481","building":"yes","levels":3,"height":9,"height_source":"estimated:osm_building_levels_x_3m","height_estimated":true,"min_height":0}},{"type":"Feature","id":"way/51268750","geometry":{"type":"Polygon","coordinates":[[[76.9316058,43.2406356],[76.9316326,43.2404682],[76.9319893,43.2404985],[76.9319625,43.2406658],[76.9316058,43.2406356]]]},"properties":{"osm_id":51268750,"osm_type":"way","name":"Банк Астана Финанс","address":"Масанчи көшесі, 98А","source":"OpenStreetMap","source_url":"https://www.openstreetmap.org/way/51268750","building":"yes","levels":null,"height":12,"height_source":"estimated:display_fallback_12m","height_estimated":true,"min_height":0}},{"type":"Feature","id":"way/1268324330","geometry":{"type":"Polygon","coordinates":[[[76.9313505,43.2445545],[76.9313995,43.244268],[76.9311638,43.2442466],[76.931258,43.2436956],[76.9315082,43.2437182],[76.9314412,43.2441107],[76.9315341,43.2441191],[76.9316478,43.2442223],[76.9315872,43.244576],[76.9313505,43.2445545]]]},"properties":{"osm_id":1268324330,"osm_type":"way","name":"Wildberries","address":"Құрманғазы көшесі, 97","source":"OpenStreetMap","source_url":"https://www.openstreetmap.org/way/1268324330","building":"yes","levels":10,"height":30,"height_source":"estimated:osm_building_levels_x_3m","height_estimated":true,"min_height":0}},{"type":"Feature","id":"way/51008022","geometry":{"type":"Polygon","coordinates":[[[76.9305373,43.2454716],[76.931939,43.2455373],[76.9319192,43.2457619],[76.9317621,43.2457546],[76.9317681,43.2456871],[76.9313301,43.2456666],[76.9313059,43.2459285],[76.9312589,43.2459686],[76.9311907,43.2459785],[76.9311341,43.2459602],[76.9310992,43.2459191],[76.9311226,43.2456586],[76.9307302,43.2456402],[76.930725,43.2456995],[76.930518,43.2456898],[76.9305373,43.2454716]]]},"properties":{"osm_id":51008022,"osm_type":"way","name":"Алматинский государственный бизнес колледж","address":"Шевченко көшесі, 95","source":"OpenStreetMap","source_url":"https://www.openstreetmap.org/way/51008022","building":"college","levels":2,"height":6,"height_source":"estimated:osm_building_levels_x_3m","height_estimated":true,"min_height":0}},{"type":"Feature","id":"way/51008042","geometry":{"type":"Polygon","coordinates":[[[76.9303343,43.2498601],[76.9302674,43.2498562],[76.9302751,43.2497859],[76.9303471,43.2497901],[76.9303533,43.2497331],[76.9306306,43.2497492],[76.930644,43.2496265],[76.9305731,43.2496224],[76.9305909,43.2494603],[76.9306751,43.2494652],[76.9306794,43.2494259],[76.9307327,43.249429],[76.9307285,43.2494672],[76.9308481,43.2494742],[76.930829,43.2496479],[76.9307846,43.2496453],[76.9307782,43.249704],[76.9309343,43.2497131],[76.9309213,43.2498318],[76.9308539,43.2498279],[76.9308471,43.2498899],[76.9307725,43.2498856],[76.9307504,43.2500881],[76.9305644,43.2500774],[76.930581,43.2499252],[76.9303288,43.2499106],[76.9303343,43.2498601]]]},"properties":{"osm_id":51008042,"osm_type":"way","name":"Ясли-сад №18","address":"Қарасай Батыр көшесі, 82","source":"OpenStreetMap","source_url":"https://www.openstreetmap.org/way/51008042","building":"kindergarten","levels":2,"height":6,"height_source":"estimated:osm_building_levels_x_3m","height_estimated":true,"min_height":0}},{"type":"Feature","id":"way/1460213613","geometry":{"type":"Polygon","coordinates":[[[76.9304874,43.2531234],[76.9304896,43.2531005],[76.9305222,43.2531022],[76.9305199,43.2531251],[76.9304874,43.2531234]]]},"properties":{"osm_id":1460213613,"osm_type":"way","name":"Час КазНМУ","address":"","source":"OpenStreetMap","source_url":"https://www.openstreetmap.org/way/1460213613","building":"yes","levels":null,"height":17,"height_source":"osm:height","height_estimated":false,"min_height":0}},{"type":"Feature","id":"way/50876710","geometry":{"type":"Polygon","coordinates":[[[76.9310889,43.2542533],[76.9311053,43.2540816],[76.9313747,43.2540952],[76.9313583,43.254267],[76.9310889,43.2542533]]]},"properties":{"osm_id":50876710,"osm_type":"way","name":"Центральный Дом Бухгалтера","address":"Төле Би көшесі, 89","source":"OpenStreetMap","source_url":"https://www.openstreetmap.org/way/50876710","building":"yes","levels":4,"height":12,"height_source":"estimated:osm_building_levels_x_3m","height_estimated":true,"min_height":0}},{"type":"Feature","id":"way/50876714","geometry":{"type":"Polygon","coordinates":[[[76.9289505,43.2572986],[76.9294007,43.2573266],[76.9296398,43.2573414],[76.9296121,43.2575779],[76.9289227,43.2575351],[76.9289505,43.2572986]]]},"properties":{"osm_id":50876714,"osm_type":"way","name":"Научная Библиотека Казахского Национального Женского Педагогического Университета","address":"Әйтеке Би көшесі, 111","source":"OpenStreetMap","source_url":"https://www.openstreetmap.org/way/50876714","building":"yes","levels":null,"height":12,"height_source":"estimated:display_fallback_12m","height_estimated":true,"min_height":0}},{"type":"Feature","id":"way/1524842412","geometry":{"type":"Polygon","coordinates":[[[76.9360777,43.2328218],[76.9358142,43.233055],[76.9356831,43.2329772],[76.9359594,43.2327517],[76.9360777,43.2328218]]]},"properties":{"osm_id":1524842412,"osm_type":"way","name":"","address":"","source":"OpenStreetMap","source_url":"https://www.openstreetmap.org/way/1524842412","building":"commercial","levels":2,"height":4,"height_source":"osm:height","height_estimated":false,"min_height":0}},{"type":"Feature","id":"way/334772447","geometry":{"type":"Polygon","coordinates":[[[76.9323927,43.2331731],[76.9324446,43.2332083],[76.9324637,43.2331933],[76.9325111,43.2332254],[76.932492,43.2332403],[76.9325447,43.233276],[76.9324082,43.233383],[76.9322562,43.2332802],[76.9323927,43.2331731]]]},"properties":{"osm_id":334772447,"osm_type":"way","name":"Научно-исследовательский и проектный институт нефти и газа","address":"Байтұрсынұлы көшесі, 132б","source":"OpenStreetMap","source_url":"https://www.openstreetmap.org/way/334772447","building":"office","levels":7,"height":21,"height_source":"estimated:osm_building_levels_x_3m","height_estimated":true,"min_height":0}},{"type":"Feature","id":"way/368116881","geometry":{"type":"Polygon","coordinates":[[[76.9341918,43.2386696],[76.9342045,43.2385329],[76.934354,43.2385317],[76.9343476,43.2387078],[76.9342967,43.238709],[76.9342554,43.2386684],[76.9341918,43.2386696]]]},"properties":{"osm_id":368116881,"osm_type":"way","name":"","address":"","source":"OpenStreetMap","source_url":"https://www.openstreetmap.org/way/368116881","building":"roof","levels":null,"height":5,"height_source":"osm:height","height_estimated":false,"min_height":0}},{"type":"Feature","id":"way/51267831","geometry":{"type":"Polygon","coordinates":[[[76.9345975,43.24126],[76.9346435,43.2408605],[76.9348671,43.2408742],[76.9348348,43.2411545],[76.935097,43.2411706],[76.9351317,43.2408696],[76.9353194,43.2408811],[76.935271,43.2413011],[76.9349878,43.2412838],[76.9348215,43.2412737],[76.9345975,43.24126]]]},"properties":{"osm_id":51267831,"osm_type":"way","name":"Professional","address":"Сейфуллин даңғылы, 538","source":"OpenStreetMap","source_url":"https://www.openstreetmap.org/way/51267831","building":"commercial","levels":3,"height":9,"height_source":"estimated:osm_building_levels_x_3m","height_estimated":true,"min_height":0}},{"type":"Feature","id":"way/51268833","geometry":{"type":"Polygon","coordinates":[[[76.9343476,43.2448863],[76.9343696,43.244702],[76.9345461,43.2447132],[76.9345242,43.2448975],[76.9343476,43.2448863]]]},"properties":{"osm_id":51268833,"osm_type":"way","name":"Munchen","address":"Сейфуллин даңғылы, 526","source":"OpenStreetMap","source_url":"https://www.openstreetmap.org/way/51268833","building":"yes","levels":null,"height":12,"height_source":"estimated:display_fallback_12m","height_estimated":true,"min_height":0}},{"type":"Feature","id":"way/759964158","geometry":{"type":"Polygon","coordinates":[[[76.9343329,43.2459571],[76.9343393,43.2458518],[76.9343418,43.2458096],[76.9344312,43.2458124],[76.9346908,43.2458207],[76.9346819,43.2459683],[76.9343329,43.2459571]]]},"properties":{"osm_id":759964158,"osm_type":"way","name":"I'm","address":"Шевченко көшесі, 85А","source":"OpenStreetMap","source_url":"https://www.openstreetmap.org/way/759964158","building":"yes","levels":1,"height":3,"height_source":"estimated:osm_building_levels_x_3m","height_estimated":true,"min_height":0}},{"type":"Feature","id":"way/240991397","geometry":{"type":"Polygon","coordinates":[[[76.9341209,43.2492179],[76.9341604,43.2491891],[76.9342168,43.2491768],[76.9344124,43.2491972],[76.9348661,43.2492444],[76.9351493,43.2492699],[76.9351906,43.2492891],[76.9352188,43.2493398],[76.9352075,43.249359],[76.9351568,43.2496999],[76.9351361,43.2497451],[76.9350872,43.249767],[76.9350252,43.2497698],[76.9341378,43.2496862],[76.9340964,43.2496725],[76.9340682,43.2496465],[76.9340645,43.2496082],[76.9340941,43.249402],[76.9341209,43.2492179]]]},"properties":{"osm_id":240991397,"osm_type":"way","name":"Rixos Almaty","address":"Сейфуллин даңғылы, 506","source":"OpenStreetMap","source_url":"https://www.openstreetmap.org/way/240991397","building":"yes","levels":8,"height":24,"height_source":"estimated:osm_building_levels_x_3m","height_estimated":true,"min_height":0}},{"type":"Feature","id":"way/1460213627","geometry":{"type":"Polygon","coordinates":[[[76.9322528,43.2534022],[76.9324208,43.2534122],[76.9324097,43.2534968],[76.9322406,43.2534842],[76.9322528,43.2534022]]]},"properties":{"osm_id":1460213627,"osm_type":"way","name":"","address":"","source":"OpenStreetMap","source_url":"https://www.openstreetmap.org/way/1460213627","building":"bridge","levels":null,"height":6,"height_source":"osm:height","height_estimated":false,"min_height":3}},{"type":"Feature","id":"way/50876761","geometry":{"type":"Polygon","coordinates":[[[76.9320216,43.2563971],[76.9320996,43.2558148],[76.9323203,43.2558304],[76.9322423,43.2564128],[76.9320216,43.2563971]]]},"properties":{"osm_id":50876761,"osm_type":"way","name":"\"Сарыарка\" бизнес центр","address":"Сейфуллин даңғылы, 531","source":"OpenStreetMap","source_url":"https://www.openstreetmap.org/way/50876761","building":"commercial","levels":8,"height":24,"height_source":"estimated:osm_building_levels_x_3m","height_estimated":true,"min_height":0}},{"type":"Feature","id":"way/50655449","geometry":{"type":"Polygon","coordinates":[[[76.9345448,43.2577863],[76.9345601,43.2576446],[76.9351289,43.2576772],[76.9351136,43.2578189],[76.9345448,43.2577863]]]},"properties":{"osm_id":50655449,"osm_type":"way","name":"Центр радиофикации г.Алматы","address":"Әйтеке Би көшесі, 91","source":"OpenStreetMap","source_url":"https://www.openstreetmap.org/way/50655449","building":"apartments","levels":3,"height":9,"height_source":"estimated:osm_building_levels_x_3m","height_estimated":true,"min_height":0}},{"type":"Feature","id":"way/234261833","geometry":{"type":"Polygon","coordinates":[[[76.9360644,43.2328136],[76.9359594,43.2327517],[76.9359536,43.2327483],[76.9358613,43.2326914],[76.9359335,43.2326292],[76.9362212,43.2328065],[76.936151,43.232867],[76.9360777,43.2328218],[76.9360644,43.2328136]]]},"properties":{"osm_id":234261833,"osm_type":"way","name":"Helios","address":"","source":"OpenStreetMap","source_url":"https://www.openstreetmap.org/way/234261833","building":"roof","levels":null,"height":12,"height_source":"estimated:display_fallback_12m","height_estimated":true,"min_height":0}},{"type":"Feature","id":"way/1524842411","geometry":{"type":"Polygon","coordinates":[[[76.9360958,43.234477],[76.9360834,43.2346263],[76.9359882,43.234652],[76.9359848,43.2345731],[76.9359801,43.2344924],[76.9359971,43.2344901],[76.9360469,43.2344825],[76.9360958,43.234477]]]},"properties":{"osm_id":1524842411,"osm_type":"way","name":"","address":"","source":"OpenStreetMap","source_url":"https://www.openstreetmap.org/way/1524842411","building":"roof","levels":null,"height":2,"height_source":"osm:height","height_estimated":false,"min_height":0}},{"type":"Feature","id":"way/1412828730","geometry":{"type":"Polygon","coordinates":[[[76.9375611,43.2362285],[76.9375491,43.2363172],[76.9371332,43.2362873],[76.937145,43.2362002],[76.9373484,43.2362148],[76.9373536,43.2361769],[76.9374586,43.2361844],[76.9374537,43.2362207],[76.9375611,43.2362285]]]},"properties":{"osm_id":1412828730,"osm_type":"way","name":"Магнум","address":"","source":"OpenStreetMap","source_url":"https://www.openstreetmap.org/way/1412828730","building":"retail","levels":null,"height":12,"height_source":"estimated:display_fallback_12m","height_estimated":true,"min_height":0}},{"type":"Feature","id":"way/51267840","geometry":{"type":"Polygon","coordinates":[[[76.9390731,43.2403235],[76.9390941,43.24017],[76.9405217,43.2402736],[76.9405007,43.2404271],[76.9397867,43.2403753],[76.9390731,43.2403235]]]},"properties":{"osm_id":51267840,"osm_type":"way","name":"Concord","address":"Абай даңғылы, 26А","source":"OpenStreetMap","source_url":"https://www.openstreetmap.org/way/51267840","building":"office","levels":6,"height":18,"height_source":"estimated:osm_building_levels_x_3m","height_estimated":true,"min_height":0}},{"type":"Feature","id":"way/51267895","geometry":{"type":"Polygon","coordinates":[[[76.9380669,43.244992],[76.9380961,43.2447648],[76.9382949,43.2447784],[76.9382657,43.2450056],[76.9380669,43.244992]]]},"properties":{"osm_id":51267895,"osm_type":"way","name":"Airis Residence","address":"Наурызбай Батыр көшесі, 134/2","source":"OpenStreetMap","source_url":"https://www.openstreetmap.org/way/51267895","building":"residential","levels":3,"height":9,"height_source":"estimated:osm_building_levels_x_3m","height_estimated":true,"min_height":0}},{"type":"Feature","id":"way/51267885","geometry":{"type":"Polygon","coordinates":[[[76.9362764,43.2454417],[76.936292,43.2452512],[76.936778,43.2452724],[76.9367623,43.2454629],[76.9362764,43.2454417]]]},"properties":{"osm_id":51267885,"osm_type":"way","name":"Бизнес центр Каратал","address":"Шевченко көшесі, 90","source":"OpenStreetMap","source_url":"https://www.openstreetmap.org/way/51267885","building":"office","levels":11,"height":33,"height_source":"estimated:osm_building_levels_x_3m","height_estimated":true,"min_height":0}},{"type":"Feature","id":"way/51008058","geometry":{"type":"Polygon","coordinates":[[[76.9356539,43.2487379],[76.935664,43.2486281],[76.9360298,43.2486459],[76.9360402,43.2485323],[76.9361971,43.2485399],[76.9361946,43.2485666],[76.9361841,43.248681],[76.9364997,43.2486964],[76.9364887,43.2488162],[76.9362276,43.2488034],[76.9361794,43.2488011],[76.9361755,43.2488443],[76.9360882,43.2488401],[76.9359755,43.2488346],[76.9359809,43.2487757],[76.9357876,43.2487662],[76.9357866,43.2487769],[76.9356951,43.2487724],[76.9356981,43.2487401],[76.9356539,43.2487379]]]},"properties":{"osm_id":51008058,"osm_type":"way","name":"Музей Алматы","address":"Қабанбай Батыр көшесі, 132","source":"OpenStreetMap","source_url":"https://www.openstreetmap.org/way/51008058","building":"civic","levels":4,"height":12,"height_source":"estimated:osm_building_levels_x_3m","height_estimated":true,"min_height":0}},{"type":"Feature","id":"way/50878588","geometry":{"type":"Polygon","coordinates":[[[76.9357376,43.2508467],[76.9361499,43.250859],[76.9362528,43.2508808],[76.936362,43.2509312],[76.9364,43.2510091],[76.9363905,43.2515685],[76.9361006,43.2515555],[76.9361315,43.2510122],[76.9357256,43.2509973],[76.9357376,43.2508467]]]},"properties":{"osm_id":50878588,"osm_type":"way","name":"Республиканский Государственный Академический уйгурский театр музыкальной комедии имени К. Кужамьярова","address":"Наурызбай Батыр көшесі, 83","source":"OpenStreetMap","source_url":"https://www.openstreetmap.org/way/50878588","building":"yes","levels":2,"height":6,"height_source":"estimated:osm_building_levels_x_3m","height_estimated":true,"min_height":0}},{"type":"Feature","id":"way/50876696","geometry":{"type":"Polygon","coordinates":[[[76.9365167,43.2545051],[76.9366237,43.254513],[76.9366463,43.2545006],[76.936676,43.2544965],[76.936679,43.254497],[76.9367053,43.2545018],[76.9367233,43.2545204],[76.937117,43.2545494],[76.9371491,43.2545352],[76.9371831,43.2545304],[76.9372205,43.2545401],[76.9372471,43.254559],[76.9377468,43.2545972],[76.937721,43.2547476],[76.9373083,43.2547215],[76.9372698,43.2549795],[76.936459,43.2549196],[76.9364785,43.2547797],[76.9365167,43.2545051]]]},"properties":{"osm_id":50876696,"osm_type":"way","name":"Silk Way City","address":"Төле Би көшесі, 71","source":"OpenStreetMap","source_url":"https://www.openstreetmap.org/way/50876696","building":"yes","levels":2,"height":6,"height_source":"estimated:osm_building_levels_x_3m","height_estimated":true,"min_height":0}},{"type":"Feature","id":"way/50655492","geometry":{"type":"Polygon","coordinates":[[[76.9373752,43.2585885],[76.9373932,43.2583446],[76.9377518,43.2583586],[76.9377337,43.2586026],[76.9373752,43.2585885]]]},"properties":{"osm_id":50655492,"osm_type":"way","name":"Денсаулык","address":"Гоголь көшесі, 84Б","source":"OpenStreetMap","source_url":"https://www.openstreetmap.org/way/50655492","building":"yes","levels":1,"height":3,"height_source":"estimated:osm_building_levels_x_3m","height_estimated":true,"min_height":0}},{"type":"Feature","id":"way/248868010","geometry":{"type":"Polygon","coordinates":[[[76.943803,43.2310082],[76.943723,43.2317774],[76.9432276,43.2317482],[76.9436179,43.2309973],[76.943803,43.2310082]]]},"properties":{"osm_id":248868010,"osm_type":"way","name":"Q Бизнес-центр","address":"Желтоқсан көшесі, 191","source":"OpenStreetMap","source_url":"https://www.openstreetmap.org/way/248868010","building":"office","levels":3,"height":9,"height_source":"estimated:osm_building_levels_x_3m","height_estimated":true,"min_height":0}},{"type":"Feature","id":"way/1457184895","geometry":{"type":"Polygon","coordinates":[[[76.9417665,43.234292],[76.9418372,43.2342963],[76.9419079,43.2343007],[76.9419127,43.2342599],[76.9425182,43.234299],[76.9425121,43.2343396],[76.9425858,43.2343443],[76.9426596,43.234349],[76.942674,43.2343499],[76.9426851,43.234363],[76.9426749,43.2343713],[76.9426823,43.2343853],[76.9426714,43.2343984],[76.9426805,43.2344125],[76.9426677,43.2344273],[76.9426756,43.2344399],[76.9426645,43.2344521],[76.942672,43.2344659],[76.9426611,43.2344778],[76.9426686,43.2344922],[76.9426576,43.2345056],[76.9426653,43.2345203],[76.942654,43.2345335],[76.9426628,43.2345463],[76.9426503,43.2345617],[76.9426598,43.2345762],[76.9426467,43.2345903],[76.9426559,43.234603],[76.9426431,43.2346178],[76.9426513,43.2346315],[76.9426397,43.2346442],[76.9426479,43.2346591],[76.9426362,43.2346715],[76.9426436,43.2346867],[76.9426326,43.2346995],[76.9426397,43.2347165],[76.942629,43.2347279],[76.9426363,43.2347425],[76.9426253,43.2347567],[76.9426324,43.2347696],[76.9426219,43.2347825],[76.9426288,43.2347959],[76.9426186,43.2348083],[76.9426268,43.2348207],[76.9426083,43.2348337],[76.942593,43.2348285],[76.9425988,43.2348394],[76.9425826,43.234849],[76.9425678,43.2348426],[76.9425491,43.2348471],[76.942531,43.2348402],[76.9425113,43.2348455],[76.9424916,43.2348376],[76.9424727,43.234843],[76.9424532,43.2348351],[76.9424342,43.2348395],[76.9424158,43.2348326],[76.9423976,43.2348369],[76.94238,43.2348303],[76.9423605,43.2348351],[76.9423432,43.2348279],[76.9423239,43.2348329],[76.9423067,43.2348255],[76.9422863,43.2348306],[76.9422668,43.2348228],[76.9422491,43.2348284],[76.9422335,43.2348207],[76.9422144,43.2348264],[76.9421968,43.2348188],[76.9421954,43.2348307],[76.942141,43.2348273],[76.9420865,43.2348239],[76.9420882,43.2348116],[76.9420871,43.234811],[76.942066,43.2348172],[76.9420491,43.2348085],[76.942029,43.2348139],[76.9420111,43.234806],[76.9419929,43.2348111],[76.9419739,43.2348036],[76.9419545,43.2348086],[76.9419368,43.2348012],[76.9419165,43.2348058],[76.9418978,43.2347986],[76.9418795,43.2348036],[76.9418607,43.2347962],[76.9418422,43.2348014],[76.9418233,43.2347937],[76.941806,43.2347993],[76.9417914,43.2347916],[76.9417714,43.2347966],[76.9417535,43.2347891],[76.9417335,43.2347943],[76.9417156,43.2347866],[76.9417019,43.2347908],[76.9416908,43.234782],[76.9416991,43.2347689],[76.9416814,43.2347727],[76.9416687,43.2347628],[76.9416797,43.2347512],[76.9416723,43.2347371],[76.9416834,43.2347241],[76.9416744,43.2347099],[76.9416874,43.2346952],[76.9416795,43.2346826],[76.9416908,43.2346704],[76.9416833,43.2346565],[76.9416943,43.2346447],[76.941687,43.2346303],[76.9416981,43.2346169],[76.9416905,43.2346022],[76.941702,43.2345891],[76.9416933,43.2345762],[76.9417058,43.2345608],[76.9416965,43.2345463],[76.9417098,43.2345323],[76.9417007,43.2345196],[76.9417135,43.2345048],[76.9417054,43.2344911],[76.9417172,43.2344784],[76.9417091,43.2344635],[76.9417209,43.2344511],[76.9417136,43.2344359],[76.9417248,43.2344232],[76.9417179,43.2344062],[76.9417287,43.2343948],[76.9417215,43.2343801],[76.9417326,43.234366],[76.9417256,43.2343531],[76.9417362,43.2343402],[76.9417295,43.2343268],[76.9417397,43.2343144],[76.9417322,43.234303],[76.9417487,43.2342908],[76.9417665,43.234292]]]},"properties":{"osm_id":1457184895,"osm_type":"way","name":"Аппаратно-студийный комплекс Казахского радиотелецентра","address":"Желтоқсан көшесі, 185","source":"OpenStreetMap","source_url":"https://www.openstreetmap.org/way/1457184895","building":"yes","levels":null,"height":12,"height_source":"estimated:display_fallback_12m","height_estimated":true,"min_height":0}},{"type":"Feature","id":"way/319580930","geometry":{"type":"Polygon","coordinates":[[[76.9405312,43.2373561],[76.9408722,43.2373735],[76.9408572,43.2375296],[76.9397433,43.2374729],[76.939758,43.2373199],[76.9397969,43.2373219],[76.9398445,43.2373243],[76.9402846,43.2373467],[76.940319,43.2369884],[76.9402538,43.2369851],[76.9402685,43.2368325],[76.9406497,43.2368519],[76.9406347,43.2370078],[76.9405649,43.2370043],[76.9405312,43.2373561]]]},"properties":{"osm_id":319580930,"osm_type":"way","name":"университет Туран","address":"Қаныш Сәтбаев көшесі, 16А","source":"OpenStreetMap","source_url":"https://www.openstreetmap.org/way/319580930","building":"university","levels":6,"height":18,"height_source":"estimated:osm_building_levels_x_3m","height_estimated":true,"min_height":0}},{"type":"Feature","id":"way/1457790096","geometry":{"type":"Polygon","coordinates":[[[76.9419661,43.2392296],[76.9421985,43.2392417],[76.9423711,43.2392507],[76.942672,43.2392664],[76.9426597,43.2393925],[76.9425476,43.2393867],[76.9425212,43.2393853],[76.9424947,43.239384],[76.9423343,43.2393756],[76.9423067,43.2393742],[76.9422802,43.2393728],[76.9421054,43.2393637],[76.9420818,43.2393625],[76.9420571,43.2393612],[76.9419537,43.2393559],[76.9419661,43.2392296]]]},"properties":{"osm_id":1457790096,"osm_type":"way","name":"","address":"Желтоқсан көшесі, 170","source":"OpenStreetMap","source_url":"https://www.openstreetmap.org/way/1457790096","building":"apartments","levels":4,"height":12,"height_source":"estimated:osm_building_levels_x_3m","height_estimated":true,"min_height":0}},{"type":"Feature","id":"way/51267912","geometry":{"type":"Polygon","coordinates":[[[76.9415778,43.242516],[76.9415945,43.2423891],[76.9427168,43.2424676],[76.9427,43.242595],[76.9425163,43.2425821],[76.9423503,43.2425705],[76.9421509,43.2425565],[76.941943,43.2425419],[76.9417206,43.2425264],[76.9416606,43.2425222],[76.9415778,43.242516]]]},"properties":{"osm_id":51267912,"osm_type":"way","name":"","address":"Абай даңғылы, 47","source":"OpenStreetMap","source_url":"https://www.openstreetmap.org/way/51267912","building":"apartments","levels":4,"height":14,"height_source":"osm:height","height_estimated":false,"min_height":0}},{"type":"Feature","id":"way/51007984","geometry":{"type":"Polygon","coordinates":[[[76.9431436,43.2476644],[76.9431569,43.2475458],[76.943246,43.2475511],[76.9435582,43.2475697],[76.9436624,43.2475759],[76.943649,43.2476945],[76.9431436,43.2476644]]]},"properties":{"osm_id":51007984,"osm_type":"way","name":"","address":"Жамбыл көшесі, 66","source":"OpenStreetMap","source_url":"https://www.openstreetmap.org/way/51007984","building":"apartments","levels":5,"height":17,"height_source":"osm:height","height_estimated":false,"min_height":0}},{"type":"Feature","id":"way/237469393","geometry":{"type":"Polygon","coordinates":[[[76.9417274,43.2497288],[76.9416293,43.2497218],[76.9415109,43.2497133],[76.9412406,43.249694],[76.9409895,43.249676],[76.9408587,43.2496667],[76.9407797,43.249661],[76.9406986,43.2496552],[76.9407143,43.2495394],[76.9408209,43.2495472],[76.941743,43.2496149],[76.9417274,43.2497288]]]},"properties":{"osm_id":237469393,"osm_type":"way","name":"Жилкомбинат №7","address":"Қабанбай Батыр көшесі, 89","source":"OpenStreetMap","source_url":"https://www.openstreetmap.org/way/237469393","building":"apartments","levels":3,"height":11,"height_source":"osm:height","height_estimated":false,"min_height":0}},{"type":"Feature","id":"way/51008104","geometry":{"type":"Polygon","coordinates":[[[76.9431873,43.2516507],[76.9432232,43.2513831],[76.9432368,43.2512817],[76.9430427,43.2512679],[76.9430353,43.2513229],[76.9429451,43.2513165],[76.9429531,43.2512572],[76.9425819,43.2512306],[76.9425625,43.2513743],[76.9425331,43.2515917],[76.942726,43.2516056],[76.9427098,43.2517258],[76.9423095,43.2516971],[76.9423174,43.251639],[76.942326,43.2515749],[76.9423673,43.2515778],[76.9424132,43.251237],[76.9423735,43.2512342],[76.9423895,43.2511148],[76.9434057,43.2511872],[76.943342,43.2516617],[76.9431873,43.2516507]]]},"properties":{"osm_id":51008104,"osm_type":"way","name":"Казахская национальная консерватория имени Курмангазы","address":"Абылай Хан даңғылы, 90","source":"OpenStreetMap","source_url":"https://www.openstreetmap.org/way/51008104","building":"university","levels":3,"height":11,"height_source":"osm:height","height_estimated":false,"min_height":0}},{"type":"Feature","id":"way/50459838","geometry":{"type":"Polygon","coordinates":[[[76.9409527,43.2543525],[76.9409674,43.2542247],[76.9409808,43.2541084],[76.9409918,43.2540107],[76.9413061,43.2540294],[76.9412654,43.2543722],[76.9409527,43.2543525]]]},"properties":{"osm_id":50459838,"osm_type":"way","name":"Детский мир","address":"Төле Би көшесі, 70","source":"OpenStreetMap","source_url":"https://www.openstreetmap.org/way/50459838","building":"commercial","levels":null,"height":12,"height_source":"estimated:display_fallback_12m","height_estimated":true,"min_height":0}},{"type":"Feature","id":"way/50304648","geometry":{"type":"Polygon","coordinates":[[[76.9413548,43.2590104],[76.9413603,43.2589633],[76.9414188,43.258461],[76.9414235,43.2584211],[76.9414475,43.2583923],[76.9414997,43.2583822],[76.9420487,43.2584162],[76.9420316,43.258563],[76.9416518,43.2585395],[76.9416295,43.2587313],[76.9416199,43.2588137],[76.9415952,43.2590252],[76.9413548,43.2590104]]]},"properties":{"osm_id":50304648,"osm_type":"way","name":"Казахтелеком","address":"Абылай Хан даңғылы, 74А","source":"OpenStreetMap","source_url":"https://www.openstreetmap.org/way/50304648","building":"public","levels":3,"height":9,"height_source":"estimated:osm_building_levels_x_3m","height_estimated":true,"min_height":0}},{"type":"Feature","id":"way/1295616256","geometry":{"type":"Polygon","coordinates":[[[76.9457811,43.2316436],[76.9460023,43.231662],[76.9459058,43.2322762],[76.9457889,43.2322665],[76.9456848,43.2322578],[76.9457811,43.2316436]]]},"properties":{"osm_id":1295616256,"osm_type":"way","name":"Яндекс Казахстан","address":"Ганди көшесі, 11/1","source":"OpenStreetMap","source_url":"https://www.openstreetmap.org/way/1295616256","building":"yes","levels":null,"height":12,"height_source":"estimated:display_fallback_12m","height_estimated":true,"min_height":0}},{"type":"Feature","id":"way/1457521812","geometry":{"type":"Polygon","coordinates":[[[76.9451401,43.23306],[76.945259,43.233068],[76.9452693,43.2329874],[76.9453847,43.2329952],[76.9453951,43.2329142],[76.9455764,43.2329266],[76.945792,43.2329412],[76.9459839,43.2329543],[76.9459731,43.2330384],[76.9460805,43.2330457],[76.9460696,43.2331307],[76.9461794,43.2331382],[76.9461673,43.2332318],[76.9461592,43.2332953],[76.9461377,43.2334625],[76.9461188,43.233609],[76.9460084,43.2336015],[76.9460027,43.2336454],[76.9459982,43.2336806],[76.9458845,43.2336729],[76.9458758,43.2337405],[76.9458741,43.2337539],[76.9454494,43.2337251],[76.9452754,43.2337133],[76.9452833,43.2336516],[76.9452863,43.2336283],[76.9451798,43.2336211],[76.9451857,43.2335748],[76.9451908,43.2335349],[76.9450805,43.2335274],[76.945113,43.2332724],[76.9451181,43.2332322],[76.945129,43.2331468],[76.9451401,43.23306]]]},"properties":{"osm_id":1457521812,"osm_type":"way","name":"Резиденция Президента Республики Казахстан","address":"Ганди көшесі, 10","source":"OpenStreetMap","source_url":"https://www.openstreetmap.org/way/1457521812","building":"yes","levels":null,"height":12,"height_source":"estimated:display_fallback_12m","height_estimated":true,"min_height":0}},{"type":"Feature","id":"way/1456902021","geometry":{"type":"Polygon","coordinates":[[[76.9446195,43.2376539],[76.9448054,43.2376702],[76.9447876,43.2377832],[76.9447829,43.2377927],[76.9447745,43.2378002],[76.9447596,43.2378036],[76.9446251,43.2378077],[76.9446083,43.2378049],[76.9445952,43.2377981],[76.9445887,43.2377845],[76.9445877,43.2377661],[76.9446195,43.2376539]]]},"properties":{"osm_id":1456902021,"osm_type":"way","name":"Paul","address":"","source":"OpenStreetMap","source_url":"https://www.openstreetmap.org/way/1456902021","building":"yes","levels":null,"height":3,"height_source":"osm:height","height_estimated":false,"min_height":0}},{"type":"Feature","id":"way/1457825472","geometry":{"type":"Polygon","coordinates":[[[76.9460108,43.2411756],[76.9462535,43.2411932],[76.9461683,43.2418182],[76.9459254,43.2418006],[76.9459608,43.2415421],[76.9460108,43.2411756]]]},"properties":{"osm_id":1457825472,"osm_type":"way","name":"Нурбанк","address":"Абай даңғылы, 10в","source":"OpenStreetMap","source_url":"https://www.openstreetmap.org/way/1457825472","building":"yes","levels":5,"height":15,"height_source":"estimated:osm_building_levels_x_3m","height_estimated":true,"min_height":0}},{"type":"Feature","id":"way/51267940","geometry":{"type":"Polygon","coordinates":[[[76.9450173,43.2426241],[76.9452434,43.2426399],[76.9452379,43.2426819],[76.9457497,43.2427177],[76.9461264,43.2427441],[76.9461308,43.2427106],[76.9463593,43.2427267],[76.9463105,43.2430964],[76.9460772,43.2430801],[76.9461023,43.2428895],[76.945214,43.2428273],[76.9451909,43.2430028],[76.9449693,43.2429873],[76.9450173,43.2426241]]]},"properties":{"osm_id":51267940,"osm_type":"way","name":"Центральный государственный архив научно-технической документации","address":"Абай даңғылы, 39","source":"OpenStreetMap","source_url":"https://www.openstreetmap.org/way/51267940","building":"yes","levels":4,"height":14,"height_source":"osm:height","height_estimated":false,"min_height":0}},{"type":"Feature","id":"way/51007977","geometry":{"type":"Polygon","coordinates":[[[76.9472499,43.2479216],[76.9472572,43.2478599],[76.9472643,43.2477986],[76.9472802,43.2476629],[76.9472965,43.2475236],[76.9473074,43.2474306],[76.9474724,43.2474409],[76.9474149,43.2479319],[76.9472605,43.2479223],[76.9472499,43.2479216]]]},"properties":{"osm_id":51007977,"osm_type":"way","name":"","address":"Назарбаев даңғылы, 149","source":"OpenStreetMap","source_url":"https://www.openstreetmap.org/way/51007977","building":"apartments","levels":4,"height":14,"height_source":"osm:height","height_estimated":false,"min_height":0}},{"type":"Feature","id":"way/51008097","geometry":{"type":"Polygon","coordinates":[[[76.9457684,43.2513124],[76.9458832,43.2504203],[76.9460406,43.2504311],[76.9460275,43.2505325],[76.9460066,43.2506958],[76.9459891,43.2508315],[76.9459715,43.2509687],[76.9459529,43.2511136],[76.9459361,43.2512445],[76.945926,43.2513231],[76.9457684,43.2513124]]]},"properties":{"osm_id":51008097,"osm_type":"way","name":"","address":"Панфилов көшесі, 114","source":"OpenStreetMap","source_url":"https://www.openstreetmap.org/way/51008097","building":"apartments","levels":5,"height":17,"height_source":"osm:height","height_estimated":false,"min_height":0}},{"type":"Feature","id":"way/50898865","geometry":{"type":"Polygon","coordinates":[[[76.9472061,43.2531092],[76.9472237,43.2529725],[76.9473762,43.2529828],[76.9475155,43.2529923],[76.9478391,43.2530144],[76.9481149,43.2530332],[76.9480973,43.25317],[76.9472061,43.2531092]]]},"properties":{"osm_id":50898865,"osm_type":"way","name":"","address":"Бөгенбай Батыр көшесі, 128","source":"OpenStreetMap","source_url":"https://www.openstreetmap.org/way/50898865","building":"apartments","levels":3,"height":11,"height_source":"osm:height","height_estimated":false,"min_height":0}},{"type":"Feature","id":"way/50568013","geometry":{"type":"Polygon","coordinates":[[[76.9470857,43.2554117],[76.9471047,43.2552672],[76.9471469,43.2552701],[76.9475635,43.2552992],[76.9475445,43.2554437],[76.9474173,43.2554346],[76.9472086,43.2554203],[76.9470857,43.2554117]]]},"properties":{"osm_id":50568013,"osm_type":"way","name":"","address":"Төле Би көшесі, 49","source":"OpenStreetMap","source_url":"https://www.openstreetmap.org/way/50568013","building":"apartments","levels":3,"height":11,"height_source":"osm:height","height_estimated":false,"min_height":0}},{"type":"Feature","id":"way/50568022","geometry":{"type":"Polygon","coordinates":[[[76.9459231,43.2588369],[76.9459158,43.258904],[76.9458299,43.2588989],[76.9458373,43.2588319],[76.9455997,43.258818],[76.9453558,43.2588049],[76.9453085,43.2588023],[76.9453196,43.2586976],[76.9454404,43.2587044],[76.9458009,43.2587268],[76.9458794,43.2587317],[76.9459343,43.2587351],[76.9459231,43.2588369]]]},"properties":{"osm_id":50568022,"osm_type":"way","name":"Voyage","address":"Назарбаев даңғылы, 97А","source":"OpenStreetMap","source_url":"https://www.openstreetmap.org/way/50568022","building":"yes","levels":5,"height":15,"height_source":"osm:height","height_estimated":false,"min_height":0}},{"type":"Feature","id":"way/240947839","geometry":{"type":"Polygon","coordinates":[[[76.950229,43.2303072],[76.9503503,43.2294164],[76.9505179,43.2294285],[76.9505079,43.229502],[76.9504824,43.2296894],[76.9504559,43.2298838],[76.9504299,43.2300747],[76.9504071,43.2302423],[76.9503966,43.2303193],[76.950229,43.2303072]]]},"properties":{"osm_id":240947839,"osm_type":"way","name":"","address":"Назарбаев даңғылы, 240","source":"OpenStreetMap","source_url":"https://www.openstreetmap.org/way/240947839","building":"apartments","levels":5,"height":17,"height_source":"osm:height","height_estimated":false,"min_height":0}},{"type":"Feature","id":"way/444574821","geometry":{"type":"Polygon","coordinates":[[[76.9509761,43.2360247],[76.9509984,43.2360452],[76.9509952,43.2360683],[76.9509663,43.2360853],[76.9509366,43.2363533],[76.9509589,43.2363737],[76.9509557,43.2363969],[76.9509267,43.2364139],[76.9508964,43.2364113],[76.9508749,43.2363899],[76.9505429,43.2363678],[76.9505065,43.2363654],[76.9504882,43.2363642],[76.9504593,43.2363812],[76.950429,43.2363786],[76.9504074,43.2363572],[76.9504111,43.2363342],[76.9504386,43.2363184],[76.9504726,43.2360567],[76.950451,43.2360352],[76.9504547,43.2360123],[76.9504822,43.2359964],[76.9504417,43.2359702],[76.9504526,43.2358649],[76.9504645,43.2357503],[76.9505123,43.2357379],[76.9504908,43.2357165],[76.9504944,43.2356935],[76.9505219,43.2356776],[76.9505555,43.2354063],[76.950534,43.2353849],[76.9505376,43.2353619],[76.9505651,43.235346],[76.9505957,43.2353483],[76.950618,43.2353687],[76.9510061,43.2353932],[76.9510336,43.2353774],[76.9510641,43.2353796],[76.9510864,43.2354001],[76.9510844,43.2354146],[76.9510832,43.2354232],[76.9510543,43.2354402],[76.9510205,43.2357071],[76.9510428,43.2357276],[76.9510411,43.2357401],[76.9510396,43.2357507],[76.9510106,43.2357677],[76.9510094,43.2357766],[76.9509855,43.2359546],[76.9509792,43.2360019],[76.9509761,43.2360247]]]},"properties":{"osm_id":444574821,"osm_type":"way","name":"Центральный Государственный музей Казахстана","address":"44","source":"OpenStreetMap","source_url":"https://www.openstreetmap.org/way/444574821","building":"public","levels":null,"height":12,"height_source":"osm:height","height_estimated":false,"min_height":0}},{"type":"Feature","id":"way/294960005","geometry":{"type":"Polygon","coordinates":[[[76.9516558,43.2379024],[76.9516622,43.237862],[76.9517179,43.2378667],[76.9517246,43.2378239],[76.9517814,43.2378287],[76.9517683,43.2379118],[76.9516558,43.2379024]]]},"properties":{"osm_id":294960005,"osm_type":"way","name":"КПП","address":"","source":"OpenStreetMap","source_url":"https://www.openstreetmap.org/way/294960005","building":"yes","levels":1,"height":3,"height_source":"estimated:osm_building_levels_x_3m","height_estimated":true,"min_height":0}},{"type":"Feature","id":"way/1458827602","geometry":{"type":"Polygon","coordinates":[[[76.9486976,43.2414909],[76.9487522,43.2414937],[76.9487747,43.2414948],[76.9487969,43.2414959],[76.9489956,43.2415061],[76.9490194,43.2415073],[76.9490439,43.2415085],[76.9491037,43.2415116],[76.9490919,43.2416341],[76.9486858,43.2416134],[76.9486976,43.2414909]]]},"properties":{"osm_id":1458827602,"osm_type":"way","name":"","address":"Назарбаев даңғылы, 174а","source":"OpenStreetMap","source_url":"https://www.openstreetmap.org/way/1458827602","building":"apartments","levels":4,"height":14,"height_source":"osm:height","height_estimated":false,"min_height":0}},{"type":"Feature","id":"way/248868006","geometry":{"type":"Polygon","coordinates":[[[76.9482931,43.2444349],[76.9484449,43.2444443],[76.9485019,43.2444884],[76.9484888,43.244601],[76.9482753,43.2445879],[76.9482931,43.2444349]]]},"properties":{"osm_id":248868006,"osm_type":"way","name":"Дом почетного гражданина Головизина 1905-1908 гг.","address":"Назарбаев даңғылы, 162","source":"OpenStreetMap","source_url":"https://www.openstreetmap.org/way/248868006","building":"yes","levels":1,"height":5,"height_source":"osm:height","height_estimated":false,"min_height":0}},{"type":"Feature","id":"way/51008195","geometry":{"type":"Polygon","coordinates":[[[76.9507613,43.2475552],[76.950772,43.2474702],[76.9507899,43.2473281],[76.9508082,43.2471821],[76.9508175,43.2471085],[76.9509983,43.2471205],[76.9509454,43.247542],[76.9509422,43.2475672],[76.9507613,43.2475552]]]},"properties":{"osm_id":51008195,"osm_type":"way","name":"","address":"Қонаев көшесі, 153","source":"OpenStreetMap","source_url":"https://www.openstreetmap.org/way/51008195","building":"apartments","levels":5,"height":17,"height_source":"osm:height","height_estimated":false,"min_height":0}},{"type":"Feature","id":"way/463121485","geometry":{"type":"Polygon","coordinates":[[[76.9510587,43.2499248],[76.9510643,43.2498873],[76.9510729,43.2498298],[76.9511044,43.2498323],[76.951119,43.249735],[76.9513417,43.2497527],[76.951317,43.249918],[76.9512025,43.249909],[76.9511985,43.2499359],[76.9511094,43.2499288],[76.9510587,43.2499248]]]},"properties":{"osm_id":463121485,"osm_type":"way","name":"Центр сближения культур","address":"Қонаев көшесі, 120","source":"OpenStreetMap","source_url":"https://www.openstreetmap.org/way/463121485","building":"yes","levels":2,"height":7,"height_source":"osm:height","height_estimated":false,"min_height":0}},{"type":"Feature","id":"way/50898863","geometry":{"type":"Polygon","coordinates":[[[76.947591,43.2535819],[76.9476107,43.2534356],[76.9484767,43.2534976],[76.9484614,43.253611],[76.9484464,43.253722],[76.9482471,43.2537078],[76.9482577,43.2536297],[76.9479859,43.2536102],[76.947591,43.2535819]]]},"properties":{"osm_id":50898863,"osm_type":"way","name":"","address":"Бөгенбай Батыр көшесі, 117","source":"OpenStreetMap","source_url":"https://www.openstreetmap.org/way/50898863","building":"apartments","levels":3,"height":11,"height_source":"osm:height","height_estimated":false,"min_height":0}},{"type":"Feature","id":"way/50898951","geometry":{"type":"Polygon","coordinates":[[[76.9504724,43.2563023],[76.9505012,43.2559926],[76.9505087,43.2559107],[76.9507071,43.2559205],[76.9506706,43.2563121],[76.9505934,43.2563083],[76.950496,43.2563035],[76.9504724,43.2563023]]]},"properties":{"osm_id":50898951,"osm_type":"way","name":"​Общежитие №2","address":"Қонаев көшесі, 82","source":"OpenStreetMap","source_url":"https://www.openstreetmap.org/way/50898951","building":"dormitory","levels":3,"height":11,"height_source":"osm:height","height_estimated":false,"min_height":0}},{"type":"Feature","id":"way/50568051","geometry":{"type":"Polygon","coordinates":[[[76.9489896,43.2574754],[76.9490055,43.2573544],[76.9496894,43.2574019],[76.9496736,43.2575228],[76.9495496,43.2575142],[76.949331,43.257499],[76.9490924,43.2574825],[76.9489896,43.2574754]]]},"properties":{"osm_id":50568051,"osm_type":"way","name":"","address":"Қонаев көшесі, 83А","source":"OpenStreetMap","source_url":"https://www.openstreetmap.org/way/50568051","building":"apartments","levels":4,"height":14,"height_source":"osm:height","height_estimated":false,"min_height":0}},{"type":"Feature","id":"way/189199958","geometry":{"type":"Polygon","coordinates":[[[76.9534594,43.2330083],[76.953475,43.2328856],[76.9534879,43.2327846],[76.9535046,43.2326535],[76.9538306,43.2326759],[76.9546513,43.2327323],[76.9546375,43.2328436],[76.9546142,43.2330314],[76.9546077,43.2330837],[76.9534594,43.2330083]]]},"properties":{"osm_id":189199958,"osm_type":"way","name":"Life town","address":"98","source":"OpenStreetMap","source_url":"https://www.openstreetmap.org/way/189199958","building":"yes","levels":2,"height":9,"height_source":"osm:height","height_estimated":false,"min_height":0}},{"type":"Feature","id":"way/252584380","geometry":{"type":"Polygon","coordinates":[[[76.954369,43.2358138],[76.9544066,43.2355245],[76.9543461,43.2355201],[76.9543635,43.2353934],[76.954552,43.2354072],[76.9546699,43.2354158],[76.9546524,43.2355426],[76.9545989,43.2355387],[76.9545614,43.2358271],[76.954369,43.2358138]]]},"properties":{"osm_id":252584380,"osm_type":"way","name":"Бакалавриат","address":"20","source":"OpenStreetMap","source_url":"https://www.openstreetmap.org/way/252584380","building":"school","levels":4,"height":12,"height_source":"estimated:osm_building_levels_x_3m","height_estimated":true,"min_height":0}},{"type":"Feature","id":"way/240066533","geometry":{"type":"Polygon","coordinates":[[[76.9557927,43.2378076],[76.9560027,43.2374425],[76.9561806,43.2374967],[76.9559707,43.2378619],[76.9557927,43.2378076]]]},"properties":{"osm_id":240066533,"osm_type":"way","name":"","address":"Самал 1, 1а","source":"OpenStreetMap","source_url":"https://www.openstreetmap.org/way/240066533","building":"retail","levels":2,"height":7,"height_source":"osm:height","height_estimated":false,"min_height":0}},{"type":"Feature","id":"way/1458827673","geometry":{"type":"Polygon","coordinates":[[[76.9531201,43.2395485],[76.9536692,43.2395795],[76.9537368,43.2395833],[76.9539131,43.2395933],[76.9538982,43.239733],[76.9536971,43.2397217],[76.9532763,43.239698],[76.9531053,43.2396884],[76.9531201,43.2395485]]]},"properties":{"osm_id":1458827673,"osm_type":"way","name":"Общижите №1","address":"Абай даңғылы, 8г/7","source":"OpenStreetMap","source_url":"https://www.openstreetmap.org/way/1458827673","building":"dormitory","levels":4,"height":14,"height_source":"osm:height","height_estimated":false,"min_height":0}},{"type":"Feature","id":"way/1457752096","geometry":{"type":"Polygon","coordinates":[[[76.9525757,43.2437499],[76.9525928,43.2436004],[76.9528077,43.2436134],[76.9527906,43.2437628],[76.9525757,43.2437499]]]},"properties":{"osm_id":1457752096,"osm_type":"way","name":"Mastersky Group","address":"Шоқан Уәлиханов көшесі, 137/1","source":"OpenStreetMap","source_url":"https://www.openstreetmap.org/way/1457752096","building":"yes","levels":1,"height":3,"height_source":"estimated:osm_building_levels_x_3m","height_estimated":true,"min_height":0}},{"type":"Feature","id":"way/27054594","geometry":{"type":"Polygon","coordinates":[[[76.9554432,43.2479446],[76.9552473,43.2479293],[76.9552565,43.2478666],[76.9552844,43.2476767],[76.9553029,43.2475506],[76.9554988,43.2475659],[76.9554432,43.2479446]]]},"properties":{"osm_id":27054594,"osm_type":"way","name":"","address":"Шевченко көшесі, 15А","source":"OpenStreetMap","source_url":"https://www.openstreetmap.org/way/27054594","building":"apartments","levels":3,"height":9,"height_source":"estimated:osm_building_levels_x_3m","height_estimated":true,"min_height":0}},{"type":"Feature","id":"way/27054599","geometry":{"type":"Polygon","coordinates":[[[76.9542074,43.249359],[76.9539999,43.2493441],[76.9540662,43.2488553],[76.9542738,43.2488702],[76.9542443,43.2490879],[76.9542406,43.2491146],[76.9542369,43.249142],[76.9542074,43.249359]]]},"properties":{"osm_id":27054599,"osm_type":"way","name":"Казахстанско-Немецкий университет","address":"Пушкин көшесі, 111","source":"OpenStreetMap","source_url":"https://www.openstreetmap.org/way/27054599","building":"university","levels":3,"height":11,"height_source":"osm:height","height_estimated":false,"min_height":0}},{"type":"Feature","id":"way/27054607","geometry":{"type":"Polygon","coordinates":[[[76.9528515,43.2512606],[76.9528478,43.2512874],[76.9528917,43.2512905],[76.9528469,43.2516233],[76.9527491,43.251693],[76.9526022,43.2516844],[76.9526585,43.2512746],[76.9527301,43.2512797],[76.9527553,43.2510954],[76.9527612,43.251052],[76.9528729,43.2510591],[76.9528664,43.251104],[76.9532195,43.2511293],[76.9531984,43.2512855],[76.9528515,43.2512606]]]},"properties":{"osm_id":27054607,"osm_type":"way","name":"Институт гидрогеологии и геоэкологии им. У.М. Ахмедсафина","address":"Шоқан Уәлиханов көшесі, 94","source":"OpenStreetMap","source_url":"https://www.openstreetmap.org/way/27054607","building":"university","levels":4,"height":14,"height_source":"osm:height","height_estimated":false,"min_height":0}},{"type":"Feature","id":"way/50898960","geometry":{"type":"Polygon","coordinates":[[[76.952272,43.2542666],[76.9523281,43.2538709],[76.9525015,43.2538839],[76.9524453,43.2542796],[76.952272,43.2542666]]]},"properties":{"osm_id":50898960,"osm_type":"way","name":"Республиканский эстрадно-цирковой колледж им. Ж.Елебекова","address":"Бөгенбай батыр көшесі, 105","source":"OpenStreetMap","source_url":"https://www.openstreetmap.org/way/50898960","building":"university","levels":3,"height":11,"height_source":"osm:height","height_estimated":false,"min_height":0}},{"type":"Feature","id":"way/53588659","geometry":{"type":"Polygon","coordinates":[[[76.9525121,43.25893],[76.9524515,43.2591686],[76.9521759,43.2591315],[76.9522365,43.2588929],[76.9523342,43.258906],[76.9523965,43.2589144],[76.9524489,43.2589215],[76.9525121,43.25893]]]},"properties":{"osm_id":53588659,"osm_type":"way","name":"Воскресная школа","address":"Гоголь көшесі, 40","source":"OpenStreetMap","source_url":"https://www.openstreetmap.org/way/53588659","building":"church","levels":null,"height":3,"height_source":"osm:height","height_estimated":false,"min_height":0}},{"type":"Feature","id":"way/51214857","geometry":{"type":"Polygon","coordinates":[[[76.9576939,43.2312918],[76.9577605,43.2307281],[76.9579401,43.2307393],[76.957929,43.2308332],[76.9579067,43.2310226],[76.9578847,43.231209],[76.9578736,43.231303],[76.9576939,43.2312918]]]},"properties":{"osm_id":51214857,"osm_type":"way","name":"","address":"12","source":"OpenStreetMap","source_url":"https://www.openstreetmap.org/way/51214857","building":"apartments","levels":5,"height":17,"height_source":"osm:height","height_estimated":false,"min_height":0}},{"type":"Feature","id":"way/189199948","geometry":{"type":"Polygon","coordinates":[[[76.9566436,43.2351223],[76.9566595,43.2349979],[76.9573749,43.2350467],[76.9573589,43.2351711],[76.9572902,43.2351664],[76.9571151,43.2351545],[76.9569035,43.23514],[76.9567136,43.2351271],[76.9566436,43.2351223]]]},"properties":{"osm_id":189199948,"osm_type":"way","name":"","address":"Достық даңғылы, 89/1","source":"OpenStreetMap","source_url":"https://www.openstreetmap.org/way/189199948","building":"apartments","levels":5,"height":17,"height_source":"osm:height","height_estimated":false,"min_height":0}},{"type":"Feature","id":"way/1458785462","geometry":{"type":"Polygon","coordinates":[[[76.9580382,43.236392],[76.9582185,43.236367],[76.9582013,43.2363123],[76.9583043,43.236299],[76.9583311,43.2363998],[76.9583654,43.2364546],[76.9583633,43.2365187],[76.9583172,43.236571],[76.9582474,43.2365992],[76.9581551,43.2365953],[76.9580854,43.2365609],[76.9580382,43.236392]]]},"properties":{"osm_id":1458785462,"osm_type":"way","name":"Le Dome","address":"Достық даңғылы, 132б","source":"OpenStreetMap","source_url":"https://www.openstreetmap.org/way/1458785462","building":"yes","levels":null,"height":3,"height_source":"osm:height","height_estimated":false,"min_height":0}},{"type":"Feature","id":"way/1458475679","geometry":{"type":"Polygon","coordinates":[[[76.9574957,43.240717],[76.9575412,43.2403491],[76.9577494,43.2403616],[76.9577173,43.2405784],[76.9576944,43.2407329],[76.9574957,43.240717]]]},"properties":{"osm_id":1458475679,"osm_type":"way","name":"","address":"","source":"OpenStreetMap","source_url":"https://www.openstreetmap.org/way/1458475679","building":"university","levels":2,"height":6,"height_source":"osm:height","height_estimated":false,"min_height":0}},{"type":"Feature","id":"way/51155893","geometry":{"type":"Polygon","coordinates":[[[76.9587363,43.2424263],[76.9587806,43.2422651],[76.9588427,43.2422326],[76.9589898,43.2421557],[76.9591266,43.2421655],[76.9592188,43.2422737],[76.9592889,43.242356],[76.9588611,43.2425611],[76.958818,43.2425146],[76.9587652,43.2424575],[76.9587363,43.2424263]]]},"properties":{"osm_id":51155893,"osm_type":"way","name":"Канатная дорога на Кок-Тобе","address":"Достық даңғылы, 104Б","source":"OpenStreetMap","source_url":"https://www.openstreetmap.org/way/51155893","building":"retail","levels":3,"height":12,"height_source":"osm:height","height_estimated":false,"min_height":0}},{"type":"Feature","id":"way/27054568","geometry":{"type":"Polygon","coordinates":[[[76.9582023,43.2478658],[76.9582131,43.247793],[76.9582189,43.2477536],[76.9591944,43.2478302],[76.9591745,43.2479393],[76.9590244,43.2479302],[76.9587859,43.2479116],[76.958557,43.2478936],[76.9583804,43.2478798],[76.9582023,43.2478658]]]},"properties":{"osm_id":27054568,"osm_type":"way","name":"","address":"Зенков көшесі, 86","source":"OpenStreetMap","source_url":"https://www.openstreetmap.org/way/27054568","building":"apartments","levels":5,"height":15,"height_source":"osm:height","height_estimated":false,"min_height":0}},{"type":"Feature","id":"way/27054555","geometry":{"type":"Polygon","coordinates":[[[76.957944,43.2507257],[76.9589843,43.2507965],[76.9589691,43.2509151],[76.9590723,43.2509221],[76.9590213,43.2513192],[76.9588253,43.2513059],[76.9588323,43.2512513],[76.9588569,43.2510596],[76.9588745,43.2509225],[76.9587887,43.2509167],[76.9585558,43.2509008],[76.958405,43.2508905],[76.9581737,43.2508748],[76.9581107,43.2508705],[76.9581069,43.2509004],[76.9580955,43.2509893],[76.9580795,43.251114],[76.9578958,43.2511015],[76.957944,43.2507257]]]},"properties":{"osm_id":27054555,"osm_type":"way","name":"","address":"Қабанбай батыр көшесі, 55","source":"OpenStreetMap","source_url":"https://www.openstreetmap.org/way/27054555","building":"apartments","levels":5,"height":17,"height_source":"osm:height","height_estimated":false,"min_height":0}},{"type":"Feature","id":"way/27054583","geometry":{"type":"Polygon","coordinates":[[[76.9576534,43.2524431],[76.9588442,43.2525083],[76.9588292,43.2526531],[76.9576384,43.252588],[76.9576534,43.2524431]]]},"properties":{"osm_id":27054583,"osm_type":"way","name":"","address":"Қалдаяқов көшесі, 59","source":"OpenStreetMap","source_url":"https://www.openstreetmap.org/way/27054583","building":"apartments","levels":5,"height":17,"height_source":"osm:height","height_estimated":false,"min_height":0}},{"type":"Feature","id":"way/50648294","geometry":{"type":"Polygon","coordinates":[[[76.9591014,43.2549419],[76.959127,43.2547334],[76.9593618,43.2547487],[76.9593361,43.2549572],[76.9591014,43.2549419]]]},"properties":{"osm_id":50648294,"osm_type":"way","name":"Городской научно-методологический центр новых технологий в образовании","address":"Қалдаяқов көшесі, 62","source":"OpenStreetMap","source_url":"https://www.openstreetmap.org/way/50648294","building":"yes","levels":5,"height":15,"height_source":"estimated:osm_building_levels_x_3m","height_estimated":true,"min_height":0}},{"type":"Feature","id":"way/50648757","geometry":{"type":"Polygon","coordinates":[[[76.9590126,43.2577697],[76.9590312,43.2576463],[76.9598666,43.2577129],[76.9598481,43.2578361],[76.9590126,43.2577697]]]},"properties":{"osm_id":50648757,"osm_type":"way","name":"","address":"Қазыбек Би көшесі, 29","source":"OpenStreetMap","source_url":"https://www.openstreetmap.org/way/50648757","building":"apartments","levels":4,"height":15,"height_source":"osm:height","height_estimated":false,"min_height":0}},{"type":"Feature","id":"way/51350288","geometry":{"type":"Polygon","coordinates":[[[76.9224015,43.2308055],[76.9225082,43.2307236],[76.9235949,43.2314755],[76.9234882,43.2315573],[76.9224015,43.2308055]]]},"properties":{"osm_id":51350288,"osm_type":"way","name":"","address":"26","source":"OpenStreetMap","source_url":"https://www.openstreetmap.org/way/51350288","building":"apartments","levels":4,"height":12,"height_source":"estimated:osm_building_levels_x_3m","height_estimated":true,"min_height":0}},{"type":"Feature","id":"way/436865198","geometry":{"type":"Polygon","coordinates":[[[76.920862,43.2336211],[76.9212347,43.233632],[76.9212195,43.2339062],[76.9208468,43.2338952],[76.920862,43.2336211]]]},"properties":{"osm_id":436865198,"osm_type":"way","name":"","address":"","source":"OpenStreetMap","source_url":"https://www.openstreetmap.org/way/436865198","building":"yes","levels":2,"height":6,"height_source":"estimated:osm_building_levels_x_3m","height_estimated":true,"min_height":0}},{"type":"Feature","id":"way/1456509333","geometry":{"type":"Polygon","coordinates":[[[76.9231935,43.2389936],[76.9231491,43.2388993],[76.9231121,43.2387925],[76.9230813,43.2386829],[76.9230591,43.2385653],[76.9230518,43.2384405],[76.9230616,43.2383076],[76.9230813,43.2381784],[76.9231195,43.2380679],[76.9231701,43.2379422],[76.9232391,43.2378138],[76.9233093,43.2377205],[76.923366,43.2376531],[76.9235977,43.2377725],[76.9234548,43.2388993],[76.9231935,43.2389936]]]},"properties":{"osm_id":1456509333,"osm_type":"way","name":"","address":"","source":"OpenStreetMap","source_url":"https://www.openstreetmap.org/way/1456509333","building":"roof","levels":null,"height":20.1,"height_source":"osm:height","height_estimated":false,"min_height":20}},{"type":"Feature","id":"way/248858005","geometry":{"type":"Polygon","coordinates":[[[76.9204466,43.2399142],[76.9204167,43.2402215],[76.9202994,43.2402155],[76.920182,43.2402094],[76.9201878,43.2401497],[76.9202119,43.2399021],[76.9202871,43.239906],[76.9204466,43.2399142]]]},"properties":{"osm_id":248858005,"osm_type":"way","name":"Каганат","address":"Абай даңғылы, 48В","source":"OpenStreetMap","source_url":"https://www.openstreetmap.org/way/248858005","building":"yes","levels":1,"height":3,"height_source":"estimated:osm_building_levels_x_3m","height_estimated":true,"min_height":0}},{"type":"Feature","id":"way/51276013","geometry":{"type":"Polygon","coordinates":[[[76.9228318,43.2425219],[76.9231996,43.2425483],[76.9231579,43.2428561],[76.9229912,43.2428441],[76.9230136,43.2426923],[76.9227771,43.2426783],[76.9227731,43.2427031],[76.9227027,43.2426981],[76.9226347,43.2426932],[76.9226385,43.2426652],[76.922357,43.242645],[76.9223328,43.242824],[76.9221282,43.2428093],[76.9221717,43.2424872],[76.9222994,43.2424963],[76.9223744,43.2425017],[76.9223763,43.2424878],[76.9224983,43.2424966],[76.9227508,43.2425147],[76.9227597,43.2424492],[76.9226873,43.242444],[76.9227098,43.2422783],[76.922712,43.2422619],[76.9232136,43.2422979],[76.9231893,43.2424776],[76.9228412,43.2424526],[76.9228318,43.2425219]]]},"properties":{"osm_id":51276013,"osm_type":"way","name":"Ohun Medical","address":"Шагабутдинов көшесі, 148","source":"OpenStreetMap","source_url":"https://www.openstreetmap.org/way/51276013","building":"hospital","levels":3,"height":9,"height_source":"estimated:osm_building_levels_x_3m","height_estimated":true,"min_height":0}},{"type":"Feature","id":"way/1240371758","geometry":{"type":"Polygon","coordinates":[[[76.9197281,43.2471474],[76.919741,43.246949],[76.9204032,43.2469577],[76.9203686,43.2472464],[76.9201036,43.2472397],[76.9201106,43.2471675],[76.9197281,43.2471474]]]},"properties":{"osm_id":1240371758,"osm_type":"way","name":"Бизнес центр \"Гермес\"","address":"Мұратбаев көшесі, 180","source":"OpenStreetMap","source_url":"https://www.openstreetmap.org/way/1240371758","building":"commercial","levels":null,"height":12,"height_source":"estimated:display_fallback_12m","height_estimated":true,"min_height":0}},{"type":"Feature","id":"way/50877035","geometry":{"type":"Polygon","coordinates":[[[76.9210394,43.2509735],[76.9211724,43.2498834],[76.9213228,43.2498931],[76.9211898,43.2509832],[76.9210394,43.2509735]]]},"properties":{"osm_id":50877035,"osm_type":"way","name":"","address":"Шагабутдинов көшесі, 88","source":"OpenStreetMap","source_url":"https://www.openstreetmap.org/way/50877035","building":"yes","levels":5,"height":15,"height_source":"estimated:osm_building_levels_x_3m","height_estimated":true,"min_height":0}},{"type":"Feature","id":"way/50876618","geometry":{"type":"Polygon","coordinates":[[[76.9202404,43.2533823],[76.9202275,43.2534792],[76.9188945,43.253389],[76.9189071,43.2532905],[76.9202404,43.2533823]]]},"properties":{"osm_id":50876618,"osm_type":"way","name":"","address":"Төле Би көшесі, 125","source":"OpenStreetMap","source_url":"https://www.openstreetmap.org/way/50876618","building":"apartments","levels":5,"height":15,"height_source":"estimated:osm_building_levels_x_3m","height_estimated":true,"min_height":0}},{"type":"Feature","id":"way/50876651","geometry":{"type":"Polygon","coordinates":[[[76.9226263,43.2542391],[76.9226467,43.2540874],[76.9234271,43.2541429],[76.9234452,43.2540075],[76.9236861,43.2540246],[76.9236477,43.2543116],[76.9226263,43.2542391]]]},"properties":{"osm_id":50876651,"osm_type":"way","name":"ЕТУ","address":"Төле Би көшесі, 109А","source":"OpenStreetMap","source_url":"https://www.openstreetmap.org/way/50876651","building":"university","levels":null,"height":12,"height_source":"estimated:display_fallback_12m","height_estimated":true,"min_height":0}},{"type":"Feature","id":"way/50876170","geometry":{"type":"Polygon","coordinates":[[[76.9206915,43.2589805],[76.9207085,43.2588439],[76.9212796,43.2588817],[76.9212244,43.2593242],[76.9211771,43.2597041],[76.9206357,43.2596683],[76.9206507,43.259548],[76.9210636,43.2595753],[76.9210743,43.2594895],[76.9206351,43.2594605],[76.9206516,43.259328],[76.9210995,43.2593576],[76.9211136,43.2592449],[76.9206943,43.2592172],[76.9207094,43.2590957],[76.9210848,43.2591205],[76.9210989,43.2590074],[76.9206915,43.2589805]]]},"properties":{"osm_id":50876170,"osm_type":"way","name":"Общеобразовательная школа №16 им. А. Шарипова","address":"Әди Шәріпов көшесі, 26/27","source":"OpenStreetMap","source_url":"https://www.openstreetmap.org/way/50876170","building":"yes","levels":null,"height":12,"height_source":"estimated:display_fallback_12m","height_estimated":true,"min_height":0}},{"type":"Feature","id":"way/51350292","geometry":{"type":"Polygon","coordinates":[[[76.9261995,43.2329328],[76.9260838,43.2328572],[76.9267637,43.2323498],[76.9274394,43.2323823],[76.9274367,43.2324196],[76.9274585,43.2324205],[76.9274783,43.2324213],[76.9274822,43.232384],[76.9276367,43.2323911],[76.9277179,43.2323956],[76.9277151,43.2324436],[76.9277537,43.2324447],[76.9277496,43.2324984],[76.9274523,43.232484],[76.9268201,43.2324535],[76.9261995,43.2329328]]]},"properties":{"osm_id":51350292,"osm_type":"way","name":"","address":"улица Маркова, 13","source":"OpenStreetMap","source_url":"https://www.openstreetmap.org/way/51350292","building":"apartments","levels":5,"height":15,"height_source":"estimated:osm_building_levels_x_3m","height_estimated":true,"min_height":0}},{"type":"Feature","id":"way/51337352","geometry":{"type":"Polygon","coordinates":[[[76.9251255,43.2349461],[76.9252069,43.2348839],[76.9253385,43.2347832],[76.925543,43.2349251],[76.9253299,43.2350881],[76.9252257,43.2350158],[76.9251255,43.2349461]]]},"properties":{"osm_id":51337352,"osm_type":"way","name":"","address":"Бұқар жырау бульвары, 23","source":"OpenStreetMap","source_url":"https://www.openstreetmap.org/way/51337352","building":"apartments","levels":13,"height":39,"height_source":"estimated:osm_building_levels_x_3m","height_estimated":true,"min_height":0}},{"type":"Feature","id":"way/778823182","geometry":{"type":"Polygon","coordinates":[[[76.9261288,43.2367872],[76.9261286,43.2365529],[76.9264016,43.2365527],[76.9264018,43.2367871],[76.9261288,43.2367872]]]},"properties":{"osm_id":778823182,"osm_type":"way","name":"Tashkent Restaurant","address":"Минин көшесі, 6а","source":"OpenStreetMap","source_url":"https://www.openstreetmap.org/way/778823182","building":"yes","levels":2,"height":6,"height_source":"estimated:osm_building_levels_x_3m","height_estimated":true,"min_height":0}},{"type":"Feature","id":"way/1456509325","geometry":{"type":"Polygon","coordinates":[[[76.9240606,43.2405628],[76.9240839,43.2403553],[76.9241446,43.2403609],[76.9241208,43.2405677],[76.9240606,43.2405628]]]},"properties":{"osm_id":1456509325,"osm_type":"way","name":"Қайрат ФК","address":"Абай даңғылы, 48/4","source":"OpenStreetMap","source_url":"https://www.openstreetmap.org/way/1456509325","building":"yes","levels":1,"height":3,"height_source":"estimated:osm_building_levels_x_3m","height_estimated":true,"min_height":0}},{"type":"Feature","id":"way/51276097","geometry":{"type":"Polygon","coordinates":[[[76.926392,43.2425697],[76.9264219,43.2422976],[76.9268544,43.2423222],[76.9268503,43.2423466],[76.9268279,43.2423688],[76.9267984,43.2425485],[76.9268185,43.2425753],[76.9268147,43.2426006],[76.926392,43.2425697]]]},"properties":{"osm_id":51276097,"osm_type":"way","name":"SPLAST(спорт. клуб академии спорта и туризма)","address":"Байтұрсынұлы көшесі, 105А","source":"OpenStreetMap","source_url":"https://www.openstreetmap.org/way/51276097","building":"yes","levels":null,"height":12,"height_source":"estimated:display_fallback_12m","height_estimated":true,"min_height":0}},{"type":"Feature","id":"way/51275904","geometry":{"type":"Polygon","coordinates":[[[76.9254512,43.246287],[76.9254642,43.2461513],[76.9259942,43.246183],[76.926038,43.2457943],[76.9264597,43.2458195],[76.9264468,43.2459336],[76.9262422,43.2459213],[76.9262112,43.2461958],[76.9264827,43.246212],[76.9264668,43.2463526],[76.9260769,43.2463293],[76.9260812,43.2462907],[76.9255826,43.2462609],[76.9255787,43.2462948],[76.9254512,43.246287]]]},"properties":{"osm_id":51275904,"osm_type":"way","name":"","address":"114","source":"OpenStreetMap","source_url":"https://www.openstreetmap.org/way/51275904","building":"yes","levels":3,"height":9,"height_source":"estimated:osm_building_levels_x_3m","height_estimated":true,"min_height":0}},{"type":"Feature","id":"way/1123262731","geometry":{"type":"Polygon","coordinates":[[[76.9265164,43.2505822],[76.9264876,43.2505601],[76.9264939,43.2504926],[76.9265131,43.2504839],[76.9265274,43.2504678],[76.9265297,43.250452],[76.9268158,43.2504737],[76.9267972,43.2506035],[76.9265164,43.2505822]]]},"properties":{"osm_id":1123262731,"osm_type":"way","name":"Golden Palace","address":"Байтұрсынұлы көшесі, 54","source":"OpenStreetMap","source_url":"https://www.openstreetmap.org/way/1123262731","building":"hotel","levels":6,"height":18,"height_source":"estimated:osm_building_levels_x_3m","height_estimated":true,"min_height":0}},{"type":"Feature","id":"way/50878547","geometry":{"type":"Polygon","coordinates":[[[76.9271102,43.252992],[76.9271288,43.2528388],[76.9276678,43.2528736],[76.9277189,43.2524543],[76.9278754,43.2524644],[76.9278526,43.2526512],[76.9278244,43.2528829],[76.92835,43.2529169],[76.9283312,43.2530709],[76.9278109,43.2530373],[76.9277176,43.2530312],[76.9271102,43.252992]]]},"properties":{"osm_id":50878547,"osm_type":"way","name":"Военная кафедра КазНУ имени Аль-Фараби","address":"Төле Би көшесі, 96","source":"OpenStreetMap","source_url":"https://www.openstreetmap.org/way/50878547","building":"university","levels":3,"height":9,"height_source":"estimated:osm_building_levels_x_3m","height_estimated":true,"min_height":0}},{"type":"Feature","id":"way/50876616","geometry":{"type":"Polygon","coordinates":[[[76.9247451,43.256037],[76.9248008,43.2556759],[76.9250883,43.2556994],[76.9250326,43.2560605],[76.9247451,43.256037]]]},"properties":{"osm_id":50876616,"osm_type":"way","name":"Пар house","address":"27А","source":"OpenStreetMap","source_url":"https://www.openstreetmap.org/way/50876616","building":"yes","levels":null,"height":12,"height_source":"estimated:display_fallback_12m","height_estimated":true,"min_height":0}},{"type":"Feature","id":"way/50875661","geometry":{"type":"Polygon","coordinates":[[[76.9256242,43.2603347],[76.9256966,43.2596852],[76.9258544,43.2596945],[76.925782,43.260344],[76.9256242,43.2603347]]]},"properties":{"osm_id":50875661,"osm_type":"way","name":"","address":"Байтұрсынұлы көшесі, 8","source":"OpenStreetMap","source_url":"https://www.openstreetmap.org/way/50875661","building":"yes","levels":5,"height":15,"height_source":"estimated:osm_building_levels_x_3m","height_estimated":true,"min_height":0}},{"type":"Feature","id":"way/51350399","geometry":{"type":"Polygon","coordinates":[[[76.9297575,43.23009],[76.9301674,43.2297866],[76.93029,43.2298748],[76.9298293,43.2302143],[76.9294483,43.2301839],[76.9294659,43.2300668],[76.9297575,43.23009]]]},"properties":{"osm_id":51350399,"osm_type":"way","name":"","address":"улица Маркова, 39","source":"OpenStreetMap","source_url":"https://www.openstreetmap.org/way/51350399","building":"apartments","levels":5,"height":15,"height_source":"estimated:osm_building_levels_x_3m","height_estimated":true,"min_height":0}},{"type":"Feature","id":"way/241268744","geometry":{"type":"Polygon","coordinates":[[[76.9309246,43.2334996],[76.9310081,43.2334367],[76.9310865,43.233492],[76.9312289,43.2333847],[76.9313462,43.2334674],[76.9311202,43.2336376],[76.9309246,43.2334996]]]},"properties":{"osm_id":241268744,"osm_type":"way","name":"Бостандыкский районный суд № 2 (по уголовным делам)","address":"Байтұрсынұлы көшесі, 145","source":"OpenStreetMap","source_url":"https://www.openstreetmap.org/way/241268744","building":"yes","levels":2,"height":6,"height_source":"estimated:osm_building_levels_x_3m","height_estimated":true,"min_height":0}},{"type":"Feature","id":"way/51268753","geometry":{"type":"Polygon","coordinates":[[[76.9314583,43.2390423],[76.9314702,43.2389059],[76.9321689,43.2389382],[76.932157,43.2390746],[76.9314583,43.2390423]]]},"properties":{"osm_id":51268753,"osm_type":"way","name":"","address":"Масанчи көшесі, 102","source":"OpenStreetMap","source_url":"https://www.openstreetmap.org/way/51268753","building":"apartments","levels":4,"height":12,"height_source":"estimated:osm_building_levels_x_3m","height_estimated":true,"min_height":0}},{"type":"Feature","id":"way/47148070","geometry":{"type":"Polygon","coordinates":[[[76.9297347,43.2416725],[76.9297495,43.2415425],[76.9298291,43.2415473],[76.9302818,43.2415749],[76.9302669,43.2417048],[76.9298117,43.2416772],[76.9297347,43.2416725]]]},"properties":{"osm_id":47148070,"osm_type":"way","name":"","address":"Абай даңғылы, 75","source":"OpenStreetMap","source_url":"https://www.openstreetmap.org/way/47148070","building":"apartments","levels":4,"height":12,"height_source":"estimated:osm_building_levels_x_3m","height_estimated":true,"min_height":0}},{"type":"Feature","id":"way/1335706519","geometry":{"type":"Polygon","coordinates":[[[76.9323153,43.2423386],[76.9323477,43.2420814],[76.932224,43.2420732],[76.9322174,43.2421256],[76.9319826,43.2421099],[76.9319898,43.2420531],[76.9318796,43.2420457],[76.9318428,43.2423368],[76.9316195,43.2423218],[76.9316554,43.2420379],[76.9315458,43.2420306],[76.9315373,43.2420978],[76.9312943,43.2420816],[76.9312998,43.2420373],[76.9312028,43.2420308],[76.9311478,43.2424677],[76.9309444,43.2424573],[76.9310164,43.2418842],[76.9325771,43.2419882],[76.9325313,43.242353],[76.9323153,43.2423386]]]},"properties":{"osm_id":1335706519,"osm_type":"way","name":"Бывшая железнодорожная больница Турксиба 1950","address":"Абай даңғылы, 69","source":"OpenStreetMap","source_url":"https://www.openstreetmap.org/way/1335706519","building":"commercial","levels":3,"height":9,"height_source":"estimated:osm_building_levels_x_3m","height_estimated":true,"min_height":0}},{"type":"Feature","id":"way/51276110","geometry":{"type":"Polygon","coordinates":[[[76.9295672,43.2466548],[76.9287836,43.2466017],[76.928804,43.2464418],[76.928668,43.2464326],[76.9287032,43.2461576],[76.9289429,43.2461739],[76.9289133,43.2464055],[76.9289635,43.2464089],[76.9289583,43.2464491],[76.929021,43.2464534],[76.929013,43.2465155],[76.9290539,43.2465183],[76.9290944,43.2462019],[76.9293545,43.2462195],[76.9293142,43.2465342],[76.9293669,43.2465377],[76.92938,43.2464352],[76.9294819,43.2464421],[76.9295156,43.2461786],[76.9297487,43.2461944],[76.9297105,43.2464941],[76.9295888,43.2464858],[76.9295672,43.2466548]]]},"properties":{"osm_id":51276110,"osm_type":"way","name":"Алматинский государственный колледж транспорта и коммуникаций","address":"Жамбыл көшесі, 102","source":"OpenStreetMap","source_url":"https://www.openstreetmap.org/way/51276110","building":"college","levels":2,"height":6,"height_source":"estimated:osm_building_levels_x_3m","height_estimated":true,"min_height":0}},{"type":"Feature","id":"way/27320454","geometry":{"type":"Polygon","coordinates":[[[76.927845,43.2485072],[76.9278808,43.2482551],[76.928335,43.2482893],[76.9282993,43.2485413],[76.927845,43.2485072]]]},"properties":{"osm_id":27320454,"osm_type":"way","name":"Свято-Никольский Собор","address":"Байтұрсынұлы көшесі, 56","source":"OpenStreetMap","source_url":"https://www.openstreetmap.org/way/27320454","building":"church","levels":null,"height":12,"height_source":"estimated:display_fallback_12m","height_estimated":true,"min_height":0}},{"type":"Feature","id":"way/50878561","geometry":{"type":"Polygon","coordinates":[[[76.9296233,43.2531069],[76.9296751,43.2526004],[76.9296978,43.2526017],[76.9298888,43.252612],[76.9299946,43.2526177],[76.9299835,43.2527268],[76.9299801,43.2527602],[76.9299428,43.2531242],[76.9296233,43.2531069]]]},"properties":{"osm_id":50878561,"osm_type":"way","name":"","address":"Масанчи көшесі, 94/1","source":"OpenStreetMap","source_url":"https://www.openstreetmap.org/way/50878561","building":"university","levels":5,"height":17,"height_source":"osm:height","height_estimated":false,"min_height":0}},{"type":"Feature","id":"way/244842479","geometry":{"type":"Polygon","coordinates":[[[76.9291081,43.2544653],[76.9294965,43.2544914],[76.9294694,43.2547045],[76.9294188,43.2547011],[76.9294053,43.2548076],[76.9295663,43.2548184],[76.9295693,43.2547949],[76.9300807,43.2548293],[76.9300738,43.2548834],[76.9301542,43.2548888],[76.9301402,43.2549993],[76.930068,43.2549945],[76.9300593,43.2550626],[76.9295394,43.2550277],[76.9295432,43.2549975],[76.9293921,43.2549874],[76.9293852,43.2550414],[76.9290667,43.25502],[76.9290732,43.2549688],[76.9289295,43.2549592],[76.9289265,43.254983],[76.9283932,43.2549471],[76.9284002,43.2548913],[76.9283263,43.2548863],[76.9283421,43.2547619],[76.9284135,43.2547667],[76.9284192,43.2547215],[76.9289486,43.2547571],[76.9289461,43.2547774],[76.9291062,43.2547882],[76.929119,43.254687],[76.9290804,43.2546844],[76.9291081,43.2544653]]]},"properties":{"osm_id":244842479,"osm_type":"way","name":"Городская больница скорой помощи","address":"улица Казыбек Би, 96","source":"OpenStreetMap","source_url":"https://www.openstreetmap.org/way/244842479","building":"hospital","levels":5,"height":15,"height_source":"estimated:osm_building_levels_x_3m","height_estimated":true,"min_height":0}},{"type":"Feature","id":"way/50875692","geometry":{"type":"Polygon","coordinates":[[[76.9285141,43.260412],[76.9285829,43.2599112],[76.928842,43.2599301],[76.9287732,43.2604309],[76.9285141,43.260412]]]},"properties":{"osm_id":50875692,"osm_type":"way","name":"","address":"Масанчи көшесі, 16","source":"OpenStreetMap","source_url":"https://www.openstreetmap.org/way/50875692","building":"yes","levels":3,"height":9,"height_source":"estimated:osm_building_levels_x_3m","height_estimated":true,"min_height":0}},{"type":"Feature","id":"way/422962801","geometry":{"type":"Polygon","coordinates":[[[76.9333777,43.2301765],[76.9335999,43.2300388],[76.9336467,43.2300789],[76.9337211,43.2300329],[76.93402,43.2302888],[76.9339439,43.2303359],[76.9339903,43.2303756],[76.9339246,43.2304164],[76.9338892,43.2304383],[76.9338349,43.2304719],[76.9338259,43.2304775],[76.9337696,43.2305124],[76.9335907,43.230359],[76.9335538,43.2303275],[76.9333777,43.2301765]]]},"properties":{"osm_id":422962801,"osm_type":"way","name":"BNC Plaza","address":"улица Тимирязева, 26/29","source":"OpenStreetMap","source_url":"https://www.openstreetmap.org/way/422962801","building":"office","levels":8,"height":24,"height_source":"estimated:osm_building_levels_x_3m","height_estimated":true,"min_height":0}},{"type":"Feature","id":"way/634582643","geometry":{"type":"Polygon","coordinates":[[[76.9356875,43.2347828],[76.9348627,43.2342168],[76.9340017,43.2335807],[76.9339621,43.2335538],[76.9347101,43.2329851],[76.9347585,43.2330221],[76.9347872,43.2330396],[76.9348083,43.2330323],[76.9348432,43.2330088],[76.9348688,43.2329916],[76.934928,43.2329682],[76.9349875,43.2329758],[76.9350484,43.2330246],[76.9350457,43.2330874],[76.9350335,43.2331237],[76.9350022,43.2331566],[76.9349277,43.233217],[76.9345482,43.2334837],[76.9347923,43.2336454],[76.9349653,43.2335409],[76.9352142,43.233365],[76.9352121,43.2329353],[76.9352138,43.2328987],[76.9352164,43.2328767],[76.9352217,43.2328567],[76.9352435,43.2328327],[76.9352942,43.2328129],[76.9353476,43.2328458],[76.9360399,43.233306],[76.9362188,43.2331708],[76.9363785,43.2333065],[76.9362164,43.2334315],[76.9363367,43.233524],[76.9362059,43.2336214],[76.9362653,43.2336635],[76.9362358,43.2338831],[76.9361906,43.2340002],[76.9362157,43.2340044],[76.9361671,43.2342162],[76.9361357,43.2343006],[76.9361009,43.2344547],[76.9360958,43.234477],[76.9360469,43.2344825],[76.9359971,43.2344901],[76.9359801,43.2344924],[76.9359848,43.2345731],[76.9359882,43.234652],[76.9360834,43.2346263],[76.936027,43.2347389],[76.9360086,43.2347496],[76.9359818,43.234766],[76.9359421,43.2347842],[76.9358795,43.2348028],[76.9358133,43.2348044],[76.935759,43.2347986],[76.9356875,43.2347828]]]},"properties":{"osm_id":634582643,"osm_type":"way","name":"ТРЦ \"Forum Almaty\"","address":"Сейфуллин даңғылы, 617","source":"OpenStreetMap","source_url":"https://www.openstreetmap.org/way/634582643","building":"yes","levels":5,"height":15,"height_source":"estimated:osm_building_levels_x_3m","height_estimated":true,"min_height":0}},{"type":"Feature","id":"way/1550295778","geometry":{"type":"Polygon","coordinates":[[[76.9355972,43.2359782],[76.9355972,43.236036],[76.9355659,43.2360636],[76.9355118,43.2361113],[76.9354204,43.2361364],[76.9353111,43.2361026],[76.9352032,43.2360393],[76.9354264,43.2358396],[76.9356062,43.2359509],[76.9355972,43.2359782]]]},"properties":{"osm_id":1550295778,"osm_type":"way","name":"Forum","address":"Сейфуллин даңғылы, 609","source":"OpenStreetMap","source_url":"https://www.openstreetmap.org/way/1550295778","building":"commercial","levels":null,"height":12,"height_source":"estimated:display_fallback_12m","height_estimated":true,"min_height":0}},{"type":"Feature","id":"way/253639745","geometry":{"type":"Polygon","coordinates":[[[76.9342665,43.2396762],[76.9340862,43.2396674],[76.9340953,43.2395681],[76.9342757,43.2395769],[76.9342665,43.2396762]]]},"properties":{"osm_id":253639745,"osm_type":"way","name":"Верненская обсерватория","address":"Сейфуллин даңғылы, 597А","source":"OpenStreetMap","source_url":"https://www.openstreetmap.org/way/253639745","building":"yes","levels":null,"height":12,"height_source":"estimated:display_fallback_12m","height_estimated":true,"min_height":0}},{"type":"Feature","id":"way/49685157","geometry":{"type":"Polygon","coordinates":[[[76.9316612,43.2433001],[76.9323923,43.2433457],[76.9323846,43.2434558],[76.9316369,43.2434085],[76.9316612,43.2433001]]]},"properties":{"osm_id":49685157,"osm_type":"way","name":"","address":"Құрманғазы көшесі, 98","source":"OpenStreetMap","source_url":"https://www.openstreetmap.org/way/49685157","building":"apartments","levels":3,"height":9,"height_source":"estimated:osm_building_levels_x_3m","height_estimated":true,"min_height":0}},{"type":"Feature","id":"way/1411374711","geometry":{"type":"Polygon","coordinates":[[[76.9331229,43.2469224],[76.9331419,43.2467447],[76.9331481,43.2466884],[76.9331594,43.2465812],[76.9332141,43.246583],[76.9333825,43.2465924],[76.9333521,43.2469354],[76.9333063,43.2469328],[76.9331229,43.2469224]]]},"properties":{"osm_id":1411374711,"osm_type":"way","name":"ЖК Ностальджи","address":"Сейфуллин даңғылы, 575","source":"OpenStreetMap","source_url":"https://www.openstreetmap.org/way/1411374711","building":"apartments","levels":12,"height":36,"height_source":"estimated:osm_building_levels_x_3m","height_estimated":true,"min_height":0}},{"type":"Feature","id":"way/246816084","geometry":{"type":"Polygon","coordinates":[[[76.9320959,43.2480852],[76.9322743,43.2480917],[76.9322661,43.2482103],[76.9320878,43.2482037],[76.9320959,43.2480852]]]},"properties":{"osm_id":246816084,"osm_type":"way","name":"Дом Баума","address":"Амангелді көшесі, 68А","source":"OpenStreetMap","source_url":"https://www.openstreetmap.org/way/246816084","building":"yes","levels":null,"height":12,"height_source":"estimated:display_fallback_12m","height_estimated":true,"min_height":0}},{"type":"Feature","id":"way/50878495","geometry":{"type":"Polygon","coordinates":[[[76.9336073,43.2527395],[76.9335846,43.2529361],[76.9336782,43.2529419],[76.9336329,43.2533337],[76.9332633,43.2533111],[76.9332849,43.2531244],[76.9333022,43.2529743],[76.9333085,43.2529194],[76.9334921,43.2529307],[76.933515,43.2527332],[76.9332463,43.2527168],[76.9332718,43.2524957],[76.9335059,43.2525101],[76.9335009,43.2525396],[76.9334986,43.2525607],[76.934094,43.252599],[76.9342814,43.252612],[76.9342849,43.2525882],[76.9342888,43.2525617],[76.9345178,43.2525721],[76.9344922,43.2527937],[76.9336073,43.2527395]]]},"properties":{"osm_id":50878495,"osm_type":"way","name":"Родильный дом № 1","address":"Бөгенбай Батыр көшесі, 147","source":"OpenStreetMap","source_url":"https://www.openstreetmap.org/way/50878495","building":"hospital","levels":3,"height":9,"height_source":"estimated:osm_building_levels_x_3m","height_estimated":true,"min_height":0}},{"type":"Feature","id":"way/50876737","geometry":{"type":"Polygon","coordinates":[[[76.9319706,43.2542798],[76.9319874,43.2541365],[76.932227,43.2541514],[76.9322102,43.2542947],[76.9319706,43.2542798]]]},"properties":{"osm_id":50876737,"osm_type":"way","name":"Mamma Mia","address":"Төле Би көшесі, 81а","source":"OpenStreetMap","source_url":"https://www.openstreetmap.org/way/50876737","building":"yes","levels":null,"height":12,"height_source":"estimated:display_fallback_12m","height_estimated":true,"min_height":0}},{"type":"Feature","id":"way/50655466","geometry":{"type":"Polygon","coordinates":[[[76.9323543,43.260435],[76.9324464,43.2597465],[76.932387,43.2597422],[76.9324447,43.2593107],[76.9326037,43.2593219],[76.9325467,43.2597485],[76.9326074,43.2597528],[76.9325146,43.2604464],[76.9323543,43.260435]]]},"properties":{"osm_id":50655466,"osm_type":"way","name":"BHS","address":"Сейфуллин даңғылы, 452","source":"OpenStreetMap","source_url":"https://www.openstreetmap.org/way/50655466","building":"apartments","levels":5,"height":15,"height_source":"estimated:osm_building_levels_x_3m","height_estimated":true,"min_height":0}},{"type":"Feature","id":"way/253639727","geometry":{"type":"Polygon","coordinates":[[[76.9368149,43.2306904],[76.9367635,43.2308519],[76.9369528,43.2311538],[76.9369097,43.2313531],[76.9367763,43.2313338],[76.9366343,43.2313364],[76.9366766,43.2311696],[76.9364828,43.2308695],[76.9365403,43.2306665],[76.9366733,43.2306878],[76.9368149,43.2306904]]]},"properties":{"osm_id":253639727,"osm_type":"way","name":"","address":"Байтұрсынұлы көшесі, 151а","source":"OpenStreetMap","source_url":"https://www.openstreetmap.org/way/253639727","building":"yes","levels":9,"height":27,"height_source":"estimated:osm_building_levels_x_3m","height_estimated":true,"min_height":0}},{"type":"Feature","id":"way/886766848","geometry":{"type":"Polygon","coordinates":[[[76.9392254,43.2328491],[76.9393869,43.2329619],[76.9392533,43.2330642],[76.9395834,43.2333094],[76.9395961,43.2333205],[76.9395263,43.2333664],[76.9395304,43.2333831],[76.9395304,43.2334026],[76.9395223,43.2334192],[76.9395076,43.233428],[76.9394901,43.2334319],[76.9394647,43.2334309],[76.9394476,43.2334215],[76.9392952,43.2335343],[76.938957,43.2332915],[76.9391052,43.233182],[76.939032,43.2331309],[76.9390056,43.2331449],[76.9389864,43.2331501],[76.9389691,43.2331497],[76.9389511,43.2331484],[76.9389314,43.2331431],[76.9389128,43.2331336],[76.9389013,43.2331187],[76.9388535,43.2330676],[76.938833,43.2330675],[76.9387952,43.2330494],[76.9387858,43.2330204],[76.9388076,43.2329924],[76.9388442,43.2329834],[76.9388714,43.2329885],[76.9392254,43.2328491]]]},"properties":{"osm_id":886766848,"osm_type":"way","name":"Holiday Inn Almaty","address":"улица Тимирязева, 2Д","source":"OpenStreetMap","source_url":"https://www.openstreetmap.org/way/886766848","building":"yes","levels":10,"height":30,"height_source":"estimated:osm_building_levels_x_3m","height_estimated":true,"min_height":0}},{"type":"Feature","id":"way/51268762","geometry":{"type":"Polygon","coordinates":[[[76.9371119,43.2384481],[76.9363578,43.2384007],[76.9363738,43.2382655],[76.9362163,43.2382556],[76.936218,43.2382418],[76.935488,43.238196],[76.935511,43.2380017],[76.9362765,43.2380497],[76.936283,43.2379949],[76.9364432,43.238005],[76.936417,43.2382264],[76.9371328,43.2382713],[76.9371119,43.2384481]]]},"properties":{"osm_id":51268762,"osm_type":"way","name":"","address":"Қаныш Сәтбаев көшесі, 7А","source":"OpenStreetMap","source_url":"https://www.openstreetmap.org/way/51268762","building":"university","levels":4,"height":12,"height_source":"estimated:osm_building_levels_x_3m","height_estimated":true,"min_height":0}},{"type":"Feature","id":"way/51267846","geometry":{"type":"Polygon","coordinates":[[[76.9383802,43.2400191],[76.9383927,43.2399207],[76.9384004,43.2398836],[76.9385846,43.2398984],[76.9392699,43.2399521],[76.9392498,43.2400877],[76.9389652,43.2400652],[76.9385774,43.2400346],[76.9383802,43.2400191]]]},"properties":{"osm_id":51267846,"osm_type":"way","name":"Kaspi.kz","address":"Наурызбай Батыр көшесі, 154А","source":"OpenStreetMap","source_url":"https://www.openstreetmap.org/way/51267846","building":"office","levels":7,"height":21,"height_source":"estimated:osm_building_levels_x_3m","height_estimated":true,"min_height":0}},{"type":"Feature","id":"way/780156718","geometry":{"type":"Polygon","coordinates":[[[76.9374743,43.2434011],[76.9368189,43.24336],[76.9368843,43.242807],[76.9371678,43.2428248],[76.9371251,43.2431853],[76.9374971,43.2432087],[76.9374743,43.2434011]]]},"properties":{"osm_id":780156718,"osm_type":"way","name":"ЖК Exclusive Life","address":"Наурызбай Батыр көшесі, 111","source":"OpenStreetMap","source_url":"https://www.openstreetmap.org/way/780156718","building":"yes","levels":null,"height":12,"height_source":"estimated:display_fallback_12m","height_estimated":true,"min_height":0}},{"type":"Feature","id":"way/51007988","geometry":{"type":"Polygon","coordinates":[[[76.9373879,43.2477521],[76.9374267,43.247515],[76.9384211,43.2475813],[76.9383966,43.2478544],[76.938313,43.2478485],[76.9382899,43.2480067],[76.9377658,43.247968],[76.9376824,43.247913],[76.9377096,43.2477761],[76.9373879,43.2477521]]]},"properties":{"osm_id":51007988,"osm_type":"way","name":"","address":"Жамбыл көшесі, 77","source":"OpenStreetMap","source_url":"https://www.openstreetmap.org/way/51007988","building":"yes","levels":2,"height":6,"height_source":"estimated:osm_building_levels_x_3m","height_estimated":true,"min_height":0}},{"type":"Feature","id":"way/51008119","geometry":{"type":"Polygon","coordinates":[[[76.9373748,43.2479528],[76.9375998,43.2479658],[76.9375505,43.2484197],[76.9374627,43.2484147],[76.9374302,43.2487135],[76.9380566,43.2487496],[76.9380422,43.2488824],[76.9372785,43.2488384],[76.9373748,43.2479528]]]},"properties":{"osm_id":51008119,"osm_type":"way","name":"Гимназия №25 имени Ильяса Есенберлина","address":"Қабанбай Батыр көшесі, 128","source":"OpenStreetMap","source_url":"https://www.openstreetmap.org/way/51008119","building":"school","levels":3,"height":9,"height_source":"estimated:osm_building_levels_x_3m","height_estimated":true,"min_height":0}},{"type":"Feature","id":"way/51008145","geometry":{"type":"Polygon","coordinates":[[[76.9397069,43.2519906],[76.939802,43.2512927],[76.9399695,43.2513048],[76.9399176,43.2516855],[76.9398743,43.2520027],[76.9397069,43.2519906]]]},"properties":{"osm_id":51008145,"osm_type":"way","name":"Амбассадор","address":"Желтоқсан көшесі, 121","source":"OpenStreetMap","source_url":"https://www.openstreetmap.org/way/51008145","building":"yes","levels":3,"height":9,"height_source":"estimated:osm_building_levels_x_3m","height_estimated":true,"min_height":0}},{"type":"Feature","id":"way/50876783","geometry":{"type":"Polygon","coordinates":[[[76.9379058,43.2552783],[76.9379209,43.255166],[76.9380349,43.2551741],[76.938059,43.2549943],[76.9382048,43.2550046],[76.9381815,43.2551783],[76.9384708,43.2551989],[76.9384656,43.2552377],[76.9384374,43.255448],[76.9380147,43.2554179],[76.9380323,43.2552872],[76.9379058,43.2552783]]]},"properties":{"osm_id":50876783,"osm_type":"way","name":"Акимат Алмалинского района","address":"Төле Би көшесі, 67","source":"OpenStreetMap","source_url":"https://www.openstreetmap.org/way/50876783","building":"yes","levels":null,"height":12,"height_source":"estimated:display_fallback_12m","height_estimated":true,"min_height":0}},{"type":"Feature","id":"way/310725794","geometry":{"type":"Polygon","coordinates":[[[76.9396904,43.2585308],[76.9398821,43.2585442],[76.9398599,43.2587127],[76.9396681,43.2586993],[76.9396904,43.2585308]]]},"properties":{"osm_id":310725794,"osm_type":"way","name":"Денсаулык","address":"","source":"OpenStreetMap","source_url":"https://www.openstreetmap.org/way/310725794","building":"yes","levels":null,"height":12,"height_source":"estimated:display_fallback_12m","height_estimated":true,"min_height":0}},{"type":"Feature","id":"way/771909119","geometry":{"type":"Polygon","coordinates":[[[76.9431862,43.2304009],[76.9431084,43.2303481],[76.9431561,43.2303109],[76.9432339,43.2303636],[76.9431862,43.2304009]]]},"properties":{"osm_id":771909119,"osm_type":"way","name":"","address":"","source":"OpenStreetMap","source_url":"https://www.openstreetmap.org/way/771909119","building":"yes","levels":1,"height":3,"height_source":"estimated:osm_building_levels_x_3m","height_estimated":true,"min_height":0}},{"type":"Feature","id":"way/41112103","geometry":{"type":"Polygon","coordinates":[[[76.9398789,43.2338836],[76.940056,43.2337691],[76.9403257,43.2339906],[76.9402517,43.2340385],[76.9401487,43.2341051],[76.9398789,43.2338836]]]},"properties":{"osm_id":41112103,"osm_type":"way","name":"","address":"улица Тимирязева, 2Г","source":"OpenStreetMap","source_url":"https://www.openstreetmap.org/way/41112103","building":"yes","levels":12,"height":36,"height_source":"estimated:osm_building_levels_x_3m","height_estimated":true,"min_height":0}},{"type":"Feature","id":"way/42648503","geometry":{"type":"Polygon","coordinates":[[[76.9408555,43.2378982],[76.9408689,43.2378014],[76.9412708,43.2378307],[76.9412575,43.2379275],[76.9408555,43.2378982]]]},"properties":{"osm_id":42648503,"osm_type":"way","name":"","address":"Қаныш Сәтбаев көшесі, 16","source":"OpenStreetMap","source_url":"https://www.openstreetmap.org/way/42648503","building":"yes","levels":4,"height":12,"height_source":"estimated:osm_building_levels_x_3m","height_estimated":true,"min_height":0}},{"type":"Feature","id":"way/1457790097","geometry":{"type":"Polygon","coordinates":[[[76.942931,43.2393642],[76.9428904,43.2393612],[76.9429407,43.2389922],[76.9429917,43.2389959],[76.9430078,43.238878],[76.9431666,43.2388895],[76.943163,43.2389163],[76.9431572,43.2389586],[76.9431478,43.2390276],[76.9431172,43.2390254],[76.9431073,43.2390978],[76.9430842,43.2392666],[76.9430723,43.2393535],[76.9431067,43.239356],[76.9430968,43.2394279],[76.943087,43.2394998],[76.9429142,43.2394873],[76.942931,43.2393642]]]},"properties":{"osm_id":1457790097,"osm_type":"way","name":"","address":"Желтоқсан көшесі, 20/5","source":"OpenStreetMap","source_url":"https://www.openstreetmap.org/way/1457790097","building":"apartments","levels":3,"height":9,"height_source":"estimated:osm_building_levels_x_3m","height_estimated":true,"min_height":0}},{"type":"Feature","id":"way/51267913","geometry":{"type":"Polygon","coordinates":[[[76.9423956,43.2436814],[76.9424092,43.2435782],[76.9424347,43.2433858],[76.9424541,43.2432387],[76.9424724,43.2431008],[76.9424927,43.242947],[76.9425131,43.2427929],[76.9425272,43.2426862],[76.9426889,43.2426971],[76.9425542,43.2436917],[76.9423956,43.2436814]]]},"properties":{"osm_id":51267913,"osm_type":"way","name":"","address":"Абылай Хан даңғылы, 147","source":"OpenStreetMap","source_url":"https://www.openstreetmap.org/way/51267913","building":"apartments","levels":5,"height":17,"height_source":"osm:height","height_estimated":false,"min_height":0}},{"type":"Feature","id":"way/51008068","geometry":{"type":"Polygon","coordinates":[[[76.9426374,43.2475937],[76.9426686,43.2473108],[76.942765,43.2473164],[76.942745,43.2474979],[76.9429952,43.2475125],[76.942984,43.247614],[76.9428132,43.247604],[76.9426374,43.2475937]]]},"properties":{"osm_id":51008068,"osm_type":"way","name":"","address":"Абылай Хан даңғылы, 102","source":"OpenStreetMap","source_url":"https://www.openstreetmap.org/way/51008068","building":"kindergarten","levels":2,"height":8,"height_source":"osm:height","height_estimated":false,"min_height":0}},{"type":"Feature","id":"way/51008106","geometry":{"type":"Polygon","coordinates":[[[76.9414652,43.2509164],[76.941479,43.2508172],[76.9414883,43.250751],[76.9415086,43.2506051],[76.9415253,43.2504856],[76.9415443,43.2503499],[76.9415575,43.2502551],[76.9417277,43.2502676],[76.9416342,43.2509279],[76.9414652,43.2509164]]]},"properties":{"osm_id":51008106,"osm_type":"way","name":"","address":"","source":"OpenStreetMap","source_url":"https://www.openstreetmap.org/way/51008106","building":"apartments","levels":4,"height":14,"height_source":"osm:height","height_estimated":false,"min_height":0}},{"type":"Feature","id":"way/51008105","geometry":{"type":"Polygon","coordinates":[[[76.9424276,43.252753],[76.9424226,43.2527601],[76.9424137,43.2527648],[76.9424031,43.2527664],[76.9423929,43.2527637],[76.9423873,43.2527568],[76.942386,43.2527501],[76.9423917,43.2527019],[76.9422713,43.2526942],[76.9422765,43.252654],[76.9423963,43.252662],[76.9424265,43.2524233],[76.9426094,43.2524343],[76.9425955,43.2525477],[76.9428615,43.2525628],[76.9428541,43.2526266],[76.9429502,43.2526333],[76.9430033,43.2521975],[76.9428392,43.252188],[76.9427722,43.2521841],[76.9427859,43.252059],[76.9432771,43.2520875],[76.9432634,43.2522126],[76.9432131,43.2522097],[76.9431785,43.2525156],[76.9433223,43.2525246],[76.9433156,43.2525816],[76.9433096,43.2526328],[76.94321,43.2526265],[76.9432072,43.2526521],[76.9432334,43.2526577],[76.9432585,43.2526695],[76.9432783,43.2526871],[76.9432884,43.2527046],[76.9432922,43.2527208],[76.9432906,43.252742],[76.9432823,43.2527622],[76.9432697,43.2527753],[76.9432508,43.2527849],[76.9432284,43.2527914],[76.943202,43.2527945],[76.9431744,43.252795],[76.9424276,43.252753]]]},"properties":{"osm_id":51008105,"osm_type":"way","name":"Дом связи","address":"Бөгенбай Батыр көшесі, 134","source":"OpenStreetMap","source_url":"https://www.openstreetmap.org/way/51008105","building":"yes","levels":null,"height":12,"height_source":"estimated:display_fallback_12m","height_estimated":true,"min_height":0}},{"type":"Feature","id":"way/50459840","geometry":{"type":"Polygon","coordinates":[[[76.9400091,43.2542971],[76.9400203,43.2541627],[76.9401926,43.2541703],[76.9401814,43.2543047],[76.9400091,43.2542971]]]},"properties":{"osm_id":50459840,"osm_type":"way","name":"DelPapa","address":"Желтоқсан көшесі, 118","source":"OpenStreetMap","source_url":"https://www.openstreetmap.org/way/50459840","building":"yes","levels":null,"height":12,"height_source":"estimated:display_fallback_12m","height_estimated":true,"min_height":0}},{"type":"Feature","id":"way/50304651","geometry":{"type":"Polygon","coordinates":[[[76.9421497,43.2585341],[76.942184,43.2582295],[76.9424119,43.2582431],[76.9423889,43.2584471],[76.9426721,43.258464],[76.9427861,43.2584708],[76.942899,43.2584776],[76.943253,43.2584987],[76.943276,43.2582948],[76.9434827,43.2583071],[76.9434472,43.2586219],[76.9432447,43.2586098],[76.9432411,43.2586425],[76.9423977,43.2585921],[76.9423402,43.2585887],[76.9423451,43.2585458],[76.9421497,43.2585341]]]},"properties":{"osm_id":50304651,"osm_type":"way","name":"Национальный Банк Республики Казахстан","address":"Әйтеке Би көшесі, 67","source":"OpenStreetMap","source_url":"https://www.openstreetmap.org/way/50304651","building":"yes","levels":5,"height":15,"height_source":"estimated:osm_building_levels_x_3m","height_estimated":true,"min_height":0}},{"type":"Feature","id":"way/51215766","geometry":{"type":"Polygon","coordinates":[[[76.9465836,43.2319736],[76.9467931,43.2315652],[76.946949,43.2316077],[76.9467406,43.2320169],[76.9465836,43.2319736]]]},"properties":{"osm_id":51215766,"osm_type":"way","name":"","address":"","source":"OpenStreetMap","source_url":"https://www.openstreetmap.org/way/51215766","building":"school","levels":3,"height":9,"height_source":"estimated:osm_building_levels_x_3m","height_estimated":true,"min_height":0}},{"type":"Feature","id":"way/1457521816","geometry":{"type":"Polygon","coordinates":[[[76.9448535,43.2331582],[76.9448665,43.23307],[76.9448846,43.2330714],[76.9449606,43.2330773],[76.9450514,43.2330844],[76.9450467,43.2331162],[76.945043,43.2331417],[76.9450385,43.2331726],[76.9450166,43.2331709],[76.9449454,43.2331654],[76.9448841,43.2331606],[76.9448724,43.2331597],[76.9448535,43.2331582]]]},"properties":{"osm_id":1457521816,"osm_type":"way","name":"","address":"","source":"OpenStreetMap","source_url":"https://www.openstreetmap.org/way/1457521816","building":"yes","levels":1,"height":3,"height_source":"estimated:osm_building_levels_x_3m","height_estimated":true,"min_height":0}},{"type":"Feature","id":"way/1456902022","geometry":{"type":"Polygon","coordinates":[[[76.9441151,43.2378019],[76.944207,43.237806],[76.9442037,43.2378455],[76.9441118,43.2378414],[76.9441151,43.2378019]]]},"properties":{"osm_id":1456902022,"osm_type":"way","name":"","address":"","source":"OpenStreetMap","source_url":"https://www.openstreetmap.org/way/1456902022","building":"yes","levels":null,"height":2,"height_source":"osm:height","height_estimated":false,"min_height":0}},{"type":"Feature","id":"way/1457825502","geometry":{"type":"Polygon","coordinates":[[[76.9475705,43.241894],[76.9478763,43.2419153],[76.948041,43.2419268],[76.9480308,43.2420051],[76.9480205,43.2420834],[76.94755,43.2420507],[76.9475705,43.241894]]]},"properties":{"osm_id":1457825502,"osm_type":"way","name":"Resident Hotel Abay","address":"Абай даңғылы, 10а","source":"OpenStreetMap","source_url":"https://www.openstreetmap.org/way/1457825502","building":"yes","levels":12,"height":36,"height_source":"estimated:osm_building_levels_x_3m","height_estimated":true,"min_height":0}},{"type":"Feature","id":"way/51267937","geometry":{"type":"Polygon","coordinates":[[[76.9477428,43.2435413],[76.9477792,43.2431676],[76.9479511,43.2431765],[76.9479429,43.2432609],[76.947923,43.2434644],[76.9479147,43.2435501],[76.9477428,43.2435413]]]},"properties":{"osm_id":51267937,"osm_type":"way","name":"","address":"Назарбаев даңғылы, 177","source":"OpenStreetMap","source_url":"https://www.openstreetmap.org/way/51267937","building":"apartments","levels":3,"height":11,"height_source":"osm:height","height_estimated":false,"min_height":0}},{"type":"Feature","id":"way/51008088","geometry":{"type":"Polygon","coordinates":[[[76.9473317,43.2471815],[76.9473408,43.2471077],[76.9473603,43.2469475],[76.947377,43.2468111],[76.9473864,43.2467342],[76.9474179,43.2466853],[76.9475737,43.2466948],[76.9475123,43.2471933],[76.9473317,43.2471815]]]},"properties":{"osm_id":51008088,"osm_type":"way","name":"","address":"Назарбаев даңғылы, 161","source":"OpenStreetMap","source_url":"https://www.openstreetmap.org/way/51008088","building":"apartments","levels":3,"height":11,"height_source":"osm:height","height_estimated":false,"min_height":0}},{"type":"Feature","id":"way/51008098","geometry":{"type":"Polygon","coordinates":[[[76.946925,43.2504433],[76.9469347,43.2503611],[76.9469541,43.2501971],[76.9469617,43.250133],[76.9470841,43.250142],[76.9471052,43.2501435],[76.947127,43.2501451],[76.9470922,43.2504534],[76.946925,43.2504433]]]},"properties":{"osm_id":51008098,"osm_type":"way","name":"","address":"Назарбаев даңғылы, 139","source":"OpenStreetMap","source_url":"https://www.openstreetmap.org/way/51008098","building":"apartments","levels":4,"height":14,"height_source":"osm:height","height_estimated":false,"min_height":0}},{"type":"Feature","id":"way/50898880","geometry":{"type":"Polygon","coordinates":[[[76.9471969,43.2529703],[76.9472498,43.2525969],[76.9474259,43.2526099],[76.9474114,43.2527186],[76.9473896,43.2528821],[76.9473762,43.2529828],[76.9472237,43.2529725],[76.9471969,43.2529703]]]},"properties":{"osm_id":50898880,"osm_type":"way","name":"","address":"Назарбаев даңғылы, 118","source":"OpenStreetMap","source_url":"https://www.openstreetmap.org/way/50898880","building":"apartments","levels":3,"height":11,"height_source":"osm:height","height_estimated":false,"min_height":0}},{"type":"Feature","id":"way/50568014","geometry":{"type":"Polygon","coordinates":[[[76.9476761,43.2554585],[76.9476945,43.255317],[76.9481843,43.2553508],[76.9481659,43.2554923],[76.9480227,43.2554824],[76.9478111,43.2554678],[76.9476761,43.2554585]]]},"properties":{"osm_id":50568014,"osm_type":"way","name":"","address":"Төле Би көшесі, 45","source":"OpenStreetMap","source_url":"https://www.openstreetmap.org/way/50568014","building":"apartments","levels":3,"height":1,"height_source":"osm:height","height_estimated":false,"min_height":0}},{"type":"Feature","id":"way/755386747","geometry":{"type":"Polygon","coordinates":[[[76.9465022,43.2581521],[76.9465561,43.2577626],[76.9468151,43.2577816],[76.9467803,43.2580331],[76.9468659,43.2580394],[76.9468468,43.2581774],[76.9465022,43.2581521]]]},"properties":{"osm_id":755386747,"osm_type":"way","name":"Гагарин атындағы Алматы тігін фабрикасы","address":"Назарбаев даңғылы, 100","source":"OpenStreetMap","source_url":"https://www.openstreetmap.org/way/755386747","building":"yes","levels":3,"height":11,"height_source":"osm:height","height_estimated":false,"min_height":0}},{"type":"Feature","id":"way/240947854","geometry":{"type":"Polygon","coordinates":[[[76.9506782,43.2306803],[76.9506818,43.2306579],[76.9506927,43.2305912],[76.9507035,43.2305247],[76.9512881,43.2305752],[76.9512628,43.2307308],[76.9511108,43.2307177],[76.9508086,43.2306916],[76.9506782,43.2306803]]]},"properties":{"osm_id":240947854,"osm_type":"way","name":"ЖК Триумф-2","address":"63","source":"OpenStreetMap","source_url":"https://www.openstreetmap.org/way/240947854","building":"apartments","levels":9,"height":27,"height_source":"estimated:osm_building_levels_x_3m","height_estimated":true,"min_height":0}},{"type":"Feature","id":"way/1452599420","geometry":{"type":"Polygon","coordinates":[[[76.9480879,43.2350925],[76.9481762,43.235096],[76.948082,43.2351455],[76.9480879,43.2350925]]]},"properties":{"osm_id":1452599420,"osm_type":"way","name":"","address":"","source":"OpenStreetMap","source_url":"https://www.openstreetmap.org/way/1452599420","building":"ruins","levels":1,"height":4,"height_source":"osm:height","height_estimated":false,"min_height":0}},{"type":"Feature","id":"way/252584390","geometry":{"type":"Polygon","coordinates":[[[76.951979,43.2365647],[76.9518941,43.2365215],[76.9518646,43.2365064],[76.9518897,43.2362967],[76.9520227,43.2361708],[76.9522448,43.2362928],[76.951979,43.2365647]]]},"properties":{"osm_id":252584390,"osm_type":"way","name":"","address":"28","source":"OpenStreetMap","source_url":"https://www.openstreetmap.org/way/252584390","building":"retail","levels":3,"height":9,"height_source":"estimated:osm_building_levels_x_3m","height_estimated":true,"min_height":0}},{"type":"Feature","id":"way/1458827619","geometry":{"type":"Polygon","coordinates":[[[76.9487823,43.2408613],[76.9489708,43.2408741],[76.9489361,43.2411447],[76.9489978,43.2411489],[76.9491189,43.2411571],[76.9491026,43.2412849],[76.9487312,43.2412597],[76.9487823,43.2408613]]]},"properties":{"osm_id":1458827619,"osm_type":"way","name":"","address":"Назарбаев даңғылы, 174б","source":"OpenStreetMap","source_url":"https://www.openstreetmap.org/way/1458827619","building":"retail","levels":3,"height":11,"height_source":"osm:height","height_estimated":false,"min_height":0}},{"type":"Feature","id":"way/248868009","geometry":{"type":"Polygon","coordinates":[[[76.9497257,43.2433463],[76.9497062,43.2435305],[76.9495112,43.2435195],[76.949519,43.243445],[76.9494856,43.2434104],[76.9494938,43.2433332],[76.9497257,43.2433463]]]},"properties":{"osm_id":248868009,"osm_type":"way","name":"Научно-культурный центр дом М.О. Ауэзова","address":"Мұқан Төлебаев көшесі, 185","source":"OpenStreetMap","source_url":"https://www.openstreetmap.org/way/248868009","building":"yes","levels":2,"height":8,"height_source":"osm:height","height_estimated":false,"min_height":0}},{"type":"Feature","id":"way/51008196","geometry":{"type":"Polygon","coordinates":[[[76.9499715,43.2469912],[76.9499851,43.2468779],[76.9510017,43.2469429],[76.950988,43.2470562],[76.9508925,43.2470501],[76.9506344,43.2470336],[76.9503467,43.2470152],[76.9500721,43.2469976],[76.9499715,43.2469912]]]},"properties":{"osm_id":51008196,"osm_type":"way","name":"","address":"Шевченко көшесі, 37","source":"OpenStreetMap","source_url":"https://www.openstreetmap.org/way/51008196","building":"apartments","levels":5,"height":17,"height_source":"osm:height","height_estimated":false,"min_height":0}},{"type":"Feature","id":"way/50898904","geometry":{"type":"Polygon","coordinates":[[[76.9487988,43.2495369],[76.94881,43.2494528],[76.948832,43.2492864],[76.9488528,43.24913],[76.948873,43.248978],[76.9488858,43.2488813],[76.9490501,43.2488929],[76.9489629,43.2495485],[76.9487988,43.2495369]]]},"properties":{"osm_id":50898904,"osm_type":"way","name":"","address":"Төлебаев көшесі, 139","source":"OpenStreetMap","source_url":"https://www.openstreetmap.org/way/50898904","building":"apartments","levels":4,"height":14,"height_source":"osm:height","height_estimated":false,"min_height":0}},{"type":"Feature","id":"way/50898869","geometry":{"type":"Polygon","coordinates":[[[76.9482433,43.2514508],[76.9482494,43.2513562],[76.9485269,43.2513656],[76.9485208,43.2514602],[76.9482433,43.2514508]]]},"properties":{"osm_id":50898869,"osm_type":"way","name":"","address":"Қарасай Батыр көшесі, 52","source":"OpenStreetMap","source_url":"https://www.openstreetmap.org/way/50898869","building":"yes","levels":2,"height":8,"height_source":"osm:height","height_estimated":false,"min_height":0}},{"type":"Feature","id":"way/50898953","geometry":{"type":"Polygon","coordinates":[[[76.9505226,43.2557795],[76.9505625,43.2555056],[76.951468,43.2555754],[76.9514306,43.2558328],[76.9512499,43.2558189],[76.9512579,43.2557637],[76.9512731,43.2556591],[76.9511463,43.2556493],[76.9510781,43.2556441],[76.9510553,43.2558011],[76.9508857,43.255788],[76.9509085,43.2556311],[76.9506982,43.2556149],[76.9506726,43.2557911],[76.9505226,43.2557795]]]},"properties":{"osm_id":50898953,"osm_type":"way","name":"Общежитие №1","address":"Төле Би көшесі, 35","source":"OpenStreetMap","source_url":"https://www.openstreetmap.org/way/50898953","building":"dormitory","levels":3,"height":11,"height_source":"osm:height","height_estimated":false,"min_height":0}},{"type":"Feature","id":"way/50568028","geometry":{"type":"Polygon","coordinates":[[[76.949251,43.2594007],[76.9492532,43.2593841],[76.9492948,43.2590616],[76.949299,43.2590267],[76.9493032,43.2589917],[76.9488195,43.2589587],[76.9488159,43.2589884],[76.9488122,43.2590182],[76.9488794,43.2590225],[76.9488487,43.2592836],[76.9488733,43.2592854],[76.9488979,43.2592872],[76.9488889,43.2593529],[76.9488398,43.2593493],[76.9488384,43.2593653],[76.948723,43.2593588],[76.9487226,43.2593639],[76.9487223,43.259369],[76.9487582,43.2593746],[76.9487897,43.2593883],[76.9488136,43.2594086],[76.9488273,43.2594334],[76.9488294,43.2594601],[76.9488192,43.2594866],[76.9487975,43.2595093],[76.9487667,43.2595254],[76.9487304,43.2595332],[76.9486926,43.2595319],[76.9486574,43.2595216],[76.9486289,43.2595034],[76.9486103,43.2594793],[76.9486097,43.2594767],[76.948596,43.2594759],[76.9485955,43.2594805],[76.948556,43.2594784],[76.9485164,43.2594762],[76.948517,43.2594707],[76.9485042,43.2594698],[76.9484825,43.2594925],[76.9484517,43.2595086],[76.9484154,43.2595164],[76.9483775,43.2595151],[76.9483424,43.2595048],[76.9483139,43.2594866],[76.9482953,43.2594625],[76.9482886,43.2594354],[76.9482942,43.259409],[76.9483111,43.2593852],[76.9483376,43.2593667],[76.9483708,43.2593553],[76.9484072,43.2593522],[76.948408,43.2593451],[76.9484087,43.259338],[76.9483032,43.259332],[76.9483047,43.2593151],[76.9482555,43.2593124],[76.9482624,43.2592466],[76.948287,43.2592479],[76.9483116,43.2592493],[76.9483422,43.2589884],[76.9484094,43.2589927],[76.9484122,43.2589633],[76.948415,43.258934],[76.9483338,43.2589292],[76.9483093,43.2589265],[76.9483009,43.2589319],[76.9482919,43.2589334],[76.9482776,43.2589324],[76.9482536,43.2589267],[76.9482264,43.2589153],[76.9482048,43.2589029],[76.9481866,43.2588892],[76.9481676,43.2588684],[76.9481543,43.2588449],[76.9481454,43.258818],[76.9481415,43.2587964],[76.948159,43.2587948],[76.9481583,43.2587803],[76.9481599,43.2587557],[76.9481446,43.2587524],[76.9481543,43.2587313],[76.9481725,43.2587075],[76.9481972,43.2586852],[76.9482235,43.2586668],[76.948254,43.2586512],[76.9482937,43.2586403],[76.9483179,43.2586364],[76.9483297,43.2586364],[76.9483377,43.2586395],[76.9483447,43.258645],[76.9483746,43.2586454],[76.9485678,43.2586545],[76.9485662,43.2586689],[76.9485865,43.2586701],[76.9485885,43.2586524],[76.9485915,43.2586473],[76.9486001,43.2586453],[76.9486513,43.2586484],[76.9487025,43.2586515],[76.9487092,43.2586544],[76.9487104,43.2586598],[76.9487085,43.2586774],[76.9487288,43.2586786],[76.9487307,43.2586641],[76.948936,43.2586776],[76.9491813,43.2586946],[76.9494248,43.2587105],[76.9495031,43.2587157],[76.9494971,43.2587696],[76.9495095,43.2587735],[76.9495205,43.2587805],[76.949525,43.2587894],[76.9495273,43.2587989],[76.9495245,43.2588083],[76.9495139,43.2588178],[76.9495012,43.2588227],[76.9494911,43.2588235],[76.949487,43.2588594],[76.949483,43.2588954],[76.9494946,43.2588976],[76.949509,43.2589054],[76.9495144,43.2589174],[76.9495157,43.258928],[76.9495131,43.2589378],[76.9495038,43.2589481],[76.9494896,43.258952],[76.9494766,43.2589528],[76.9494709,43.2590032],[76.9494663,43.2590381],[76.9494617,43.259073],[76.9494178,43.2594121],[76.949251,43.2594007]]]},"properties":{"osm_id":50568028,"osm_type":"way","name":"Оздоровительный Центр \"Арасан\"","address":"Мұқан Төлебаев көшесі, 78","source":"OpenStreetMap","source_url":"https://www.openstreetmap.org/way/50568028","building":"yes","levels":3,"height":9,"height_source":"estimated:osm_building_levels_x_3m","height_estimated":true,"min_height":0}},{"type":"Feature","id":"way/51214868","geometry":{"type":"Polygon","coordinates":[[[76.9536028,43.2324369],[76.9536171,43.2323117],[76.9536742,43.2323156],[76.9538026,43.2323236],[76.9538196,43.232325],[76.953808,43.2324184],[76.9538043,43.2324506],[76.9536028,43.2324369]]]},"properties":{"osm_id":51214868,"osm_type":"way","name":"Kcell","address":"100","source":"OpenStreetMap","source_url":"https://www.openstreetmap.org/way/51214868","building":"yes","levels":4,"height":12,"height_source":"estimated:osm_building_levels_x_3m","height_estimated":true,"min_height":0}},{"type":"Feature","id":"way/908455795","geometry":{"type":"Polygon","coordinates":[[[76.9551697,43.2347464],[76.9551902,43.234595],[76.9552697,43.2346003],[76.9553495,43.2346056],[76.9553398,43.234707],[76.9554404,43.2347137],[76.9554243,43.2348352],[76.9553904,43.2348353],[76.9553629,43.2348385],[76.9553037,43.2348344],[76.9553122,43.2347559],[76.9551697,43.2347464]]]},"properties":{"osm_id":908455795,"osm_type":"way","name":"Degirmen","address":"","source":"OpenStreetMap","source_url":"https://www.openstreetmap.org/way/908455795","building":"yes","levels":1,"height":3,"height_source":"estimated:osm_building_levels_x_3m","height_estimated":true,"min_height":0}},{"type":"Feature","id":"way/240066542","geometry":{"type":"Polygon","coordinates":[[[76.9543442,43.2373704],[76.9545383,43.2370406],[76.9547414,43.2371041],[76.9545471,43.2374338],[76.9543442,43.2373704]]]},"properties":{"osm_id":240066542,"osm_type":"way","name":"","address":"6В","source":"OpenStreetMap","source_url":"https://www.openstreetmap.org/way/240066542","building":"yes","levels":1,"height":4,"height_source":"osm:height","height_estimated":false,"min_height":0}},{"type":"Feature","id":"way/1458827674","geometry":{"type":"Polygon","coordinates":[[[76.9530729,43.2398967],[76.9531393,43.2399005],[76.9536747,43.2399307],[76.9538659,43.2399415],[76.953851,43.2400812],[76.9530581,43.2400366],[76.9530729,43.2398967]]]},"properties":{"osm_id":1458827674,"osm_type":"way","name":"Общижите №2","address":"Абай даңғылы, 8г/6","source":"OpenStreetMap","source_url":"https://www.openstreetmap.org/way/1458827674","building":"dormitory","levels":4,"height":14,"height_source":"osm:height","height_estimated":false,"min_height":0}},{"type":"Feature","id":"way/1121670957","geometry":{"type":"Polygon","coordinates":[[[76.9532927,43.2434271],[76.9533047,43.2432919],[76.9535126,43.2433022],[76.9535007,43.2434377],[76.9534597,43.2434356],[76.9533921,43.2434322],[76.9532927,43.2434271]]]},"properties":{"osm_id":1121670957,"osm_type":"way","name":"Неделька","address":"Абай даңғылы, 19","source":"OpenStreetMap","source_url":"https://www.openstreetmap.org/way/1121670957","building":"yes","levels":null,"height":12,"height_source":"estimated:display_fallback_12m","height_estimated":true,"min_height":0}},{"type":"Feature","id":"way/27054596","geometry":{"type":"Polygon","coordinates":[[[76.9557449,43.2476573],[76.9557829,43.2474204],[76.9557931,43.2473564],[76.9558195,43.247192],[76.9558819,43.2471973],[76.9559209,43.2472006],[76.9560029,43.2472076],[76.9559592,43.2474799],[76.9559547,43.2475087],[76.9559278,43.2476729],[76.9557449,43.2476573]]]},"properties":{"osm_id":27054596,"osm_type":"way","name":"","address":"Достық даңғылы, 63","source":"OpenStreetMap","source_url":"https://www.openstreetmap.org/way/27054596","building":"yes","levels":3,"height":9,"height_source":"estimated:osm_building_levels_x_3m","height_estimated":true,"min_height":0}},{"type":"Feature","id":"way/27054605","geometry":{"type":"Polygon","coordinates":[[[76.9529682,43.2506535],[76.9529152,43.2510618],[76.9528729,43.2510591],[76.9527612,43.251052],[76.9526621,43.2510457],[76.9527176,43.250628],[76.9527404,43.2506301],[76.9527469,43.2505818],[76.9528091,43.2505435],[76.9529582,43.2504517],[76.9529905,43.2504318],[76.953082,43.2504386],[76.9530845,43.2504185],[76.9536333,43.2504573],[76.9536063,43.2506354],[76.9535753,43.2506333],[76.95305,43.250597],[76.9529682,43.2506535]]]},"properties":{"osm_id":27054605,"osm_type":"way","name":"Институт геологических наук имени К.И.Сатпаева","address":"Қабанбай батыр көшесі, 69","source":"OpenStreetMap","source_url":"https://www.openstreetmap.org/way/27054605","building":"university","levels":4,"height":14,"height_source":"osm:height","height_estimated":false,"min_height":0}},{"type":"Feature","id":"way/43314100","geometry":{"type":"Polygon","coordinates":[[[76.9531786,43.252741],[76.9531906,43.2526783],[76.9532765,43.2526865],[76.9532646,43.2527496],[76.9531786,43.252741]]]},"properties":{"osm_id":43314100,"osm_type":"way","name":"Электроподстанция","address":"","source":"OpenStreetMap","source_url":"https://www.openstreetmap.org/way/43314100","building":"service","levels":1,"height":5,"height_source":"osm:height","height_estimated":false,"min_height":0}},{"type":"Feature","id":"way/50648296","geometry":{"type":"Polygon","coordinates":[[[76.9555688,43.2557898],[76.9561095,43.2558198],[76.9561683,43.2558231],[76.9561553,43.2559472],[76.955723,43.2559231],[76.95571,43.2560569],[76.9555428,43.2560476],[76.9555688,43.2557898]]]},"properties":{"osm_id":50648296,"osm_type":"way","name":"","address":"Достық даңғылы, 16","source":"OpenStreetMap","source_url":"https://www.openstreetmap.org/way/50648296","building":"apartments","levels":3,"height":11,"height_source":"osm:height","height_estimated":false,"min_height":0}},{"type":"Feature","id":"way/1456470539","geometry":{"type":"Polygon","coordinates":[[[76.9527595,43.2586477],[76.9527719,43.2585513],[76.9529221,43.2585614],[76.9529183,43.2585915],[76.9529098,43.2586579],[76.9527595,43.2586477]]]},"properties":{"osm_id":1456470539,"osm_type":"way","name":"Церковная лавка","address":"","source":"OpenStreetMap","source_url":"https://www.openstreetmap.org/way/1456470539","building":"yes","levels":1,"height":3,"height_source":"estimated:osm_building_levels_x_3m","height_estimated":true,"min_height":0}},{"type":"Feature","id":"way/51214874","geometry":{"type":"Polygon","coordinates":[[[76.9588422,43.2317878],[76.9589363,43.2315238],[76.9591656,43.2315708],[76.9590629,43.2318372],[76.9588422,43.2317878]]]},"properties":{"osm_id":51214874,"osm_type":"way","name":"БЦ Ardin","address":"Достық даңғылы, 91/2","source":"OpenStreetMap","source_url":"https://www.openstreetmap.org/way/51214874","building":"commercial","levels":9,"height":27,"height_source":"estimated:osm_building_levels_x_3m","height_estimated":true,"min_height":0}},{"type":"Feature","id":"way/189199950","geometry":{"type":"Polygon","coordinates":[[[76.956691,43.2347471],[76.956707,43.2346227],[76.9567805,43.234629],[76.9568476,43.2346348],[76.9568711,43.2346368],[76.9569004,43.2346383],[76.9570135,43.234644],[76.9570369,43.2346452],[76.9570564,43.2346466],[76.9571562,43.2346534],[76.9571807,43.234655],[76.9572022,43.2346565],[76.9574224,43.2346715],[76.9574064,43.2347959],[76.9573268,43.2347905],[76.9571374,43.2347776],[76.9569481,43.2347647],[76.9567623,43.234752],[76.956691,43.2347471]]]},"properties":{"osm_id":189199950,"osm_type":"way","name":"","address":"Достық даңғылы, 89/2","source":"OpenStreetMap","source_url":"https://www.openstreetmap.org/way/189199950","building":"apartments","levels":5,"height":17,"height_source":"osm:height","height_estimated":false,"min_height":0}},{"type":"Feature","id":"way/1459369348","geometry":{"type":"Polygon","coordinates":[[[76.9559624,43.2387133],[76.9559769,43.2386061],[76.9560227,43.2386094],[76.9561345,43.2386175],[76.956126,43.2386807],[76.95612,43.2387247],[76.9559624,43.2387133]]]},"properties":{"osm_id":1459369348,"osm_type":"way","name":"","address":"Қаныш Сәтбаев көшесі, 4","source":"OpenStreetMap","source_url":"https://www.openstreetmap.org/way/1459369348","building":"retail","levels":3,"height":11,"height_source":"osm:height","height_estimated":false,"min_height":0}},{"type":"Feature","id":"way/1458475682","geometry":{"type":"Polygon","coordinates":[[[76.9577408,43.2413609],[76.9578208,43.2410068],[76.9580467,43.2410339],[76.9580975,43.24104],[76.9580175,43.2413941],[76.9577408,43.2413609]]]},"properties":{"osm_id":1458475682,"osm_type":"way","name":"","address":"Достық даңғылы, 108а","source":"OpenStreetMap","source_url":"https://www.openstreetmap.org/way/1458475682","building":"yes","levels":1,"height":4,"height_source":"osm:height","height_estimated":false,"min_height":0}},{"type":"Feature","id":"way/1272215124","geometry":{"type":"Polygon","coordinates":[[[76.9571519,43.2449463],[76.9571437,43.2449475],[76.9571321,43.24495],[76.9571214,43.2449538],[76.9571109,43.2449602],[76.9571022,43.2449665],[76.957095,43.2449735],[76.9570883,43.2449804],[76.9570771,43.2449752],[76.9570825,43.244969],[76.9570875,43.2449608],[76.9570904,43.2449544],[76.9570918,43.2449459],[76.957092,43.2449384],[76.9570908,43.2449308],[76.9570873,43.2449223],[76.957081,43.2449129],[76.9570732,43.2449038],[76.9570848,43.2448977],[76.9570948,43.2449063],[76.9571055,43.2449142],[76.9571176,43.2449212],[76.9571299,43.2449264],[76.9571419,43.24493],[76.9571538,43.2449324],[76.9571691,43.2449352],[76.9571844,43.2449369],[76.9571838,43.2449448],[76.9571683,43.2449449],[76.9571519,43.2449463]]]},"properties":{"osm_id":1272215124,"osm_type":"way","name":"Қазақстан Қонақ Үйі","address":"","source":"OpenStreetMap","source_url":"https://www.openstreetmap.org/way/1272215124","building":"yes","levels":null,"height":2,"height_source":"osm:height","height_estimated":false,"min_height":0}},{"type":"Feature","id":"way/27054569","geometry":{"type":"Polygon","coordinates":[[[76.9582598,43.2474733],[76.9582801,43.2473374],[76.95931,43.2474186],[76.9592898,43.2475546],[76.9583075,43.2474771],[76.9582598,43.2474733]]]},"properties":{"osm_id":27054569,"osm_type":"way","name":"","address":"Шевченко көшесі, 5","source":"OpenStreetMap","source_url":"https://www.openstreetmap.org/way/27054569","building":"apartments","levels":5,"height":15,"height_source":"osm:height","height_estimated":false,"min_height":0}},{"type":"Feature","id":"way/27054559","geometry":{"type":"Polygon","coordinates":[[[76.9591887,43.249747],[76.9590011,43.249738],[76.9587658,43.2497262],[76.958547,43.2497153],[76.9584141,43.2497087],[76.9584234,43.2495535],[76.9592001,43.2495963],[76.9591887,43.249747]]]},"properties":{"osm_id":27054559,"osm_type":"way","name":"","address":"Қалдаяқов көшесі, 89","source":"OpenStreetMap","source_url":"https://www.openstreetmap.org/way/27054559","building":"apartments","levels":5,"height":15,"height_source":"osm:height","height_estimated":false,"min_height":0}},{"type":"Feature","id":"way/27054585","geometry":{"type":"Polygon","coordinates":[[[76.9578921,43.2517059],[76.9579107,43.251576],[76.9580836,43.2515874],[76.9581102,43.25142],[76.9582836,43.2514329],[76.9582574,43.2516043],[76.9584534,43.2516169],[76.9584812,43.2514495],[76.958651,43.2514631],[76.9586227,43.2516348],[76.9587817,43.2516452],[76.9587697,43.2517674],[76.9586747,43.2517608],[76.9586821,43.2517055],[76.9583374,43.2516807],[76.9579926,43.2516558],[76.9579845,43.2517124],[76.9578921,43.2517059]]]},"properties":{"osm_id":27054585,"osm_type":"way","name":"","address":"Зенков көшесі, 58","source":"OpenStreetMap","source_url":"https://www.openstreetmap.org/way/27054585","building":"kindergarten","levels":2,"height":8,"height_source":"osm:height","height_estimated":false,"min_height":0}},{"type":"Feature","id":"way/50648311","geometry":{"type":"Polygon","coordinates":[[[76.957053,43.2563707],[76.9570613,43.256258],[76.9570761,43.2561154],[76.9573183,43.2561295],[76.9573208,43.2561016],[76.9575217,43.2561113],[76.9575183,43.2561487],[76.9577388,43.2561594],[76.9577409,43.2561361],[76.9577822,43.2561381],[76.9577839,43.2561198],[76.9578809,43.2561245],[76.9578843,43.2560873],[76.9580513,43.2560956],[76.9581867,43.256102],[76.958183,43.2561416],[76.9582986,43.2561472],[76.9582944,43.2561929],[76.9583547,43.2561958],[76.9583427,43.2563276],[76.9583792,43.2563293],[76.9583556,43.2565867],[76.9583069,43.2565843],[76.9582996,43.2566639],[76.9582442,43.2566613],[76.9582269,43.2568501],[76.9576954,43.2568243],[76.9577146,43.2566149],[76.9576282,43.2566107],[76.957637,43.2565147],[76.9576925,43.2565174],[76.9576961,43.2564782],[76.9577272,43.2564797],[76.9577458,43.2562764],[76.9575628,43.2562676],[76.9575556,43.2563457],[76.9572822,43.2563324],[76.9572779,43.2563795],[76.957053,43.2563707]]]},"properties":{"osm_id":50648311,"osm_type":"way","name":"Казахская государственная филармония имени Жамбыла","address":"Төле Би көшесі, 21","source":"OpenStreetMap","source_url":"https://www.openstreetmap.org/way/50648311","building":"yes","levels":4,"height":12,"height_source":"estimated:osm_building_levels_x_3m","height_estimated":true,"min_height":0}},{"type":"Feature","id":"way/152176970","geometry":{"type":"Polygon","coordinates":[[[76.9588979,43.2597567],[76.9588858,43.2597829],[76.958863,43.2598051],[76.9588317,43.2598209],[76.9587952,43.2598286],[76.9587572,43.2598276],[76.9587215,43.2598179],[76.9586904,43.2597992],[76.9586696,43.259774],[76.9586617,43.2597451],[76.9586674,43.259716],[76.9586861,43.25969],[76.9587158,43.25967],[76.9587529,43.2596585],[76.9587932,43.2596566],[76.958832,43.2596646],[76.9588632,43.2596804],[76.958886,43.2597026],[76.958898,43.2597289],[76.9588979,43.2597567]]]},"properties":{"osm_id":152176970,"osm_type":"way","name":"","address":"","source":"OpenStreetMap","source_url":"https://www.openstreetmap.org/way/152176970","building":"yes","levels":null,"height":7,"height_source":"osm:height","height_estimated":false,"min_height":0}},{"type":"Feature","id":"way/51350381","geometry":{"type":"Polygon","coordinates":[[[76.9225088,43.2314009],[76.9226484,43.2312894],[76.923275,43.2317061],[76.9231354,43.2318175],[76.9225088,43.2314009]]]},"properties":{"osm_id":51350381,"osm_type":"way","name":"","address":"27","source":"OpenStreetMap","source_url":"https://www.openstreetmap.org/way/51350381","building":"apartments","levels":4,"height":12,"height_source":"estimated:osm_building_levels_x_3m","height_estimated":true,"min_height":0}},{"type":"Feature","id":"way/436865202","geometry":{"type":"Polygon","coordinates":[[[76.9217167,43.2338118],[76.9221564,43.2338335],[76.9221509,43.2338928],[76.9221958,43.233895],[76.9221869,43.2339901],[76.9216666,43.2339645],[76.921675,43.233874],[76.9217107,43.2338758],[76.9217167,43.2338118]]]},"properties":{"osm_id":436865202,"osm_type":"way","name":"","address":"Шагабутдинов көшесі, 195","source":"OpenStreetMap","source_url":"https://www.openstreetmap.org/way/436865202","building":"yes","levels":1,"height":3,"height_source":"estimated:osm_building_levels_x_3m","height_estimated":true,"min_height":0}},{"type":"Feature","id":"way/51337338","geometry":{"type":"Polygon","coordinates":[[[76.9211172,43.2364125],[76.9210965,43.2361946],[76.9213853,43.23618],[76.9213962,43.2362944],[76.921356,43.2362964],[76.9213658,43.2363999],[76.9211986,43.2364084],[76.9211172,43.2364125]]]},"properties":{"osm_id":51337338,"osm_type":"way","name":"Тюбетейка","address":"Қаныш Сәтбаев көшесі, 32/1","source":"OpenStreetMap","source_url":"https://www.openstreetmap.org/way/51337338","building":"yes","levels":1,"height":3,"height_source":"estimated:osm_building_levels_x_3m","height_estimated":true,"min_height":0}},{"type":"Feature","id":"way/1148828088","geometry":{"type":"Polygon","coordinates":[[[76.9202388,43.2412954],[76.9202136,43.2413326],[76.920176,43.2413637],[76.9201284,43.2413865],[76.9200743,43.2413994],[76.9200459,43.2414004],[76.9200447,43.2414121],[76.9200166,43.2414114],[76.9199893,43.2414093],[76.9199905,43.2413972],[76.9199636,43.241393],[76.9199145,43.2413748],[76.9198733,43.2413481],[76.9198428,43.2413147],[76.9198251,43.2412767],[76.9198211,43.2412367],[76.9198313,43.2411973],[76.919855,43.241161],[76.9198905,43.2411303],[76.9199356,43.2411073],[76.9199873,43.2410933],[76.9200421,43.2410895],[76.9200983,43.2410962],[76.92015,43.2411136],[76.9201936,43.2411402],[76.9202262,43.2411742],[76.9202452,43.2412133],[76.9202495,43.2412547],[76.9202388,43.2412954]]]},"properties":{"osm_id":1148828088,"osm_type":"way","name":"Дворец Бракосочетания","address":"Абай даңғылы, 101А","source":"OpenStreetMap","source_url":"https://www.openstreetmap.org/way/1148828088","building":"yes","levels":2,"height":6,"height_source":"estimated:osm_building_levels_x_3m","height_estimated":true,"min_height":0}},{"type":"Feature","id":"way/51275989","geometry":{"type":"Polygon","coordinates":[[[76.9208429,43.2426214],[76.9207218,43.2426123],[76.9207468,43.2424366],[76.9214981,43.2424935],[76.9214731,43.2426691],[76.9213211,43.2426576],[76.9213295,43.2425987],[76.9208513,43.2425626],[76.9208429,43.2426214]]]},"properties":{"osm_id":51275989,"osm_type":"way","name":"","address":"Құрманғазы көшесі, 120","source":"OpenStreetMap","source_url":"https://www.openstreetmap.org/way/51275989","building":"kindergarten","levels":2,"height":6,"height_source":"estimated:osm_building_levels_x_3m","height_estimated":true,"min_height":0}},{"type":"Feature","id":"way/51275925","geometry":{"type":"Polygon","coordinates":[[[76.9201735,43.2477866],[76.9201775,43.2476656],[76.9204003,43.2476695],[76.9203964,43.2477905],[76.9201735,43.2477866]]]},"properties":{"osm_id":51275925,"osm_type":"way","name":"","address":"Мұратбаев көшесі, 174","source":"OpenStreetMap","source_url":"https://www.openstreetmap.org/way/51275925","building":"yes","levels":7,"height":21,"height_source":"estimated:osm_building_levels_x_3m","height_estimated":true,"min_height":0}},{"type":"Feature","id":"way/50877043","geometry":{"type":"Polygon","coordinates":[[[76.9195884,43.2497536],[76.9205319,43.2498007],[76.92052,43.2499273],[76.9204899,43.2502466],[76.9203469,43.2502395],[76.9203769,43.2499208],[76.9201313,43.2499085],[76.9201246,43.2499788],[76.9195698,43.2499511],[76.9195884,43.2497536]]]},"properties":{"osm_id":50877043,"osm_type":"way","name":"","address":"Қарасай Батыр көшесі, 123","source":"OpenStreetMap","source_url":"https://www.openstreetmap.org/way/50877043","building":"yes","levels":3,"height":9,"height_source":"estimated:osm_building_levels_x_3m","height_estimated":true,"min_height":0}},{"type":"Feature","id":"way/50877060","geometry":{"type":"Polygon","coordinates":[[[76.9234265,43.2530863],[76.9234405,43.2529669],[76.9238399,43.2529917],[76.9238259,43.2531111],[76.9234265,43.2530863]]]},"properties":{"osm_id":50877060,"osm_type":"way","name":"","address":"Төле Би көшесі, 104","source":"OpenStreetMap","source_url":"https://www.openstreetmap.org/way/50877060","building":"apartments","levels":4,"height":12,"height_source":"estimated:osm_building_levels_x_3m","height_estimated":true,"min_height":0}},{"type":"Feature","id":"way/50876658","geometry":{"type":"Polygon","coordinates":[[[76.9215883,43.2541978],[76.921632,43.2538398],[76.9217816,43.2538495],[76.9217379,43.2542075],[76.9215883,43.2541978]]]},"properties":{"osm_id":50876658,"osm_type":"way","name":"Санаторный ясли-сад №21","address":"Әди Шәріпов көшесі, 71А","source":"OpenStreetMap","source_url":"https://www.openstreetmap.org/way/50876658","building":"kindergarten","levels":null,"height":12,"height_source":"estimated:display_fallback_12m","height_estimated":true,"min_height":0}},{"type":"Feature","id":"way/50876382","geometry":{"type":"Polygon","coordinates":[[[76.9218688,43.2580966],[76.921908,43.2577411],[76.922071,43.2577506],[76.9220431,43.2580037],[76.9221076,43.2580075],[76.922116,43.2579308],[76.9228497,43.2579738],[76.9228413,43.2580503],[76.9229227,43.2580551],[76.9229383,43.2579135],[76.9231441,43.2579256],[76.9231172,43.2581697],[76.9218688,43.2580966]]]},"properties":{"osm_id":50876382,"osm_type":"way","name":"Алматинский экономический колледж","address":"Гоголь көшесі, 124","source":"OpenStreetMap","source_url":"https://www.openstreetmap.org/way/50876382","building":"college","levels":null,"height":12,"height_source":"estimated:display_fallback_12m","height_estimated":true,"min_height":0}},{"type":"Feature","id":"way/51350297","geometry":{"type":"Polygon","coordinates":[[[76.9262413,43.2318044],[76.9270655,43.2318638],[76.9270485,43.2320032],[76.9261542,43.231946],[76.9258516,43.2317272],[76.9259921,43.2316246],[76.9262413,43.2318044]]]},"properties":{"osm_id":51350297,"osm_type":"way","name":"","address":"Коктем 1-й микрорайон, 41","source":"OpenStreetMap","source_url":"https://www.openstreetmap.org/way/51350297","building":"apartments","levels":5,"height":15,"height_source":"estimated:osm_building_levels_x_3m","height_estimated":true,"min_height":0}},{"type":"Feature","id":"way/51350435","geometry":{"type":"Polygon","coordinates":[[[76.9269219,43.234576],[76.9268204,43.2345059],[76.9274537,43.234022],[76.9275521,43.2339468],[76.9276274,43.2330177],[76.9276671,43.2325272],[76.9278184,43.232535],[76.9277795,43.233023],[76.9277021,43.2339923],[76.9275614,43.2340976],[76.9269219,43.234576]]]},"properties":{"osm_id":51350435,"osm_type":"way","name":"","address":"улица Римского-Корсакова, 3","source":"OpenStreetMap","source_url":"https://www.openstreetmap.org/way/51350435","building":"apartments","levels":5,"height":15,"height_source":"estimated:osm_building_levels_x_3m","height_estimated":true,"min_height":0}},{"type":"Feature","id":"way/51275861","geometry":{"type":"Polygon","coordinates":[[[76.9269481,43.2381176],[76.9270019,43.2376747],[76.9268087,43.2376623],[76.9268334,43.2374584],[76.9272463,43.237485],[76.9274817,43.2375001],[76.9274565,43.2377084],[76.9272232,43.2376934],[76.927216,43.2377528],[76.927209,43.2378101],[76.92717,43.2381319],[76.9269481,43.2381176]]]},"properties":{"osm_id":51275861,"osm_type":"way","name":"Гостиница Астана","address":"Байтұрсынұлы көшесі, 113","source":"OpenStreetMap","source_url":"https://www.openstreetmap.org/way/51275861","building":"yes","levels":null,"height":12,"height_source":"estimated:display_fallback_12m","height_estimated":true,"min_height":0}},{"type":"Feature","id":"way/1458064098","geometry":{"type":"Polygon","coordinates":[[[76.9247107,43.2399309],[76.9256374,43.2400084],[76.9256262,43.2400793],[76.9255683,43.2404462],[76.9253557,43.2404284],[76.9250975,43.2404068],[76.9251117,43.2403168],[76.9250011,43.2403075],[76.9250135,43.2402291],[76.9248949,43.2402191],[76.9249071,43.2401418],[76.9247891,43.2401319],[76.9248011,43.2400562],[76.9246923,43.240047],[76.9247107,43.2399309]]]},"properties":{"osm_id":1458064098,"osm_type":"way","name":"Promenade Business Park","address":"Абай даңғылы, 44а","source":"OpenStreetMap","source_url":"https://www.openstreetmap.org/way/1458064098","building":"yes","levels":2,"height":6,"height_source":"estimated:osm_building_levels_x_3m","height_estimated":true,"min_height":0}},{"type":"Feature","id":"way/51275897","geometry":{"type":"Polygon","coordinates":[[[76.9259086,43.2429618],[76.9259257,43.2428235],[76.9267658,43.2428787],[76.9267487,43.243017],[76.9259086,43.2429618]]]},"properties":{"osm_id":51275897,"osm_type":"way","name":"","address":"Құрманғазы көшесі, 104","source":"OpenStreetMap","source_url":"https://www.openstreetmap.org/way/51275897","building":"apartments","levels":4,"height":12,"height_source":"estimated:osm_building_levels_x_3m","height_estimated":true,"min_height":0}},{"type":"Feature","id":"way/51275905","geometry":{"type":"Polygon","coordinates":[[[76.9263068,43.245618],[76.9263632,43.2452489],[76.9260079,43.2452201],[76.9260232,43.2451199],[76.9263789,43.2451487],[76.9265498,43.2451626],[76.9264782,43.2456319],[76.9263068,43.245618]]]},"properties":{"osm_id":51275905,"osm_type":"way","name":"","address":"Байтұрсынұлы көшесі, 89","source":"OpenStreetMap","source_url":"https://www.openstreetmap.org/way/51275905","building":"yes","levels":3,"height":9,"height_source":"estimated:osm_building_levels_x_3m","height_estimated":true,"min_height":0}},{"type":"Feature","id":"way/27320462","geometry":{"type":"Polygon","coordinates":[[[76.9259885,43.2491599],[76.9257782,43.2491434],[76.9258723,43.2485062],[76.9260826,43.2485227],[76.9259885,43.2491599]]]},"properties":{"osm_id":27320462,"osm_type":"way","name":"","address":"Байтұрсынұлы көшесі, 65А","source":"OpenStreetMap","source_url":"https://www.openstreetmap.org/way/27320462","building":"yes","levels":4,"height":12,"height_source":"estimated:osm_building_levels_x_3m","height_estimated":true,"min_height":0}},{"type":"Feature","id":"way/241035747","geometry":{"type":"Polygon","coordinates":[[[76.9242116,43.2538548],[76.9242231,43.2537767],[76.9242068,43.2537754],[76.9242236,43.253661],[76.9244597,43.2536794],[76.9244473,43.2537642],[76.9247203,43.2537855],[76.9247252,43.2537521],[76.92489,43.253765],[76.9248856,43.2537949],[76.925164,43.2538166],[76.9251746,43.2537444],[76.9254027,43.2537622],[76.9253533,43.2540982],[76.9250639,43.2540757],[76.9250886,43.2539076],[76.9243148,43.2538473],[76.9243126,43.2538627],[76.9242116,43.2538548]]]},"properties":{"osm_id":241035747,"osm_type":"way","name":"Далич","address":"Төле Би көшесі, 101","source":"OpenStreetMap","source_url":"https://www.openstreetmap.org/way/241035747","building":"office","levels":10,"height":30,"height_source":"estimated:osm_building_levels_x_3m","height_estimated":true,"min_height":0}},{"type":"Feature","id":"way/50876679","geometry":{"type":"Polygon","coordinates":[[[76.9249607,43.2555374],[76.9249858,43.2553589],[76.9251109,43.2553686],[76.9250864,43.2555468],[76.9249607,43.2555374]]]},"properties":{"osm_id":50876679,"osm_type":"way","name":"ПС 17А Космонавтов","address":"Байтұрсынұлы көшесі, 29а","source":"OpenStreetMap","source_url":"https://www.openstreetmap.org/way/50876679","building":"service","levels":null,"height":12,"height_source":"estimated:display_fallback_12m","height_estimated":true,"min_height":0}},{"type":"Feature","id":"way/50875663","geometry":{"type":"Polygon","coordinates":[[[76.9251984,43.2595383],[76.9253026,43.2587053],[76.9254804,43.2587171],[76.9253761,43.2595501],[76.9251984,43.2595383]]]},"properties":{"osm_id":50875663,"osm_type":"way","name":"","address":"Байтұрсынұлы көшесі, 20","source":"OpenStreetMap","source_url":"https://www.openstreetmap.org/way/50875663","building":"apartments","levels":5,"height":15,"height_source":"estimated:osm_building_levels_x_3m","height_estimated":true,"min_height":0}},{"type":"Feature","id":"way/241268746","geometry":{"type":"Polygon","coordinates":[[[76.9291043,43.2306155],[76.9291759,43.2306664],[76.9292528,43.2307212],[76.9290424,43.2308781],[76.9288939,43.2307725],[76.9291043,43.2306155]]]},"properties":{"osm_id":241268746,"osm_type":"way","name":"","address":"улица Маркова, 35","source":"OpenStreetMap","source_url":"https://www.openstreetmap.org/way/241268746","building":"apartments","levels":2,"height":6,"height_source":"estimated:osm_building_levels_x_3m","height_estimated":true,"min_height":0}},{"type":"Feature","id":"way/490727029","geometry":{"type":"Polygon","coordinates":[[[76.9298785,43.2342522],[76.9301315,43.2340629],[76.9303238,43.2341993],[76.9300708,43.2343886],[76.9298785,43.2342522]]]},"properties":{"osm_id":490727029,"osm_type":"way","name":"Garden Park","address":"Байтұрсынұлы көшесі, 139","source":"OpenStreetMap","source_url":"https://www.openstreetmap.org/way/490727029","building":"yes","levels":10,"height":30,"height_source":"estimated:osm_building_levels_x_3m","height_estimated":true,"min_height":0}},{"type":"Feature","id":"way/51268755","geometry":{"type":"Polygon","coordinates":[[[76.9315101,43.2386611],[76.9315245,43.238544],[76.9321922,43.2385876],[76.9321778,43.2387047],[76.9315101,43.2386611]]]},"properties":{"osm_id":51268755,"osm_type":"way","name":"","address":"Масанчи көшесі, 104","source":"OpenStreetMap","source_url":"https://www.openstreetmap.org/way/51268755","building":"apartments","levels":4,"height":12,"height_source":"estimated:osm_building_levels_x_3m","height_estimated":true,"min_height":0}},{"type":"Feature","id":"way/47148071","geometry":{"type":"Polygon","coordinates":[[[76.9302448,43.2418614],[76.930255,43.241705],[76.9304155,43.2417105],[76.9304054,43.2418669],[76.9302448,43.2418614]]]},"properties":{"osm_id":47148071,"osm_type":"way","name":"","address":"","source":"OpenStreetMap","source_url":"https://www.openstreetmap.org/way/47148071","building":"apartments","levels":4,"height":12,"height_source":"estimated:osm_building_levels_x_3m","height_estimated":true,"min_height":0}},{"type":"Feature","id":"way/51268824","geometry":{"type":"Polygon","coordinates":[[[76.9310078,43.2429452],[76.9310585,43.2425523],[76.9313352,43.2425713],[76.9313212,43.2426799],[76.9312054,43.2426719],[76.931182,43.2428531],[76.9312919,43.2428607],[76.9312786,43.2429637],[76.9310078,43.2429452]]]},"properties":{"osm_id":51268824,"osm_type":"way","name":"","address":"Масанчи көшесі, 92","source":"OpenStreetMap","source_url":"https://www.openstreetmap.org/way/51268824","building":"yes","levels":3,"height":9,"height_source":"estimated:osm_building_levels_x_3m","height_estimated":true,"min_height":0}},{"type":"Feature","id":"way/51008020","geometry":{"type":"Polygon","coordinates":[[[76.9315823,43.2465724],[76.9315807,43.2463095],[76.9318945,43.2463085],[76.9318961,43.2465714],[76.9315823,43.2465724]]]},"properties":{"osm_id":51008020,"osm_type":"way","name":"БЦ Шартас","address":"Амангелді көшесі, 59А","source":"OpenStreetMap","source_url":"https://www.openstreetmap.org/way/51008020","building":"office","levels":null,"height":12,"height_source":"estimated:display_fallback_12m","height_estimated":true,"min_height":0}},{"type":"Feature","id":"way/27320455","geometry":{"type":"Polygon","coordinates":[[[76.9294945,43.2487318],[76.9287376,43.2486863],[76.9287821,43.2482931],[76.9289712,43.2483044],[76.9295389,43.2483384],[76.9295133,43.2485654],[76.9294945,43.2487318]]]},"properties":{"osm_id":27320455,"osm_type":"way","name":"Целинный","address":"Масанчи көшесі, 59","source":"OpenStreetMap","source_url":"https://www.openstreetmap.org/way/27320455","building":"yes","levels":null,"height":12,"height_source":"estimated:display_fallback_12m","height_estimated":true,"min_height":0}},{"type":"Feature","id":"way/50878563","geometry":{"type":"Polygon","coordinates":[[[76.9296978,43.2526017],[76.9297425,43.2522082],[76.9301673,43.2522312],[76.930163,43.2522737],[76.9301535,43.2523673],[76.9299158,43.2523544],[76.9299084,43.2524252],[76.9298912,43.2525896],[76.9298888,43.252612],[76.9296978,43.2526017]]]},"properties":{"osm_id":50878563,"osm_type":"way","name":"","address":"Масанчи көшесі, 40","source":"OpenStreetMap","source_url":"https://www.openstreetmap.org/way/50878563","building":"university","levels":2,"height":6,"height_source":"osm:height","height_estimated":false,"min_height":0}},{"type":"Feature","id":"way/50876702","geometry":{"type":"Polygon","coordinates":[[[76.9304385,43.2559576],[76.9304539,43.2557732],[76.9306156,43.2557804],[76.9306002,43.2559648],[76.9304385,43.2559576]]]},"properties":{"osm_id":50876702,"osm_type":"way","name":"Дом зодчих Зенковых","address":"улица Казыбек Би, 115","source":"OpenStreetMap","source_url":"https://www.openstreetmap.org/way/50876702","building":"yes","levels":null,"height":12,"height_source":"estimated:display_fallback_12m","height_estimated":true,"min_height":0}},{"type":"Feature","id":"way/50876392","geometry":{"type":"Polygon","coordinates":[[[76.9320461,43.2588659],[76.9316866,43.2588392],[76.9312134,43.2588039],[76.93123,43.2586857],[76.9319026,43.2587358],[76.9319483,43.2584099],[76.9321085,43.2584219],[76.9320461,43.2588659]]]},"properties":{"osm_id":50876392,"osm_type":"way","name":"","address":"Сейфуллин даңғылы, 511","source":"OpenStreetMap","source_url":"https://www.openstreetmap.org/way/50876392","building":"yes","levels":3,"height":9,"height_source":"estimated:osm_building_levels_x_3m","height_estimated":true,"min_height":0}},{"type":"Feature","id":"way/771909108","geometry":{"type":"Polygon","coordinates":[[[76.9346838,43.2300086],[76.9346537,43.2299834],[76.9346397,43.2299924],[76.9344869,43.2298645],[76.9345964,43.229795],[76.9346076,43.2298044],[76.9346423,43.2297824],[76.9346899,43.2298223],[76.9349762,43.2296406],[76.9347916,43.2294861],[76.9348005,43.2294804],[76.9347679,43.2294531],[76.9347954,43.2294356],[76.9347809,43.2294235],[76.9348988,43.2293486],[76.9352213,43.2296184],[76.9352106,43.2296252],[76.9352428,43.2296522],[76.9352075,43.2296746],[76.935221,43.2296859],[76.9347319,43.2299961],[76.9347197,43.2299859],[76.9346838,43.2300086]]]},"properties":{"osm_id":771909108,"osm_type":"way","name":"ЖК Forum Plus","address":"улица Володарского, 40","source":"OpenStreetMap","source_url":"https://www.openstreetmap.org/way/771909108","building":"yes","levels":16,"height":48,"height_source":"estimated:osm_building_levels_x_3m","height_estimated":true,"min_height":0}},{"type":"Feature","id":"way/1284828314","geometry":{"type":"Polygon","coordinates":[[[76.933294,43.2352493],[76.9332097,43.2351863],[76.9332935,43.2351268],[76.9333779,43.2351899],[76.933294,43.2352493]]]},"properties":{"osm_id":1284828314,"osm_type":"way","name":"Береке","address":"Улица Габдуллина, 8/1","source":"OpenStreetMap","source_url":"https://www.openstreetmap.org/way/1284828314","building":"retail","levels":1,"height":3,"height_source":"estimated:osm_building_levels_x_3m","height_estimated":true,"min_height":0}},{"type":"Feature","id":"way/51268768","geometry":{"type":"Polygon","coordinates":[[[76.9350292,43.2390383],[76.9350783,43.2386928],[76.93512,43.238696],[76.9351647,43.2383819],[76.935217,43.2383858],[76.9352644,43.2380525],[76.9354528,43.2380667],[76.9354059,43.2383963],[76.9353624,43.238393],[76.9353168,43.238714],[76.9352839,43.2387115],[76.9352352,43.2390538],[76.9350292,43.2390383]]]},"properties":{"osm_id":51268768,"osm_type":"way","name":"","address":"Сейфуллин даңғылы, 546","source":"OpenStreetMap","source_url":"https://www.openstreetmap.org/way/51268768","building":"apartments","levels":9,"height":27,"height_source":"estimated:osm_building_levels_x_3m","height_estimated":true,"min_height":0}},{"type":"Feature","id":"way/51267832","geometry":{"type":"Polygon","coordinates":[[[76.9336071,43.241965],[76.9336204,43.2418396],[76.9338535,43.2418527],[76.9338403,43.2419781],[76.9336071,43.241965]]]},"properties":{"osm_id":51267832,"osm_type":"way","name":"","address":"Абай даңғылы, 65А","source":"OpenStreetMap","source_url":"https://www.openstreetmap.org/way/51267832","building":"retail","levels":2,"height":6,"height_source":"estimated:osm_building_levels_x_3m","height_estimated":true,"min_height":0}},{"type":"Feature","id":"way/51267824","geometry":{"type":"Polygon","coordinates":[[[76.9330146,43.2421751],[76.9330317,43.2420218],[76.9338409,43.2420698],[76.9338238,43.242223],[76.9330146,43.2421751]]]},"properties":{"osm_id":51267824,"osm_type":"way","name":"","address":"Амангелді көшесі, 92","source":"OpenStreetMap","source_url":"https://www.openstreetmap.org/way/51267824","building":"apartments","levels":2,"height":6,"height_source":"estimated:osm_building_levels_x_3m","height_estimated":true,"min_height":0}},{"type":"Feature","id":"way/759964157","geometry":{"type":"Polygon","coordinates":[[[76.9350373,43.2460955],[76.9350534,43.2459079],[76.9348817,43.2459001],[76.9349085,43.2457594],[76.9353431,43.2457907],[76.9353001,43.2461072],[76.9350373,43.2460955]]]},"properties":{"osm_id":759964157,"osm_type":"way","name":"ЖК Молодёжный","address":"Шевченко көшесі, 85","source":"OpenStreetMap","source_url":"https://www.openstreetmap.org/way/759964157","building":"yes","levels":null,"height":12,"height_source":"estimated:display_fallback_12m","height_estimated":true,"min_height":0}},{"type":"Feature","id":"way/50878564","geometry":{"type":"Polygon","coordinates":[[[76.9334815,43.2506751],[76.9345751,43.2507774],[76.9347319,43.2507928],[76.9347034,43.2509469],[76.9336495,43.2508434],[76.9335975,43.2511245],[76.9334205,43.2511088],[76.9334815,43.2506751]]]},"properties":{"osm_id":50878564,"osm_type":"way","name":"","address":"Сейфуллин даңғылы, 500","source":"OpenStreetMap","source_url":"https://www.openstreetmap.org/way/50878564","building":"apartments","levels":4,"height":12,"height_source":"estimated:osm_building_levels_x_3m","height_estimated":true,"min_height":0}},{"type":"Feature","id":"way/50878498","geometry":{"type":"Polygon","coordinates":[[[76.9354086,43.2528492],[76.935423,43.2526991],[76.9361955,43.2527385],[76.936181,43.2528894],[76.9361477,43.2532359],[76.9360174,43.2532293],[76.9360508,43.252882],[76.9357419,43.2528661],[76.9356579,43.2528619],[76.9354086,43.2528492]]]},"properties":{"osm_id":50878498,"osm_type":"way","name":"Управление Пограничной Службы КНБ РК","address":"Бөгенбай Батыр көшесі, 143","source":"OpenStreetMap","source_url":"https://www.openstreetmap.org/way/50878498","building":"yes","levels":3,"height":9,"height_source":"estimated:osm_building_levels_x_3m","height_estimated":true,"min_height":0}},{"type":"Feature","id":"way/50876769","geometry":{"type":"Polygon","coordinates":[[[76.9345368,43.2566839],[76.9345394,43.2565598],[76.9350191,43.2565651],[76.9350165,43.2566892],[76.9345368,43.2566839]]]},"properties":{"osm_id":50876769,"osm_type":"way","name":"Ясли-сад №41","address":"Мәуленов көшесі, 58","source":"OpenStreetMap","source_url":"https://www.openstreetmap.org/way/50876769","building":"kindergarten","levels":null,"height":12,"height_source":"estimated:display_fallback_12m","height_estimated":true,"min_height":0}},{"type":"Feature","id":"way/50655443","geometry":{"type":"Polygon","coordinates":[[[76.9324375,43.2589056],[76.9324737,43.2586507],[76.9326235,43.258662],[76.9326057,43.2587874],[76.9329139,43.2588106],[76.9328955,43.2589401],[76.9324375,43.2589056]]]},"properties":{"osm_id":50655443,"osm_type":"way","name":"","address":"Гоголь көшесі, 108","source":"OpenStreetMap","source_url":"https://www.openstreetmap.org/way/50655443","building":"apartments","levels":4,"height":12,"height_source":"estimated:osm_building_levels_x_3m","height_estimated":true,"min_height":0}},{"type":"Feature","id":"way/1458437907","geometry":{"type":"Polygon","coordinates":[[[76.9380218,43.2303735],[76.9380595,43.230348],[76.9380417,43.2303327],[76.9381166,43.2302825],[76.938135,43.2302971],[76.9381727,43.2302717],[76.9382418,43.2303261],[76.9382642,43.2303107],[76.9383312,43.2303657],[76.9383982,43.2304207],[76.93838,43.2304348],[76.9384491,43.2304892],[76.9384113,43.2305146],[76.9384274,43.2305285],[76.9383921,43.2305519],[76.938352,43.2305787],[76.9383358,43.2305655],[76.9382981,43.230591],[76.938229,43.2305366],[76.9382115,43.2305491],[76.9381423,43.2304951],[76.9380732,43.2304411],[76.9380909,43.2304278],[76.9380218,43.2303735]]]},"properties":{"osm_id":1458437907,"osm_type":"way","name":"","address":"Сейфуллин даңғылы, 574/1 к2","source":"OpenStreetMap","source_url":"https://www.openstreetmap.org/way/1458437907","building":"apartments","levels":22,"height":66,"height_source":"estimated:osm_building_levels_x_3m","height_estimated":true,"min_height":0}},{"type":"Feature","id":"way/241001545","geometry":{"type":"Polygon","coordinates":[[[76.9380266,43.2353451],[76.9383317,43.2353605],[76.9383116,43.2355719],[76.9380064,43.2355564],[76.9380266,43.2353451]]]},"properties":{"osm_id":241001545,"osm_type":"way","name":"","address":"Керемет микрорайон, 7/27","source":"OpenStreetMap","source_url":"https://www.openstreetmap.org/way/241001545","building":"apartments","levels":16,"height":48,"height_source":"estimated:osm_building_levels_x_3m","height_estimated":true,"min_height":0}},{"type":"Feature","id":"way/51268765","geometry":{"type":"Polygon","coordinates":[[[76.9356245,43.23747],[76.9356391,43.237351],[76.9372072,43.2374536],[76.9371926,43.2375726],[76.9356245,43.23747]]]},"properties":{"osm_id":51268765,"osm_type":"way","name":"","address":"Қаныш Сәтбаев көшесі, 20А","source":"OpenStreetMap","source_url":"https://www.openstreetmap.org/way/51268765","building":"apartments","levels":5,"height":15,"height_source":"estimated:osm_building_levels_x_3m","height_estimated":true,"min_height":0}},{"type":"Feature","id":"way/51267839","geometry":{"type":"Polygon","coordinates":[[[76.9385718,43.2414877],[76.9386027,43.2412375],[76.9388544,43.2412541],[76.9388234,43.2415042],[76.9385718,43.2414877]]]},"properties":{"osm_id":51267839,"osm_type":"way","name":"Мята Platinum Karaoke Club","address":"Абай даңғылы, 26Г","source":"OpenStreetMap","source_url":"https://www.openstreetmap.org/way/51267839","building":"yes","levels":null,"height":12,"height_source":"estimated:display_fallback_12m","height_estimated":true,"min_height":0}},{"type":"Feature","id":"way/49685219","geometry":{"type":"Polygon","coordinates":[[[76.9371075,43.2436194],[76.9373318,43.2436364],[76.9373052,43.2438235],[76.9370808,43.2438065],[76.9371075,43.2436194]]]},"properties":{"osm_id":49685219,"osm_type":"way","name":"","address":"Құрманғазы көшесі, 84","source":"OpenStreetMap","source_url":"https://www.openstreetmap.org/way/49685219","building":"yes","levels":2,"height":6,"height_source":"estimated:osm_building_levels_x_3m","height_estimated":true,"min_height":0}},{"type":"Feature","id":"way/51008072","geometry":{"type":"Polygon","coordinates":[[[76.9397755,43.2474734],[76.9397877,43.2473753],[76.9401983,43.2474039],[76.9401873,43.2474994],[76.9397755,43.2474734]]]},"properties":{"osm_id":51008072,"osm_type":"way","name":"","address":"","source":"OpenStreetMap","source_url":"https://www.openstreetmap.org/way/51008072","building":"apartments","levels":5,"height":15,"height_source":"estimated:osm_building_levels_x_3m","height_estimated":true,"min_height":0}},{"type":"Feature","id":"way/368642764","geometry":{"type":"Polygon","coordinates":[[[76.9363298,43.2484245],[76.9364581,43.2484315],[76.9365207,43.248481],[76.9367773,43.2484983],[76.9367374,43.2488361],[76.936621,43.2488314],[76.9366285,43.2487143],[76.9365789,43.2487088],[76.9365886,43.2486428],[76.9365056,43.2486161],[76.9363082,43.2486043],[76.9363298,43.2484245]]]},"properties":{"osm_id":368642764,"osm_type":"way","name":"Grand Opera \"Music Bar\"","address":"","source":"OpenStreetMap","source_url":"https://www.openstreetmap.org/way/368642764","building":"yes","levels":3,"height":9,"height_source":"estimated:osm_building_levels_x_3m","height_estimated":true,"min_height":0}},{"type":"Feature","id":"way/50459835","geometry":{"type":"Polygon","coordinates":[[[76.9369577,43.254085],[76.9369888,43.2537306],[76.9371584,43.2537385],[76.9371274,43.2540929],[76.9369577,43.254085]]]},"properties":{"osm_id":50459835,"osm_type":"way","name":"Doner Kebab","address":"Төле Би көшесі, 82А","source":"OpenStreetMap","source_url":"https://www.openstreetmap.org/way/50459835","building":"commercial","levels":null,"height":12,"height_source":"estimated:display_fallback_12m","height_estimated":true,"min_height":0}},{"type":"Feature","id":"way/50876786","geometry":{"type":"Polygon","coordinates":[[[76.9386342,43.2555361],[76.9386935,43.255067],[76.9389061,43.2550813],[76.9388468,43.2555504],[76.9386342,43.2555361]]]},"properties":{"osm_id":50876786,"osm_type":"way","name":"БЦ \"Желтоксан\"","address":"Желтоқсан көшесі, 111А","source":"OpenStreetMap","source_url":"https://www.openstreetmap.org/way/50876786","building":"commercial","levels":null,"height":12,"height_source":"estimated:display_fallback_12m","height_estimated":true,"min_height":0}},{"type":"Feature","id":"way/1442421797","geometry":{"type":"Polygon","coordinates":[[[76.936144,43.2598263],[76.9361634,43.2597103],[76.936362,43.2597279],[76.9363425,43.2598439],[76.936144,43.2598263]]]},"properties":{"osm_id":1442421797,"osm_type":"way","name":"Aigyr","address":"","source":"OpenStreetMap","source_url":"https://www.openstreetmap.org/way/1442421797","building":"yes","levels":null,"height":12,"height_source":"estimated:display_fallback_12m","height_estimated":true,"min_height":0}},{"type":"Feature","id":"way/1546550132","geometry":{"type":"Polygon","coordinates":[[[76.9428746,43.2318041],[76.9430049,43.2317172],[76.9430705,43.2317694],[76.9429403,43.2318563],[76.9428746,43.2318041]]]},"properties":{"osm_id":1546550132,"osm_type":"way","name":"","address":"","source":"OpenStreetMap","source_url":"https://www.openstreetmap.org/way/1546550132","building":"yes","levels":1,"height":3,"height_source":"estimated:osm_building_levels_x_3m","height_estimated":true,"min_height":0}},{"type":"Feature","id":"way/51215752","geometry":{"type":"Polygon","coordinates":[[[76.9427523,43.2334069],[76.9427962,43.2330634],[76.9429662,43.2330749],[76.9429224,43.2334185],[76.9427523,43.2334069]]]},"properties":{"osm_id":51215752,"osm_type":"way","name":"","address":"Желтоқсан көшесі","source":"OpenStreetMap","source_url":"https://www.openstreetmap.org/way/51215752","building":"yes","levels":1,"height":3,"height_source":"estimated:osm_building_levels_x_3m","height_estimated":true,"min_height":0}},{"type":"Feature","id":"way/42648504","geometry":{"type":"Polygon","coordinates":[[[76.9412784,43.2378228],[76.9413087,43.2375009],[76.9414781,43.2375094],[76.9414478,43.2378313],[76.9412784,43.2378228]]]},"properties":{"osm_id":42648504,"osm_type":"way","name":"","address":"Желтоқсан көшесі, 177А","source":"OpenStreetMap","source_url":"https://www.openstreetmap.org/way/42648504","building":"yes","levels":4,"height":12,"height_source":"estimated:osm_building_levels_x_3m","height_estimated":true,"min_height":0}},{"type":"Feature","id":"way/1457790103","geometry":{"type":"Polygon","coordinates":[[[76.943874,43.2390224],[76.9440548,43.239037],[76.9439804,43.2395271],[76.9437997,43.2395125],[76.9438151,43.2394109],[76.9438369,43.2392675],[76.9438585,43.2391246],[76.9438621,43.2391014],[76.943874,43.2390224]]]},"properties":{"osm_id":1457790103,"osm_type":"way","name":"","address":"Бәйсейітова көшесі, 20/14","source":"OpenStreetMap","source_url":"https://www.openstreetmap.org/way/1457790103","building":"apartments","levels":3,"height":9,"height_source":"estimated:osm_building_levels_x_3m","height_estimated":true,"min_height":0}},{"type":"Feature","id":"way/51267916","geometry":{"type":"Polygon","coordinates":[[[76.9414732,43.242679],[76.9414968,43.24251],[76.9415778,43.242516],[76.9416606,43.2425222],[76.9416486,43.2426084],[76.941637,43.2426911],[76.9414732,43.242679]]]},"properties":{"osm_id":51267916,"osm_type":"way","name":"","address":"Желтоқсан көшесі, 168","source":"OpenStreetMap","source_url":"https://www.openstreetmap.org/way/51267916","building":"apartments","levels":4,"height":14,"height_source":"osm:height","height_estimated":false,"min_height":0}},{"type":"Feature","id":"way/51008069","geometry":{"type":"Polygon","coordinates":[[[76.9426746,43.2470891],[76.9427767,43.2462784],[76.9429454,43.2462896],[76.9429297,43.2464144],[76.9429127,43.2465494],[76.9428905,43.2467262],[76.9428736,43.24686],[76.9428563,43.2469979],[76.9428434,43.2471004],[76.9426746,43.2470891]]]},"properties":{"osm_id":51008069,"osm_type":"way","name":"","address":"Абылай Хан даңғылы, 104","source":"OpenStreetMap","source_url":"https://www.openstreetmap.org/way/51008069","building":"apartments","levels":5,"height":17,"height_source":"osm:height","height_estimated":false,"min_height":0}},{"type":"Feature","id":"way/51008107","geometry":{"type":"Polygon","coordinates":[[[76.9404976,43.2508714],[76.9405093,43.250762],[76.9404648,43.2507595],[76.940469,43.2507204],[76.9404715,43.2506968],[76.9404841,43.250579],[76.940494,43.2504861],[76.9405039,43.2503931],[76.9406898,43.2504035],[76.9406805,43.2504913],[76.9406624,43.2506615],[76.9406508,43.2507703],[76.9409749,43.2507908],[76.9409558,43.2509204],[76.9406993,43.2509042],[76.9406359,43.2509002],[76.940638,43.2508797],[76.9404976,43.2508714]]]},"properties":{"osm_id":51008107,"osm_type":"way","name":"","address":"Желтоқсан көшесі;Қарасай Батыр көшесі, 134;62","source":"OpenStreetMap","source_url":"https://www.openstreetmap.org/way/51008107","building":"apartments","levels":4,"height":14,"height_source":"osm:height","height_estimated":false,"min_height":0}},{"type":"Feature","id":"way/51008160","geometry":{"type":"Polygon","coordinates":[[[76.9420514,43.2527309],[76.9420688,43.2525954],[76.94216,43.2518843],[76.9424094,43.2519012],[76.9424026,43.2519539],[76.942394,43.252021],[76.9423653,43.2522444],[76.9423295,43.252242],[76.9422822,43.2526096],[76.9422765,43.252654],[76.9422713,43.2526942],[76.9422647,43.2527455],[76.9421673,43.2527388],[76.9421666,43.2527445],[76.9421424,43.252743],[76.9421431,43.2527372],[76.9420514,43.2527309]]]},"properties":{"osm_id":51008160,"osm_type":"way","name":"Казахская национальная консерватория имени Курмангазы","address":"Абылай Хан даңғылы, 86","source":"OpenStreetMap","source_url":"https://www.openstreetmap.org/way/51008160","building":"university","levels":null,"height":12,"height_source":"estimated:display_fallback_12m","height_estimated":true,"min_height":0}},{"type":"Feature","id":"way/50459837","geometry":{"type":"Polygon","coordinates":[[[76.941036,43.2553075],[76.9409682,43.2558446],[76.9409408,43.2560614],[76.9400769,43.2560035],[76.9400971,43.2558435],[76.9407275,43.2558858],[76.9407786,43.2554814],[76.940381,43.2554547],[76.9403996,43.2553077],[76.9408099,43.2553352],[76.9408152,43.2552927],[76.941036,43.2553075]]]},"properties":{"osm_id":50459837,"osm_type":"way","name":"","address":"улица Казыбек Би, 54","source":"OpenStreetMap","source_url":"https://www.openstreetmap.org/way/50459837","building":"office","levels":5,"height":15,"height_source":"estimated:osm_building_levels_x_3m","height_estimated":true,"min_height":0}},{"type":"Feature","id":"way/50655497","geometry":{"type":"Polygon","coordinates":[[[76.9399944,43.2589745],[76.9400003,43.258927],[76.9400161,43.2589281],[76.940029,43.2588251],[76.9400133,43.2588241],[76.9400588,43.2584617],[76.9402653,43.2584734],[76.940244,43.2586306],[76.9402779,43.258633],[76.9402505,43.2588349],[76.9402166,43.2588324],[76.9401956,43.2589876],[76.9399944,43.2589745]]]},"properties":{"osm_id":50655497,"osm_type":"way","name":"Комитет Народного Надзора","address":"Абылай Хан даңғылы, 77","source":"OpenStreetMap","source_url":"https://www.openstreetmap.org/way/50655497","building":"yes","levels":null,"height":12,"height_source":"estimated:display_fallback_12m","height_estimated":true,"min_height":0}},{"type":"Feature","id":"way/51215773","geometry":{"type":"Polygon","coordinates":[[[76.9465012,43.2325794],[76.9465129,43.2324617],[76.946992,43.232487],[76.9470266,43.2321386],[76.9467301,43.232123],[76.9467406,43.2320169],[76.9472728,43.232045],[76.9472159,43.2326171],[76.9465012,43.2325794]]]},"properties":{"osm_id":51215773,"osm_type":"way","name":"","address":"Панфилов көшесі, 205","source":"OpenStreetMap","source_url":"https://www.openstreetmap.org/way/51215773","building":"school","levels":3,"height":9,"height_source":"estimated:osm_building_levels_x_3m","height_estimated":true,"min_height":0}},{"type":"Feature","id":"way/1457521877","geometry":{"type":"Polygon","coordinates":[[[76.9470232,43.2336083],[76.9470579,43.2336103],[76.9470978,43.2336126],[76.9470899,43.2336861],[76.9470152,43.2336818],[76.9470232,43.2336083]]]},"properties":{"osm_id":1457521877,"osm_type":"way","name":"","address":"","source":"OpenStreetMap","source_url":"https://www.openstreetmap.org/way/1457521877","building":"yes","levels":1,"height":3,"height_source":"estimated:osm_building_levels_x_3m","height_estimated":true,"min_height":0}},{"type":"Feature","id":"way/1456902023","geometry":{"type":"Polygon","coordinates":[[[76.9461484,43.2380197],[76.9461406,43.2380099],[76.9461385,43.237997],[76.946147,43.2379557],[76.9461533,43.237948],[76.9461633,43.2379459],[76.9462411,43.2379516],[76.9462503,43.2379583],[76.946256,43.2379666],[76.9462574,43.237982],[76.9462503,43.2380052],[76.9462362,43.2380336],[76.9462227,43.2380506],[76.9462149,43.2380553],[76.9462057,43.2380553],[76.9461972,43.2380511],[76.9461484,43.2380197]]]},"properties":{"osm_id":1456902023,"osm_type":"way","name":"","address":"","source":"OpenStreetMap","source_url":"https://www.openstreetmap.org/way/1456902023","building":"yes","levels":null,"height":3,"height_source":"osm:height","height_estimated":false,"min_height":0}},{"type":"Feature","id":"way/1457790024","geometry":{"type":"Polygon","coordinates":[[[76.9483433,43.2391773],[76.9475796,43.2391291],[76.9475465,43.2393832],[76.9471533,43.2393588],[76.9470937,43.2393551],[76.94711,43.239189],[76.9471187,43.2391],[76.9468021,43.23908],[76.9463821,43.2393379],[76.9463887,43.2393434],[76.9463944,43.2393481],[76.9463075,43.2394028],[76.9462956,43.2393924],[76.9461339,43.2394933],[76.9458892,43.2394777],[76.9458911,43.2394617],[76.9459079,43.2393164],[76.9460984,43.239198],[76.9461921,43.2391409],[76.9466294,43.2388739],[76.9466517,43.2388603],[76.9467289,43.2388658],[76.9467328,43.2388998],[76.9484812,43.239012],[76.9484624,43.2391996],[76.9483417,43.2391937],[76.9483425,43.2391859],[76.9483433,43.2391773]]]},"properties":{"osm_id":1457790024,"osm_type":"way","name":"Бизнес Центр \"Республика\"","address":"Қаныш Сәтбаев көшесі, 13","source":"OpenStreetMap","source_url":"https://www.openstreetmap.org/way/1457790024","building":"retail","levels":null,"height":12,"height_source":"estimated:display_fallback_12m","height_estimated":true,"min_height":0}},{"type":"Feature","id":"way/51267938","geometry":{"type":"Polygon","coordinates":[[[76.9466717,43.2435305],[76.9466906,43.2433733],[76.9467418,43.2429471],[76.9469847,43.2429625],[76.9469747,43.2430454],[76.9469621,43.2431505],[76.946949,43.2432597],[76.9469341,43.2433838],[76.9469273,43.2434408],[76.9470377,43.2434478],[76.9470448,43.2433889],[76.9471387,43.2433949],[76.9473953,43.2434112],[76.9475067,43.2434183],[76.9474843,43.243605],[76.9470199,43.2435754],[76.9470226,43.2435528],[76.9466717,43.2435305]]]},"properties":{"osm_id":51267938,"osm_type":"way","name":"","address":"Панфилов көшесі, 158","source":"OpenStreetMap","source_url":"https://www.openstreetmap.org/way/51267938","building":"apartments","levels":5,"height":17,"height_source":"osm:height","height_estimated":false,"min_height":0}},{"type":"Feature","id":"way/51008096","geometry":{"type":"Polygon","coordinates":[[[76.9474277,43.2466089],[76.9474179,43.2466853],[76.9473864,43.2467342],[76.947301,43.2467285],[76.9470395,43.2467108],[76.9468401,43.2466973],[76.9465336,43.2466767],[76.9464388,43.2466702],[76.9464528,43.2465598],[76.9464549,43.2465434],[76.9474277,43.2466089]]]},"properties":{"osm_id":51008096,"osm_type":"way","name":"","address":"Шевченко көшесі, 51","source":"OpenStreetMap","source_url":"https://www.openstreetmap.org/way/51008096","building":"apartments","levels":3,"height":11,"height_source":"osm:height","height_estimated":false,"min_height":0}},{"type":"Feature","id":"way/51008162","geometry":{"type":"Polygon","coordinates":[[[76.9458833,43.2500407],[76.9459012,43.2499123],[76.9471037,43.2500011],[76.9470841,43.250142],[76.9469617,43.250133],[76.9469113,43.2501293],[76.9466981,43.2501136],[76.9464669,43.2500966],[76.9462581,43.2500812],[76.9460611,43.2500667],[76.9460055,43.2500625],[76.9459958,43.250132],[76.9459752,43.2502808],[76.945963,43.2503683],[76.9457841,43.2503551],[76.9458283,43.2500367],[76.9458833,43.2500407]]]},"properties":{"osm_id":51008162,"osm_type":"way","name":"","address":"Қабанбай батыр көшесі, 83","source":"OpenStreetMap","source_url":"https://www.openstreetmap.org/way/51008162","building":"apartments","levels":4,"height":14,"height_source":"osm:height","height_estimated":false,"min_height":0}},{"type":"Feature","id":"way/50898884","geometry":{"type":"Polygon","coordinates":[[[76.947469,43.2524902],[76.9474805,43.2524068],[76.947504,43.2522375],[76.9475155,43.2521545],[76.9475667,43.2521583],[76.9475775,43.2520803],[76.9475901,43.2519902],[76.947544,43.2519868],[76.9475561,43.2518994],[76.9475795,43.2517315],[76.9475904,43.2516527],[76.9477499,43.2516644],[76.9477082,43.2519643],[76.9477584,43.251968],[76.9477295,43.252176],[76.9476752,43.252172],[76.9476295,43.252502],[76.947469,43.2524902]]]},"properties":{"osm_id":50898884,"osm_type":"way","name":"","address":"улица Фурманова, 120","source":"OpenStreetMap","source_url":"https://www.openstreetmap.org/way/50898884","building":"apartments","levels":4,"height":14,"height_source":"osm:height","height_estimated":false,"min_height":0}},{"type":"Feature","id":"way/50898859","geometry":{"type":"Polygon","coordinates":[[[76.9477203,43.2547628],[76.947203,43.2547321],[76.947166,43.2547261],[76.9471308,43.2547178],[76.947094,43.2547027],[76.9470652,43.2546815],[76.9470503,43.2546527],[76.9470461,43.254624],[76.9470929,43.2542682],[76.9473083,43.2542849],[76.9472903,43.2544098],[76.9472518,43.2544602],[76.9472404,43.2545524],[76.9472765,43.2545879],[76.9475922,43.2546098],[76.9476443,43.2546015],[76.9477383,43.2546093],[76.9477203,43.2547628]]]},"properties":{"osm_id":50898859,"osm_type":"way","name":"","address":"Назарбаев даңғылы, 110","source":"OpenStreetMap","source_url":"https://www.openstreetmap.org/way/50898859","building":"hotel","levels":3,"height":11,"height_source":"osm:height","height_estimated":false,"min_height":0}},{"type":"Feature","id":"way/253573687","geometry":{"type":"Polygon","coordinates":[[[76.9474278,43.2577886],[76.9474426,43.2576717],[76.9478775,43.2577012],[76.9478628,43.2578181],[76.9477582,43.257811],[76.9475135,43.2577944],[76.9474278,43.2577886]]]},"properties":{"osm_id":253573687,"osm_type":"way","name":"","address":"Мұқан Төлебаев көшесі, 67","source":"OpenStreetMap","source_url":"https://www.openstreetmap.org/way/253573687","building":"apartments","levels":4,"height":14,"height_source":"osm:height","height_estimated":false,"min_height":0}},{"type":"Feature","id":"way/235261836","geometry":{"type":"Polygon","coordinates":[[[76.951209,43.230252],[76.9512376,43.230006],[76.9513231,43.2300109],[76.9513396,43.2298832],[76.9520111,43.2299287],[76.9520969,43.2299346],[76.9523289,43.2299503],[76.9522715,43.230392],[76.952267,43.2304268],[76.9520354,43.2304108],[76.952089,43.2299981],[76.9520036,43.2299922],[76.95199,43.230097],[76.951386,43.2300554],[76.9513593,43.230262],[76.951209,43.230252]]]},"properties":{"osm_id":235261836,"osm_type":"way","name":"Казахтелеком","address":"Назарбаев даңғылы, 240А","source":"OpenStreetMap","source_url":"https://www.openstreetmap.org/way/235261836","building":"yes","levels":null,"height":12,"height_source":"estimated:display_fallback_12m","height_estimated":true,"min_height":0}},{"type":"Feature","id":"way/240066531","geometry":{"type":"Polygon","coordinates":[[[76.9515945,43.2356503],[76.9515209,43.235622],[76.9514633,43.2355998],[76.9514515,43.2355912],[76.951444,43.2355779],[76.9514462,43.2355592],[76.951458,43.2355451],[76.9514751,43.2355381],[76.9514902,43.2355396],[76.9515095,43.2355467],[76.951518,43.2355318],[76.9515213,43.235506],[76.9515159,43.2354818],[76.9514998,43.2354333],[76.9514966,43.2354052],[76.9515009,43.2353802],[76.9515127,43.235356],[76.9515331,43.235338],[76.9516443,43.2352699],[76.951791,43.2352815],[76.9517776,43.2353762],[76.9518219,43.2353798],[76.9518187,43.2354032],[76.9517742,43.2353999],[76.9517541,43.2355419],[76.9518013,43.235545],[76.9517983,43.2355689],[76.9517508,43.2355656],[76.9517374,43.2356603],[76.9515945,43.2356503]]]},"properties":{"osm_id":240066531,"osm_type":"way","name":"Салем","address":"36","source":"OpenStreetMap","source_url":"https://www.openstreetmap.org/way/240066531","building":"hotel","levels":null,"height":12,"height_source":"estimated:display_fallback_12m","height_estimated":true,"min_height":0}},{"type":"Feature","id":"way/294960017","geometry":{"type":"Polygon","coordinates":[[[76.9515262,43.2385768],[76.9515552,43.2384204],[76.9516322,43.2384288],[76.9516012,43.2385833],[76.9515262,43.2385768]]]},"properties":{"osm_id":294960017,"osm_type":"way","name":"","address":"","source":"OpenStreetMap","source_url":"https://www.openstreetmap.org/way/294960017","building":"shed","levels":1,"height":3,"height_source":"estimated:osm_building_levels_x_3m","height_estimated":true,"min_height":0}},{"type":"Feature","id":"way/1458827657","geometry":{"type":"Polygon","coordinates":[[[76.9502937,43.240049],[76.9503098,43.2399062],[76.9510106,43.2399481],[76.9509946,43.2400908],[76.9502937,43.240049]]]},"properties":{"osm_id":1458827657,"osm_type":"way","name":"","address":"Абай даңғылы, 8г","source":"OpenStreetMap","source_url":"https://www.openstreetmap.org/way/1458827657","building":"university","levels":1,"height":5,"height_source":"osm:height","height_estimated":false,"min_height":0}},{"type":"Feature","id":"way/51267961","geometry":{"type":"Polygon","coordinates":[[[76.950195,43.2429847],[76.9515477,43.2430705],[76.9515317,43.2432046],[76.9513585,43.2431936],[76.9513158,43.2431909],[76.9511377,43.2431797],[76.9509353,43.2431668],[76.9506913,43.2431514],[76.9504837,43.2431382],[76.9503187,43.2431278],[76.950179,43.2431189],[76.950195,43.2429847]]]},"properties":{"osm_id":51267961,"osm_type":"way","name":"","address":"Абай даңғылы, 27","source":"OpenStreetMap","source_url":"https://www.openstreetmap.org/way/51267961","building":"apartments","levels":4,"height":14,"height_source":"osm:height","height_estimated":false,"min_height":0}},{"type":"Feature","id":"way/51008198","geometry":{"type":"Polygon","coordinates":[[[76.9496761,43.247352],[76.949734,43.2468657],[76.9498822,43.2468755],[76.9498669,43.2469926],[76.9498342,43.2472425],[76.9498187,43.2473614],[76.9496761,43.247352]]]},"properties":{"osm_id":51008198,"osm_type":"way","name":"","address":"Шевченко көшесі, 39, 172","source":"OpenStreetMap","source_url":"https://www.openstreetmap.org/way/51008198","building":"apartments","levels":4,"height":14,"height_source":"osm:height","height_estimated":false,"min_height":0}},{"type":"Feature","id":"way/50898911","geometry":{"type":"Polygon","coordinates":[[[76.9494298,43.2494494],[76.9494436,43.2493244],[76.9498978,43.2493509],[76.949884,43.249476],[76.9497682,43.2494692],[76.9495425,43.249456],[76.9494298,43.2494494]]]},"properties":{"osm_id":50898911,"osm_type":"way","name":"","address":"Төлебаев көшесі, 154","source":"OpenStreetMap","source_url":"https://www.openstreetmap.org/way/50898911","building":"apartments","levels":3,"height":11,"height_source":"osm:height","height_estimated":false,"min_height":0}},{"type":"Feature","id":"way/50898918","geometry":{"type":"Polygon","coordinates":[[[76.9509197,43.2520925],[76.9509358,43.2519736],[76.9520465,43.252053],[76.9520305,43.2521719],[76.9518863,43.2521616],[76.9516963,43.252148],[76.9514774,43.2521324],[76.9512856,43.2521186],[76.9510595,43.2521025],[76.9510317,43.2521005],[76.9509197,43.2520925]]]},"properties":{"osm_id":50898918,"osm_type":"way","name":"","address":"Қонаев көшесі, 108\\99","source":"OpenStreetMap","source_url":"https://www.openstreetmap.org/way/50898918","building":"apartments","levels":4,"height":14,"height_source":"osm:height","height_estimated":false,"min_height":0}},{"type":"Feature","id":"way/50898964","geometry":{"type":"Polygon","coordinates":[[[76.9513458,43.2567485],[76.9514305,43.2560026],[76.951504,43.2560086],[76.95163,43.2560171],[76.9516164,43.256124],[76.9515359,43.2567584],[76.9513458,43.2567485]]]},"properties":{"osm_id":50898964,"osm_type":"way","name":"Общежитие №8","address":"Шоқан Уәлиханов көшесі, 61","source":"OpenStreetMap","source_url":"https://www.openstreetmap.org/way/50898964","building":"dormitory","levels":5,"height":17,"height_source":"osm:height","height_estimated":false,"min_height":0}},{"type":"Feature","id":"way/250146242","geometry":{"type":"Polygon","coordinates":[[[76.9492012,43.2579081],[76.9493116,43.2578812],[76.9494203,43.2577292],[76.9494301,43.2577314],[76.9494536,43.257688],[76.949592,43.2577332],[76.9495771,43.2577641],[76.9496045,43.2577721],[76.949567,43.2580379],[76.9494314,43.2580627],[76.9493559,43.2581694],[76.9493428,43.2581658],[76.9493119,43.2582157],[76.9492942,43.2582107],[76.9493001,43.2581985],[76.9492094,43.2581698],[76.9492033,43.258177],[76.9491201,43.258152],[76.9491564,43.2580217],[76.9491729,43.2580228],[76.9492012,43.2579081]]]},"properties":{"osm_id":250146242,"osm_type":"way","name":"Park View","address":"Қонаев көшесі, 77","source":"OpenStreetMap","source_url":"https://www.openstreetmap.org/way/250146242","building":"commercial","levels":17,"height":51,"height_source":"estimated:osm_building_levels_x_3m","height_estimated":true,"min_height":0}},{"type":"Feature","id":"way/51215810","geometry":{"type":"Polygon","coordinates":[[[76.9550282,43.2296454],[76.9550902,43.2296089],[76.9552758,43.2297761],[76.9553565,43.2298488],[76.9554521,43.2299348],[76.9555855,43.2298528],[76.9556608,43.2298066],[76.9558898,43.2296659],[76.9559456,43.2297263],[76.955916,43.2297838],[76.9559529,43.2298137],[76.9555454,43.2300526],[76.9555255,43.2302128],[76.9554991,43.2304248],[76.9552918,43.2304138],[76.9553328,43.2300321],[76.9549858,43.2297364],[76.9550293,43.2297047],[76.9550282,43.2296454]]]},"properties":{"osm_id":51215810,"osm_type":"way","name":"ЖК \"Samal Towers\"","address":"33А","source":"OpenStreetMap","source_url":"https://www.openstreetmap.org/way/51215810","building":"apartments","levels":20,"height":60,"height_source":"estimated:osm_building_levels_x_3m","height_estimated":true,"min_height":0}},{"type":"Feature","id":"way/1449334173","geometry":{"type":"Polygon","coordinates":[[[76.9531451,43.2343415],[76.9530749,43.234338],[76.9530788,43.2342964],[76.953149,43.2342999],[76.9531451,43.2343415]]]},"properties":{"osm_id":1449334173,"osm_type":"way","name":"Алатауэковтор","address":"","source":"OpenStreetMap","source_url":"https://www.openstreetmap.org/way/1449334173","building":"yes","levels":1,"height":3,"height_source":"estimated:osm_building_levels_x_3m","height_estimated":true,"min_height":0}},{"type":"Feature","id":"way/240066543","geometry":{"type":"Polygon","coordinates":[[[76.9548186,43.2374959],[76.9548914,43.2373711],[76.9556002,43.2375902],[76.9555274,43.2377151],[76.9550479,43.2375668],[76.9548186,43.2374959]]]},"properties":{"osm_id":240066543,"osm_type":"way","name":"","address":"1В","source":"OpenStreetMap","source_url":"https://www.openstreetmap.org/way/240066543","building":"yes","levels":1,"height":4,"height_source":"osm:height","height_estimated":false,"min_height":0}},{"type":"Feature","id":"way/1459001138","geometry":{"type":"Polygon","coordinates":[[[76.9556853,43.2406546],[76.9562055,43.2406989],[76.9561681,43.2409315],[76.9561443,43.2409295],[76.9560924,43.2409251],[76.9560414,43.2409207],[76.955648,43.2408872],[76.9556853,43.2406546]]]},"properties":{"osm_id":1459001138,"osm_type":"way","name":"Библиотека КИМЭП","address":"Достық даңғылы, 2/2","source":"OpenStreetMap","source_url":"https://www.openstreetmap.org/way/1459001138","building":"university","levels":3,"height":13,"height_source":"osm:height","height_estimated":false,"min_height":0}},{"type":"Feature","id":"way/1420967924","geometry":{"type":"Polygon","coordinates":[[[76.9561087,43.243836],[76.9561411,43.2438638],[76.9561663,43.2438946],[76.9561825,43.2439289],[76.9561931,43.243964],[76.9561953,43.2440006],[76.9561904,43.2440645],[76.9561668,43.2440599],[76.9561586,43.2441259],[76.9561927,43.2441405],[76.9561883,43.2441888],[76.9561525,43.2441755],[76.9561497,43.2441981],[76.9561425,43.2442561],[76.9561341,43.244324],[76.9559032,43.2443089],[76.9558458,43.2443051],[76.9556105,43.2442896],[76.9556289,43.2441411],[76.9555963,43.2441473],[76.9556012,43.2441015],[76.955635,43.2440916],[76.9556432,43.2440255],[76.9556147,43.2440289],[76.9556207,43.2439801],[76.9556219,43.2439698],[76.9556254,43.2439536],[76.9555324,43.2439324],[76.9555745,43.243875],[76.9556215,43.243811],[76.9556895,43.2438497],[76.9557183,43.2438283],[76.9557581,43.2438069],[76.9557981,43.2437922],[76.9558415,43.2437818],[76.955887,43.2437763],[76.9559314,43.2437769],[76.955981,43.2437838],[76.9560272,43.2437951],[76.9560702,43.2438137],[76.9561087,43.243836]]]},"properties":{"osm_id":1420967924,"osm_type":"way","name":"Caspian University","address":"85 А","source":"OpenStreetMap","source_url":"https://www.openstreetmap.org/way/1420967924","building":"university","levels":null,"height":12,"height_source":"estimated:display_fallback_12m","height_estimated":true,"min_height":0}},{"type":"Feature","id":"way/27054597","geometry":{"type":"Polygon","coordinates":[[[76.9552357,43.2471469],[76.9556653,43.247184],[76.9556394,43.2473427],[76.9555907,43.2473385],[76.9553086,43.2473141],[76.9552099,43.2473056],[76.9552357,43.2471469]]]},"properties":{"osm_id":27054597,"osm_type":"way","name":"","address":"Шевченко көшесі, 15","source":"OpenStreetMap","source_url":"https://www.openstreetmap.org/way/27054597","building":"yes","levels":2,"height":6,"height_source":"estimated:osm_building_levels_x_3m","height_estimated":true,"min_height":0}},{"type":"Feature","id":"way/463121484","geometry":{"type":"Polygon","coordinates":[[[76.9538607,43.2506309],[76.9537366,43.2506229],[76.9537562,43.2504611],[76.9540342,43.2504789],[76.9539841,43.2508929],[76.9537457,43.2508776],[76.9537559,43.2507933],[76.9538404,43.2507987],[76.9538607,43.2506309]]]},"properties":{"osm_id":463121484,"osm_type":"way","name":"География и водные ресурсы","address":"Пушкин көшесі, 99","source":"OpenStreetMap","source_url":"https://www.openstreetmap.org/way/463121484","building":"university","levels":1,"height":5,"height_source":"osm:height","height_estimated":false,"min_height":0}},{"type":"Feature","id":"way/50898959","geometry":{"type":"Polygon","coordinates":[[[76.9526063,43.2539889],[76.9526304,43.2538357],[76.9533487,43.2538955],[76.9533246,43.2540488],[76.9526063,43.2539889]]]},"properties":{"osm_id":50898959,"osm_type":"way","name":"РГКП НИИ микробиологии и вирусологии МОН РК","address":"Бөгенбай батыр көшесі, 103","source":"OpenStreetMap","source_url":"https://www.openstreetmap.org/way/50898959","building":"yes","levels":3,"height":11,"height_source":"osm:height","height_estimated":false,"min_height":0}},{"type":"Feature","id":"way/50898958","geometry":{"type":"Polygon","coordinates":[[[76.953411,43.2543072],[76.9534267,43.2542054],[76.9534592,43.2539954],[76.9534747,43.253895],[76.953642,43.2539087],[76.9535784,43.2543209],[76.953411,43.2543072]]]},"properties":{"osm_id":50898958,"osm_type":"way","name":"","address":"","source":"OpenStreetMap","source_url":"https://www.openstreetmap.org/way/50898958","building":"apartments","levels":5,"height":17,"height_source":"osm:height","height_estimated":false,"min_height":0}},{"type":"Feature","id":"way/1458041579","geometry":{"type":"Polygon","coordinates":[[[76.9551932,43.2589662],[76.9552098,43.2588564],[76.9552678,43.2588611],[76.9552512,43.2589708],[76.9551932,43.2589662]]]},"properties":{"osm_id":1458041579,"osm_type":"way","name":"Мемориал Славы","address":"","source":"OpenStreetMap","source_url":"https://www.openstreetmap.org/way/1458041579","building":"yes","levels":1,"height":3,"height_source":"estimated:osm_building_levels_x_3m","height_estimated":true,"min_height":0}},{"type":"Feature","id":"way/51214892","geometry":{"type":"Polygon","coordinates":[[[76.9599065,43.2319536],[76.9599148,43.2319406],[76.9599343,43.2319277],[76.9599254,43.2318918],[76.9599118,43.2318894],[76.9598944,43.2318861],[76.9598777,43.2318749],[76.9598672,43.231863],[76.9598646,43.2318445],[76.9598718,43.2318249],[76.9598956,43.2318095],[76.9599224,43.231803],[76.9599453,43.2318069],[76.9599651,43.2318152],[76.9599914,43.2317895],[76.9599867,43.23178],[76.9599851,43.2317639],[76.9599918,43.2317506],[76.9600086,43.2317388],[76.9600314,43.2317299],[76.9600606,43.2317308],[76.9600846,43.2317447],[76.9600961,43.2317577],[76.9600955,43.2317685],[76.9601468,43.2317799],[76.960161,43.2317678],[76.9601802,43.2317639],[76.9602055,43.2317644],[76.9602235,43.231772],[76.9602364,43.2317818],[76.9602462,43.231796],[76.960243,43.2318145],[76.9602337,43.2318277],[76.9602152,43.2318382],[76.960229,43.2318746],[76.960247,43.231879],[76.9602666,43.2318907],[76.9602782,43.2319054],[76.9602805,43.2319247],[76.9602668,43.2319405],[76.960252,43.231952],[76.960224,43.2319557],[76.9601934,43.2319501],[76.9601585,43.2319733],[76.9601656,43.2319891],[76.9601666,43.232004],[76.9601586,43.2320158],[76.9601462,43.2320233],[76.9601301,43.2320302],[76.9601129,43.232034],[76.9600926,43.2320311],[76.9600735,43.2320215],[76.9600578,43.2320078],[76.9600496,43.232026],[76.9600414,43.2320383],[76.9600291,43.2320421],[76.9600102,43.2320426],[76.9599903,43.2320358],[76.9599803,43.2320255],[76.9599815,43.2320114],[76.9599917,43.231994],[76.959974,43.2320028],[76.9599522,43.2320033],[76.9599334,43.2319995],[76.9599207,43.2319906],[76.9599114,43.2319809],[76.9599062,43.2319668],[76.9599065,43.2319536]]]},"properties":{"osm_id":51214892,"osm_type":"way","name":"Бизнес центр \"Kulan\"","address":"Достық даңғылы, 188","source":"OpenStreetMap","source_url":"https://www.openstreetmap.org/way/51214892","building":"commercial","levels":10,"height":30,"height_source":"estimated:osm_building_levels_x_3m","height_estimated":true,"min_height":0}},{"type":"Feature","id":"way/771828933","geometry":{"type":"Polygon","coordinates":[[[76.9590441,43.2335696],[76.9591084,43.2334088],[76.959621,43.2335176],[76.9595567,43.2336784],[76.9590441,43.2335696]]]},"properties":{"osm_id":771828933,"osm_type":"way","name":"Cafe Leffe","address":"Достық даңғылы, 168/2","source":"OpenStreetMap","source_url":"https://www.openstreetmap.org/way/771828933","building":"yes","levels":1,"height":3,"height_source":"estimated:osm_building_levels_x_3m","height_estimated":true,"min_height":0}},{"type":"Feature","id":"way/1460034389","geometry":{"type":"Polygon","coordinates":[[[76.9559437,43.2370827],[76.956077,43.236863],[76.9563057,43.2369367],[76.9561725,43.2371564],[76.9559437,43.2370827]]]},"properties":{"osm_id":1460034389,"osm_type":"way","name":"","address":"","source":"OpenStreetMap","source_url":"https://www.openstreetmap.org/way/1460034389","building":"yes","levels":1,"height":5,"height_source":"osm:height","height_estimated":false,"min_height":0}},{"type":"Feature","id":"way/1459001136","geometry":{"type":"Polygon","coordinates":[[[76.9566785,43.2410957],[76.9568721,43.2411069],[76.9568307,43.2414853],[76.9568217,43.2415677],[76.9566279,43.2415564],[76.956643,43.2414182],[76.9566615,43.2412497],[76.9566364,43.2412482],[76.9566454,43.2411666],[76.9566706,43.2411681],[76.9566785,43.2410957]]]},"properties":{"osm_id":1459001136,"osm_type":"way","name":"","address":"Достық даңғылы, 87а","source":"OpenStreetMap","source_url":"https://www.openstreetmap.org/way/1459001136","building":"apartments","levels":3,"height":11,"height_source":"osm:height","height_estimated":false,"min_height":0}},{"type":"Feature","id":"way/1420967946","geometry":{"type":"Polygon","coordinates":[[[76.9560297,43.24444],[76.9560435,43.2443441],[76.9561394,43.2443515],[76.9561255,43.2444474],[76.9560297,43.24444]]]},"properties":{"osm_id":1420967946,"osm_type":"way","name":"","address":"Достық даңғылы","source":"OpenStreetMap","source_url":"https://www.openstreetmap.org/way/1420967946","building":"yes","levels":null,"height":1,"height_source":"osm:height","height_estimated":false,"min_height":0}},{"type":"Feature","id":"way/51155747","geometry":{"type":"Polygon","coordinates":[[[76.9590275,43.2471137],[76.9590339,43.2470598],[76.959074,43.2467],[76.9591148,43.2463754],[76.9591376,43.2461826],[76.9593097,43.2461934],[76.9591995,43.2471245],[76.9591203,43.2471195],[76.9590923,43.2471177],[76.9590275,43.2471137]]]},"properties":{"osm_id":51155747,"osm_type":"way","name":"","address":"Қалдаяқов көшесі, 103","source":"OpenStreetMap","source_url":"https://www.openstreetmap.org/way/51155747","building":"apartments","levels":5,"height":17,"height_source":"osm:height","height_estimated":false,"min_height":0}},{"type":"Feature","id":"way/27054563","geometry":{"type":"Polygon","coordinates":[[[76.9585624,43.248907],[76.9585786,43.2487821],[76.9587213,43.248792],[76.9589629,43.2488087],[76.9590762,43.2488165],[76.9590599,43.2489414],[76.9585624,43.248907]]]},"properties":{"osm_id":27054563,"osm_type":"way","name":"","address":"Жамбыл көшесі, 1","source":"OpenStreetMap","source_url":"https://www.openstreetmap.org/way/27054563","building":"apartments","levels":5,"height":15,"height_source":"osm:height","height_estimated":false,"min_height":0}},{"type":"Feature","id":"way/123433139","geometry":{"type":"Polygon","coordinates":[[[76.9585944,43.2532797],[76.9586139,43.2531588],[76.9586353,43.2530256],[76.9586508,43.2529294],[76.9586614,43.2528637],[76.9588058,43.252876],[76.9587829,43.2530184],[76.9587388,43.253292],[76.9585944,43.2532797]]]},"properties":{"osm_id":123433139,"osm_type":"way","name":"","address":"Қалдаяқов көшесі, 51","source":"OpenStreetMap","source_url":"https://www.openstreetmap.org/way/123433139","building":"apartments","levels":5,"height":17,"height_source":"osm:height","height_estimated":false,"min_height":0}},{"type":"Feature","id":"way/50648318","geometry":{"type":"Polygon","coordinates":[[[76.95621,43.2563771],[76.9562652,43.2559224],[76.9565099,43.2559382],[76.9564547,43.2563928],[76.95621,43.2563771]]]},"properties":{"osm_id":50648318,"osm_type":"way","name":"GRV Dostyk","address":"Төле би көшесі, 23А","source":"OpenStreetMap","source_url":"https://www.openstreetmap.org/way/50648318","building":"retail","levels":6,"height":18,"height_source":"estimated:osm_building_levels_x_3m","height_estimated":true,"min_height":0}},{"type":"Feature","id":"way/1462030312","geometry":{"type":"Polygon","coordinates":[[[76.9588609,43.260029],[76.9588488,43.2600552],[76.958826,43.2600774],[76.9587947,43.2600932],[76.9587582,43.2601009],[76.9587202,43.2600999],[76.9586845,43.2600902],[76.9586534,43.2600715],[76.9586326,43.2600463],[76.9586247,43.2600174],[76.9586304,43.2599883],[76.9586491,43.2599623],[76.9586788,43.2599423],[76.9587159,43.2599308],[76.9587562,43.2599289],[76.958795,43.2599369],[76.9588262,43.2599527],[76.958849,43.2599749],[76.958861,43.2600012],[76.9588609,43.260029]]]},"properties":{"osm_id":1462030312,"osm_type":"way","name":"","address":"","source":"OpenStreetMap","source_url":"https://www.openstreetmap.org/way/1462030312","building":"yes","levels":null,"height":7,"height_source":"osm:height","height_estimated":false,"min_height":0}},{"type":"Feature","id":"way/51350382","geometry":{"type":"Polygon","coordinates":[[[76.9217573,43.2313354],[76.9218685,43.2312518],[76.9229246,43.2319973],[76.9228133,43.2320809],[76.9227366,43.2320268],[76.9226404,43.2319588],[76.922481,43.2318463],[76.9224405,43.2318177],[76.9223466,43.2317514],[76.9222447,43.2316795],[76.922126,43.2315957],[76.9220216,43.231522],[76.9218939,43.2314319],[76.9217573,43.2313354]]]},"properties":{"osm_id":51350382,"osm_type":"way","name":"","address":"28","source":"OpenStreetMap","source_url":"https://www.openstreetmap.org/way/51350382","building":"apartments","levels":4,"height":12,"height_source":"estimated:osm_building_levels_x_3m","height_estimated":true,"min_height":0}},{"type":"Feature","id":"way/838531198","geometry":{"type":"Polygon","coordinates":[[[76.9216271,43.2332021],[76.9216363,43.2330159],[76.9216901,43.2329833],[76.9220938,43.2329953],[76.922156,43.2330343],[76.9221548,43.2331448],[76.9218828,43.2331393],[76.9218793,43.2332098],[76.9216271,43.2332021]]]},"properties":{"osm_id":838531198,"osm_type":"way","name":"","address":"Бұқар жырау бульвары, 35/1","source":"OpenStreetMap","source_url":"https://www.openstreetmap.org/way/838531198","building":"yes","levels":2,"height":6,"height_source":"estimated:osm_building_levels_x_3m","height_estimated":true,"min_height":0}},{"type":"Feature","id":"way/1284828311","geometry":{"type":"Polygon","coordinates":[[[76.9215997,43.2365467],[76.9216088,43.2364639],[76.9216609,43.236467],[76.9216667,43.2364139],[76.9216443,43.2364126],[76.9216124,43.2362959],[76.9218581,43.2363102],[76.9218307,43.2365602],[76.9215997,43.2365467]]]},"properties":{"osm_id":1284828311,"osm_type":"way","name":"Tangiers lounge","address":"Қаныш Сәтбаев көшесі, 30/7","source":"OpenStreetMap","source_url":"https://www.openstreetmap.org/way/1284828311","building":"yes","levels":4,"height":12,"height_source":"estimated:osm_building_levels_x_3m","height_estimated":true,"min_height":0}},{"type":"Feature","id":"way/51275837","geometry":{"type":"Polygon","coordinates":[[[76.9218406,43.2404325],[76.9218439,43.2404194],[76.9218412,43.2404078],[76.921832,43.2403975],[76.9218215,43.2403889],[76.9218048,43.24038],[76.9218181,43.240361],[76.9218521,43.2400824],[76.9218689,43.2399446],[76.9218781,43.2398695],[76.9220291,43.2398792],[76.9220837,43.2394323],[76.9221146,43.2391796],[76.9224598,43.239202],[76.9224401,43.2393633],[76.922372,43.2399202],[76.9224203,43.2399233],[76.9224143,43.2399781],[76.9224017,43.2400947],[76.9224566,43.2400973],[76.9224221,43.2404029],[76.9224262,43.2404212],[76.9224097,43.2404241],[76.922394,43.2404306],[76.9223809,43.2404397],[76.9223745,43.2404497],[76.9223714,43.2404647],[76.9223725,43.2404799],[76.9223053,43.2404756],[76.9221187,43.2404635],[76.9219024,43.2404495],[76.9218352,43.2404452],[76.9218406,43.2404325]]]},"properties":{"osm_id":51275837,"osm_type":"way","name":"Центральный Плавательный Бассейн","address":"Абай даңғылы, 48","source":"OpenStreetMap","source_url":"https://www.openstreetmap.org/way/51275837","building":"yes","levels":null,"height":12,"height_source":"estimated:display_fallback_12m","height_estimated":true,"min_height":0}},{"type":"Feature","id":"way/51275996","geometry":{"type":"Polygon","coordinates":[[[76.9202872,43.2430898],[76.9206239,43.2431085],[76.9205993,43.2433441],[76.9204943,43.2433383],[76.9204075,43.244168],[76.9206441,43.2441811],[76.9206256,43.2443582],[76.9201666,43.2443328],[76.920184,43.2441668],[76.9202089,43.2441682],[76.9203094,43.243207],[76.9202751,43.2432051],[76.9202872,43.2430898]]]},"properties":{"osm_id":51275996,"osm_type":"way","name":"","address":"Мұратбаев көшесі, 200","source":"OpenStreetMap","source_url":"https://www.openstreetmap.org/way/51275996","building":"yes","levels":8,"height":24,"height_source":"estimated:osm_building_levels_x_3m","height_estimated":true,"min_height":0}},{"type":"Feature","id":"way/51275935","geometry":{"type":"Polygon","coordinates":[[[76.9199656,43.2477402],[76.9199676,43.2476072],[76.9201576,43.2476087],[76.9201555,43.2477418],[76.9199656,43.2477402]]]},"properties":{"osm_id":51275935,"osm_type":"way","name":"","address":"Мұратбаев көшесі, 174А","source":"OpenStreetMap","source_url":"https://www.openstreetmap.org/way/51275935","building":"yes","levels":9,"height":27,"height_source":"estimated:osm_building_levels_x_3m","height_estimated":true,"min_height":0}},{"type":"Feature","id":"way/51276065","geometry":{"type":"Polygon","coordinates":[[[76.9207305,43.2495518],[76.9207782,43.2490371],[76.9209311,43.2490446],[76.9208835,43.2495593],[76.9207305,43.2495518]]]},"properties":{"osm_id":51276065,"osm_type":"way","name":"","address":"Шагабутдинов көшесі, 103","source":"OpenStreetMap","source_url":"https://www.openstreetmap.org/way/51276065","building":"yes","levels":4,"height":12,"height_source":"estimated:osm_building_levels_x_3m","height_estimated":true,"min_height":0}},{"type":"Feature","id":"way/50877068","geometry":{"type":"Polygon","coordinates":[[[76.9210449,43.2527774],[76.9210584,43.2526599],[76.9219247,43.2527126],[76.9219112,43.2528301],[76.9210449,43.2527774]]]},"properties":{"osm_id":50877068,"osm_type":"way","name":"","address":"Төле Би көшесі, 110","source":"OpenStreetMap","source_url":"https://www.openstreetmap.org/way/50877068","building":"apartments","levels":9,"height":27,"height_source":"estimated:osm_building_levels_x_3m","height_estimated":true,"min_height":0}},{"type":"Feature","id":"way/392624865","geometry":{"type":"Polygon","coordinates":[[[76.9237047,43.2560083],[76.923718,43.255893],[76.9237508,43.2558957],[76.9237569,43.2558427],[76.9238205,43.2558036],[76.9238927,43.2558081],[76.9238946,43.255791],[76.9240464,43.2558003],[76.9240428,43.2558318],[76.9240258,43.255978],[76.9239455,43.2560274],[76.9239197,43.256026],[76.9237047,43.2560083]]]},"properties":{"osm_id":392624865,"osm_type":"way","name":"Ramada Almaty","address":"","source":"OpenStreetMap","source_url":"https://www.openstreetmap.org/way/392624865","building":"yes","levels":null,"height":12,"height_source":"estimated:display_fallback_12m","height_estimated":true,"min_height":0}},{"type":"Feature","id":"way/50876210","geometry":{"type":"Polygon","coordinates":[[[76.9210114,43.2602188],[76.9210409,43.2598941],[76.9212017,43.2599019],[76.9211723,43.2602265],[76.9210114,43.2602188]]]},"properties":{"osm_id":50876210,"osm_type":"way","name":"","address":"Әди Шәріпов көшесі, 21","source":"OpenStreetMap","source_url":"https://www.openstreetmap.org/way/50876210","building":"apartments","levels":5,"height":15,"height_source":"estimated:osm_building_levels_x_3m","height_estimated":true,"min_height":0}},{"type":"Feature","id":"way/51350372","geometry":{"type":"Polygon","coordinates":[[[76.9234559,43.23002],[76.9235698,43.2299326],[76.9246334,43.2306687],[76.9245195,43.2307561],[76.9234559,43.23002]]]},"properties":{"osm_id":51350372,"osm_type":"way","name":"","address":"23","source":"OpenStreetMap","source_url":"https://www.openstreetmap.org/way/51350372","building":"apartments","levels":4,"height":12,"height_source":"estimated:osm_building_levels_x_3m","height_estimated":true,"min_height":0}},{"type":"Feature","id":"way/51350447","geometry":{"type":"Polygon","coordinates":[[[76.9277493,43.2343375],[76.9279781,43.2341654],[76.9280779,43.2342359],[76.9278492,43.2344079],[76.9277493,43.2343375]]]},"properties":{"osm_id":51350447,"osm_type":"way","name":"","address":"улица Римского-Корсакова, 6А","source":"OpenStreetMap","source_url":"https://www.openstreetmap.org/way/51350447","building":"yes","levels":2,"height":6,"height_source":"estimated:osm_building_levels_x_3m","height_estimated":true,"min_height":0}},{"type":"Feature","id":"way/778823183","geometry":{"type":"Polygon","coordinates":[[[76.9272564,43.2364091],[76.9270512,43.2362645],[76.9272149,43.2361394],[76.92742,43.2362762],[76.9272564,43.2364091]]]},"properties":{"osm_id":778823183,"osm_type":"way","name":"I’m","address":"Бұқар жырау бульвары, 14/1","source":"OpenStreetMap","source_url":"https://www.openstreetmap.org/way/778823183","building":"yes","levels":null,"height":12,"height_source":"estimated:display_fallback_12m","height_estimated":true,"min_height":0}},{"type":"Feature","id":"way/51275649","geometry":{"type":"Polygon","coordinates":[[[76.9259945,43.240238],[76.9261443,43.2402476],[76.9261715,43.2400434],[76.9260256,43.240034],[76.9260284,43.2400144],[76.9259612,43.2400106],[76.9259888,43.2398224],[76.926002,43.2397323],[76.9260677,43.2397374],[76.9260857,43.2396103],[76.9261125,43.2394298],[76.9270845,43.239497],[76.9270577,43.2396768],[76.9271049,43.2396807],[76.9270481,43.2400903],[76.9268834,43.2400801],[76.9268405,43.2403911],[76.9268292,43.2404841],[76.9267053,43.2404767],[76.9264738,43.2404595],[76.9262423,43.2404423],[76.9262155,43.2404405],[76.9261994,43.2405757],[76.9259494,43.24056],[76.9259945,43.240238]]]},"properties":{"osm_id":51275649,"osm_type":"way","name":"Дворец Спорта им. Балуана Шолака","address":"Абай даңғылы, 44","source":"OpenStreetMap","source_url":"https://www.openstreetmap.org/way/51275649","building":"yes","levels":null,"height":12,"height_source":"estimated:display_fallback_12m","height_estimated":true,"min_height":0}},{"type":"Feature","id":"way/51275902","geometry":{"type":"Polygon","coordinates":[[[76.9265609,43.2445765],[76.9264169,43.2445674],[76.9258803,43.2445338],[76.9258941,43.2444173],[76.9264185,43.2444502],[76.9264608,43.2440923],[76.9266169,43.2441021],[76.9265609,43.2445765]]]},"properties":{"osm_id":51275902,"osm_type":"way","name":"","address":"Шевченко көшесі, 118","source":"OpenStreetMap","source_url":"https://www.openstreetmap.org/way/51275902","building":"commercial","levels":4,"height":12,"height_source":"estimated:osm_building_levels_x_3m","height_estimated":true,"min_height":0}},{"type":"Feature","id":"way/51276053","geometry":{"type":"Polygon","coordinates":[[[76.9240797,43.2451759],[76.9240967,43.2450482],[76.924416,43.2450708],[76.9243989,43.2451985],[76.9240797,43.2451759]]]},"properties":{"osm_id":51276053,"osm_type":"way","name":"","address":"Шевченко көшесі, 111","source":"OpenStreetMap","source_url":"https://www.openstreetmap.org/way/51276053","building":"yes","levels":12,"height":36,"height_source":"estimated:osm_building_levels_x_3m","height_estimated":true,"min_height":0}},{"type":"Feature","id":"way/50878508","geometry":{"type":"Polygon","coordinates":[[[76.924348,43.2504309],[76.924368,43.250281],[76.9250296,43.2503278],[76.9250096,43.2504777],[76.9246954,43.2504554],[76.9246433,43.2504518],[76.924348,43.2504309]]]},"properties":{"osm_id":50878508,"osm_type":"way","name":"","address":"Қарасай Батыр көшесі, 109А","source":"OpenStreetMap","source_url":"https://www.openstreetmap.org/way/50878508","building":"yes","levels":5,"height":15,"height_source":"estimated:osm_building_levels_x_3m","height_estimated":true,"min_height":0}},{"type":"Feature","id":"way/50876607","geometry":{"type":"Polygon","coordinates":[[[76.9262582,43.2539867],[76.9262754,43.2538493],[76.9271981,43.2538998],[76.9271835,43.2540394],[76.9262582,43.2539867]]]},"properties":{"osm_id":50876607,"osm_type":"way","name":"","address":"Төле Би көшесі, 99","source":"OpenStreetMap","source_url":"https://www.openstreetmap.org/way/50876607","building":"yes","levels":2,"height":6,"height_source":"estimated:osm_building_levels_x_3m","height_estimated":true,"min_height":0}},{"type":"Feature","id":"way/50876713","geometry":{"type":"Polygon","coordinates":[[[76.9265772,43.2547223],[76.9271194,43.2547591],[76.9271712,43.2543545],[76.9273794,43.2543687],[76.9273276,43.254773],[76.9277174,43.2547995],[76.9277319,43.254686],[76.9278762,43.2546958],[76.9278229,43.2551123],[76.9276735,43.2551022],[76.9276956,43.25493],[76.9272095,43.254897],[76.9267161,43.2548635],[76.9266944,43.255033],[76.9265388,43.2550225],[76.9265772,43.2547223]]]},"properties":{"osm_id":50876713,"osm_type":"way","name":"НИИ Глазных болезней","address":"Төле Би көшесі, 95А","source":"OpenStreetMap","source_url":"https://www.openstreetmap.org/way/50876713","building":"university","levels":null,"height":12,"height_source":"estimated:display_fallback_12m","height_estimated":true,"min_height":0}},{"type":"Feature","id":"way/50875664","geometry":{"type":"Polygon","coordinates":[[[76.9257711,43.2595861],[76.9257741,43.2594555],[76.9259354,43.2594574],[76.9259325,43.259588],[76.9257711,43.2595861]]]},"properties":{"osm_id":50875664,"osm_type":"way","name":"","address":"Байтұрсынұлы көшесі, 12","source":"OpenStreetMap","source_url":"https://www.openstreetmap.org/way/50875664","building":"yes","levels":4,"height":12,"height_source":"estimated:osm_building_levels_x_3m","height_estimated":true,"min_height":0}},{"type":"Feature","id":"way/241268747","geometry":{"type":"Polygon","coordinates":[[[76.9287922,43.2308484],[76.9289407,43.230954],[76.9287311,43.2311104],[76.9285827,43.2310047],[76.9287922,43.2308484]]]},"properties":{"osm_id":241268747,"osm_type":"way","name":"","address":"улица Маркова, 33","source":"OpenStreetMap","source_url":"https://www.openstreetmap.org/way/241268747","building":"apartments","levels":2,"height":6,"height_source":"estimated:osm_building_levels_x_3m","height_estimated":true,"min_height":0}},{"type":"Feature","id":"way/41462588","geometry":{"type":"Polygon","coordinates":[[[76.9307222,43.2346614],[76.9307437,43.2345183],[76.9324183,43.2346519],[76.9323976,43.23479],[76.9323696,43.2347877],[76.9323429,43.2349655],[76.9319665,43.2349355],[76.9319739,43.2348859],[76.9319806,43.2348416],[76.9319917,43.2347678],[76.9309009,43.2346808],[76.930892,43.2347398],[76.9310005,43.2347506],[76.9309734,43.2348943],[76.930552,43.2348596],[76.9305812,43.2347219],[76.9307927,43.2347378],[76.9308032,43.2346679],[76.9307222,43.2346614]]]},"properties":{"osm_id":41462588,"osm_type":"way","name":"АУЭС, здание корпуса A","address":"Байтұрсынұлы көшесі, 126","source":"OpenStreetMap","source_url":"https://www.openstreetmap.org/way/41462588","building":"university","levels":null,"height":12,"height_source":"estimated:display_fallback_12m","height_estimated":true,"min_height":0}},{"type":"Feature","id":"way/51268757","geometry":{"type":"Polygon","coordinates":[[[76.931514,43.2380116],[76.9315493,43.2376998],[76.931709,43.2377094],[76.9316737,43.2380212],[76.931514,43.2380116]]]},"properties":{"osm_id":51268757,"osm_type":"way","name":"","address":"","source":"OpenStreetMap","source_url":"https://www.openstreetmap.org/way/51268757","building":"apartments","levels":4,"height":12,"height_source":"estimated:osm_building_levels_x_3m","height_estimated":true,"min_height":0}},{"type":"Feature","id":"way/51268752","geometry":{"type":"Polygon","coordinates":[[[76.9312293,43.2398042],[76.9313196,43.2391306],[76.9315056,43.2391438],[76.9314153,43.2398174],[76.9312293,43.2398042]]]},"properties":{"osm_id":51268752,"osm_type":"way","name":"","address":"Масанчи көшесі, 100","source":"OpenStreetMap","source_url":"https://www.openstreetmap.org/way/51268752","building":"yes","levels":4,"height":12,"height_source":"estimated:osm_building_levels_x_3m","height_estimated":true,"min_height":0}},{"type":"Feature","id":"way/51268825","geometry":{"type":"Polygon","coordinates":[[[76.9315415,43.2432419],[76.9315248,43.2434062],[76.9308308,43.2433528],[76.9308789,43.2429824],[76.9310729,43.2429926],[76.9310543,43.2432136],[76.9315415,43.2432419]]]},"properties":{"osm_id":51268825,"osm_type":"way","name":"","address":"Масанчи көшесі, 90","source":"OpenStreetMap","source_url":"https://www.openstreetmap.org/way/51268825","building":"yes","levels":3,"height":9,"height_source":"estimated:osm_building_levels_x_3m","height_estimated":true,"min_height":0}},{"type":"Feature","id":"way/51268831","geometry":{"type":"Polygon","coordinates":[[[76.931182,43.2449375],[76.9315325,43.2449571],[76.9315132,43.2451411],[76.931383,43.2451339],[76.9313897,43.2450696],[76.9312527,43.245062],[76.9312467,43.2451193],[76.9311634,43.2451147],[76.931182,43.2449375]]]},"properties":{"osm_id":51268831,"osm_type":"way","name":"","address":"Шевченко көшесі, 106А","source":"OpenStreetMap","source_url":"https://www.openstreetmap.org/way/51268831","building":"yes","levels":2,"height":6,"height_source":"estimated:osm_building_levels_x_3m","height_estimated":true,"min_height":0}},{"type":"Feature","id":"way/51008043","geometry":{"type":"Polygon","coordinates":[[[76.9305715,43.2491059],[76.9304843,43.2489799],[76.9307731,43.2488899],[76.9315626,43.2489373],[76.9315353,43.2490813],[76.9307978,43.2490302],[76.9305715,43.2491059]]]},"properties":{"osm_id":51008043,"osm_type":"way","name":"","address":"Қабанбай Батыр көшесі, 109","source":"OpenStreetMap","source_url":"https://www.openstreetmap.org/way/51008043","building":"apartments","levels":5,"height":15,"height_source":"estimated:osm_building_levels_x_3m","height_estimated":true,"min_height":0}},{"type":"Feature","id":"way/50878535","geometry":{"type":"Polygon","coordinates":[[[76.928765,43.2523836],[76.9287947,43.2523222],[76.9288358,43.2519784],[76.9287372,43.2519722],[76.9287336,43.2520025],[76.9283925,43.2519809],[76.9284104,43.2518312],[76.9284146,43.2517956],[76.9287549,43.2518172],[76.928746,43.2518911],[76.9288482,43.2518976],[76.9288751,43.2516723],[76.9290696,43.2516847],[76.9290545,43.2518606],[76.9291581,43.2518655],[76.9291395,43.252011],[76.9290314,43.2520041],[76.9290271,43.2520399],[76.928985,43.2523923],[76.9289307,43.2523888],[76.9289138,43.2525298],[76.9287487,43.2525194],[76.928765,43.2523836]]]},"properties":{"osm_id":50878535,"osm_type":"way","name":"Казахский национальный колледж имени Аль-Фараби","address":"Масанчи көшесі, 39","source":"OpenStreetMap","source_url":"https://www.openstreetmap.org/way/50878535","building":"university","levels":3,"height":9,"height_source":"estimated:osm_building_levels_x_3m","height_estimated":true,"min_height":0}},{"type":"Feature","id":"way/50876711","geometry":{"type":"Polygon","coordinates":[[[76.9304525,43.2554158],[76.930514,43.2548975],[76.9304329,43.2548924],[76.9304638,43.2546319],[76.930533,43.2546362],[76.9305734,43.2542958],[76.9299186,43.2542547],[76.9298864,43.2544858],[76.929665,43.2544719],[76.9296987,43.2542282],[76.9295524,43.254219],[76.929547,43.2542646],[76.9293457,43.2542519],[76.9293504,43.2542122],[76.9290518,43.2541934],[76.9290587,43.2541353],[76.9286783,43.2541114],[76.9286708,43.2541814],[76.9274782,43.2541032],[76.9274984,43.2539077],[76.9281426,43.2539499],[76.9286912,43.2539859],[76.9286842,43.2540622],[76.9290622,43.254086],[76.9290663,43.2540513],[76.9296252,43.2540864],[76.9296312,43.2540356],[76.9299988,43.2540588],[76.9299922,43.2541146],[76.9306174,43.2541539],[76.9306053,43.2542558],[76.9307184,43.2542629],[76.930656,43.2547898],[76.9305994,43.2552672],[76.9306767,43.255272],[76.9306581,43.2554288],[76.9304525,43.2554158]]]},"properties":{"osm_id":50876711,"osm_type":"way","name":"БСМП","address":"Төле Би көшесі, 93","source":"OpenStreetMap","source_url":"https://www.openstreetmap.org/way/50876711","building":"hospital","levels":null,"height":12,"height_source":"estimated:display_fallback_12m","height_estimated":true,"min_height":0}},{"type":"Feature","id":"way/50876697","geometry":{"type":"Polygon","coordinates":[[[76.9320875,43.257968],[76.9318757,43.2579512],[76.9319124,43.2577064],[76.9315698,43.2576791],[76.9315926,43.2575266],[76.932147,43.2575707],[76.9320875,43.257968]]]},"properties":{"osm_id":50876697,"osm_type":"way","name":"","address":"Сейфуллин даңғылы, 519","source":"OpenStreetMap","source_url":"https://www.openstreetmap.org/way/50876697","building":"yes","levels":2,"height":6,"height_source":"estimated:osm_building_levels_x_3m","height_estimated":true,"min_height":0}},{"type":"Feature","id":"way/51350433","geometry":{"type":"Polygon","coordinates":[[[76.9331559,43.2309458],[76.932659,43.2305306],[76.9328033,43.2304389],[76.9328581,43.2304041],[76.9330656,43.2305775],[76.9331058,43.2305875],[76.9331449,43.2306089],[76.9331675,43.2306382],[76.9331683,43.2306633],[76.933355,43.2308193],[76.9331559,43.2309458]]]},"properties":{"osm_id":51350433,"osm_type":"way","name":"","address":"улица Тимирязева, 15Б","source":"OpenStreetMap","source_url":"https://www.openstreetmap.org/way/51350433","building":"commercial","levels":4,"height":12,"height_source":"estimated:osm_building_levels_x_3m","height_estimated":true,"min_height":0}},{"type":"Feature","id":"way/1284828315","geometry":{"type":"Polygon","coordinates":[[[76.9355874,43.2357289],[76.9352871,43.2355157],[76.9355853,43.2352794],[76.9356726,43.2353346],[76.9358473,43.2354452],[76.9357787,43.2355056],[76.9358284,43.2355394],[76.9355874,43.2357289]]]},"properties":{"osm_id":1284828315,"osm_type":"way","name":"Element Tower","address":"Улица Политехническая, 2","source":"OpenStreetMap","source_url":"https://www.openstreetmap.org/way/1284828315","building":"office","levels":null,"height":12,"height_source":"estimated:display_fallback_12m","height_estimated":true,"min_height":0}},{"type":"Feature","id":"way/51268772","geometry":{"type":"Polygon","coordinates":[[[76.9335603,43.2380186],[76.9335863,43.2377798],[76.9342754,43.2378196],[76.9342593,43.2379676],[76.933736,43.2379374],[76.9337261,43.2380282],[76.9335603,43.2380186]]]},"properties":{"osm_id":51268772,"osm_type":"way","name":"","address":"Қаныш Сәтбаев көшесі, 7","source":"OpenStreetMap","source_url":"https://www.openstreetmap.org/way/51268772","building":"yes","levels":2,"height":6,"height_source":"estimated:osm_building_levels_x_3m","height_estimated":true,"min_height":0}},{"type":"Feature","id":"way/51268748","geometry":{"type":"Polygon","coordinates":[[[76.9348917,43.2397968],[76.9349383,43.2393606],[76.9349142,43.2393593],[76.934921,43.2392952],[76.9350007,43.2392997],[76.935019,43.2391281],[76.9351751,43.2391369],[76.9351564,43.2393128],[76.9353056,43.2393212],[76.9353172,43.2392131],[76.935495,43.2392231],[76.9354843,43.2393235],[76.935559,43.2393278],[76.9355427,43.239481],[76.9354091,43.2394734],[76.935418,43.2393898],[76.9353072,43.2393835],[76.9352964,43.239485],[76.9351508,43.2394768],[76.9351634,43.2393584],[76.9351054,43.2393551],[76.9350572,43.2398062],[76.9348917,43.2397968]]]},"properties":{"osm_id":51268748,"osm_type":"way","name":"","address":"Сейфуллин даңғылы, 544","source":"OpenStreetMap","source_url":"https://www.openstreetmap.org/way/51268748","building":"yes","levels":3,"height":9,"height_source":"estimated:osm_building_levels_x_3m","height_estimated":true,"min_height":0}},{"type":"Feature","id":"way/51267827","geometry":{"type":"Polygon","coordinates":[[[76.9345901,43.2420605],[76.9346017,43.2419456],[76.9350258,43.2419682],[76.9350143,43.2420831],[76.9345901,43.2420605]]]},"properties":{"osm_id":51267827,"osm_type":"way","name":"","address":"Абай даңғылы, 65","source":"OpenStreetMap","source_url":"https://www.openstreetmap.org/way/51267827","building":"apartments","levels":4,"height":12,"height_source":"estimated:osm_building_levels_x_3m","height_estimated":true,"min_height":0}},{"type":"Feature","id":"way/49685274","geometry":{"type":"Polygon","coordinates":[[[76.9333817,43.2451062],[76.933609,43.2452905],[76.9329098,43.2452543],[76.9329266,43.2450827],[76.9333817,43.2451062]]]},"properties":{"osm_id":49685274,"osm_type":"way","name":"","address":"Шевченко көшесі, 100","source":"OpenStreetMap","source_url":"https://www.openstreetmap.org/way/49685274","building":"yes","levels":2,"height":6,"height_source":"estimated:osm_building_levels_x_3m","height_estimated":true,"min_height":0}},{"type":"Feature","id":"way/50878575","geometry":{"type":"Polygon","coordinates":[[[76.9324743,43.2507861],[76.9324891,43.2506502],[76.9329049,43.2506743],[76.9328626,43.2510609],[76.9326671,43.2510495],[76.9326945,43.2507988],[76.9324743,43.2507861]]]},"properties":{"osm_id":50878575,"osm_type":"way","name":"","address":"Сейфуллин даңғылы, 555","source":"OpenStreetMap","source_url":"https://www.openstreetmap.org/way/50878575","building":"yes","levels":3,"height":9,"height_source":"estimated:osm_building_levels_x_3m","height_estimated":true,"min_height":0}},{"type":"Feature","id":"way/50878590","geometry":{"type":"Polygon","coordinates":[[[76.9348027,43.2527487],[76.9348182,43.2525969],[76.9352451,43.2526199],[76.9352323,43.2527718],[76.9348027,43.2527487]]]},"properties":{"osm_id":50878590,"osm_type":"way","name":"прокуратура Жетысуйского района","address":"Бөгенбай Батыр көшесі, 145","source":"OpenStreetMap","source_url":"https://www.openstreetmap.org/way/50878590","building":"yes","levels":4,"height":12,"height_source":"estimated:osm_building_levels_x_3m","height_estimated":true,"min_height":0}},{"type":"Feature","id":"way/50876703","geometry":{"type":"Polygon","coordinates":[[[76.9328217,43.2559706],[76.9328354,43.2558345],[76.9341604,43.2559052],[76.9342714,43.2559111],[76.9342577,43.256047],[76.9328217,43.2559706]]]},"properties":{"osm_id":50876703,"osm_type":"way","name":"","address":"Сейфуллин даңғылы, 470","source":"OpenStreetMap","source_url":"https://www.openstreetmap.org/way/50876703","building":"apartments","levels":4,"height":12,"height_source":"estimated:osm_building_levels_x_3m","height_estimated":true,"min_height":0}},{"type":"Feature","id":"way/50655448","geometry":{"type":"Polygon","coordinates":[[[76.9356163,43.2581053],[76.9354841,43.2580966],[76.9355126,43.257866],[76.9353691,43.2578572],[76.9353825,43.2577485],[76.9356582,43.2577659],[76.9356163,43.2581053]]]},"properties":{"osm_id":50655448,"osm_type":"way","name":"","address":"Наурызбай Батыр көшесі, 47","source":"OpenStreetMap","source_url":"https://www.openstreetmap.org/way/50655448","building":"apartments","levels":4,"height":12,"height_source":"estimated:osm_building_levels_x_3m","height_estimated":true,"min_height":0}},{"type":"Feature","id":"way/1458437908","geometry":{"type":"Polygon","coordinates":[[[76.9381299,43.2299275],[76.9381676,43.2299021],[76.9381498,43.2298867],[76.9382246,43.2298365],[76.9382431,43.2298512],[76.9382808,43.2298257],[76.9383499,43.2298801],[76.9383723,43.2298647],[76.9384393,43.2299197],[76.9384836,43.229956],[76.9385063,43.2299747],[76.9384881,43.2299889],[76.9385571,43.2300432],[76.9385194,43.2300687],[76.9385354,43.2300825],[76.9384601,43.2301327],[76.9384439,43.2301196],[76.9384062,43.230145],[76.9383371,43.2300906],[76.9383196,43.2301031],[76.9382504,43.2300491],[76.9381813,43.2299951],[76.938199,43.2299819],[76.9381299,43.2299275]]]},"properties":{"osm_id":1458437908,"osm_type":"way","name":"","address":"Сейфуллин даңғылы, 574/1","source":"OpenStreetMap","source_url":"https://www.openstreetmap.org/way/1458437908","building":"apartments","levels":22,"height":66,"height_source":"estimated:osm_building_levels_x_3m","height_estimated":true,"min_height":0}},{"type":"Feature","id":"way/314480713","geometry":{"type":"Polygon","coordinates":[[[76.9387693,43.2339419],[76.9383115,43.2337748],[76.938337,43.2337295],[76.9381327,43.233653],[76.9381552,43.2335151],[76.9382658,43.2335042],[76.9383276,43.2335206],[76.9383108,43.2335493],[76.9384625,43.2336175],[76.93859,43.233653],[76.9387586,43.2337308],[76.9388654,43.2337991],[76.9389535,43.2338305],[76.9389704,43.2338797],[76.9389412,43.2339568],[76.9387984,43.2339018],[76.9387693,43.2339419]]]},"properties":{"osm_id":314480713,"osm_type":"way","name":"","address":"улица Тимирязева, 1","source":"OpenStreetMap","source_url":"https://www.openstreetmap.org/way/314480713","building":"yes","levels":2,"height":6,"height_source":"estimated:osm_building_levels_x_3m","height_estimated":true,"min_height":0}},{"type":"Feature","id":"way/51268797","geometry":{"type":"Polygon","coordinates":[[[76.9375964,43.2375932],[76.93761,43.2374796],[76.9382972,43.2375234],[76.9382836,43.2376371],[76.9375964,43.2375932]]]},"properties":{"osm_id":51268797,"osm_type":"way","name":"","address":"Қаныш Сәтбаев көшесі, 18В","source":"OpenStreetMap","source_url":"https://www.openstreetmap.org/way/51268797","building":"apartments","levels":5,"height":15,"height_source":"estimated:osm_building_levels_x_3m","height_estimated":true,"min_height":0}},{"type":"Feature","id":"way/51267825","geometry":{"type":"Polygon","coordinates":[[[76.935929,43.2412426],[76.9359851,43.2408477],[76.9375892,43.2409688],[76.9375329,43.2413643],[76.9373397,43.2413497],[76.9373703,43.2411347],[76.9361615,43.2410434],[76.936131,43.2412579],[76.935929,43.2412426]]]},"properties":{"osm_id":51267825,"osm_type":"way","name":"","address":"Абай даңғылы, 28","source":"OpenStreetMap","source_url":"https://www.openstreetmap.org/way/51267825","building":"university","levels":3,"height":9,"height_source":"estimated:osm_building_levels_x_3m","height_estimated":true,"min_height":0}},{"type":"Feature","id":"way/51267823","geometry":{"type":"Polygon","coordinates":[[[76.9381934,43.2422762],[76.9382104,43.2421457],[76.938617,43.2421747],[76.9385988,43.2423098],[76.9381934,43.2422762]]]},"properties":{"osm_id":51267823,"osm_type":"way","name":"","address":"Абай даңғылы, 59","source":"OpenStreetMap","source_url":"https://www.openstreetmap.org/way/51267823","building":"apartments","levels":4,"height":12,"height_source":"estimated:osm_building_levels_x_3m","height_estimated":true,"min_height":0}},{"type":"Feature","id":"way/51008077","geometry":{"type":"Polygon","coordinates":[[[76.9382621,43.2460918],[76.938274,43.2459707],[76.9388707,43.2460018],[76.9388589,43.2461229],[76.9382621,43.2460918]]]},"properties":{"osm_id":51008077,"osm_type":"way","name":"","address":"Шевченко көшесі, 75","source":"OpenStreetMap","source_url":"https://www.openstreetmap.org/way/51008077","building":"yes","levels":4,"height":12,"height_source":"estimated:osm_building_levels_x_3m","height_estimated":true,"min_height":0}},{"type":"Feature","id":"way/1332103262","geometry":{"type":"Polygon","coordinates":[[[76.939675,43.2484859],[76.9396807,43.2484166],[76.9398133,43.2484219],[76.9398075,43.2484901],[76.939675,43.2484859]]]},"properties":{"osm_id":1332103262,"osm_type":"way","name":"\"Square\" store","address":"Zheltoksan St, 129","source":"OpenStreetMap","source_url":"https://www.openstreetmap.org/way/1332103262","building":"yes","levels":null,"height":12,"height_source":"estimated:display_fallback_12m","height_estimated":true,"min_height":0}},{"type":"Feature","id":"way/35012197","geometry":{"type":"Polygon","coordinates":[[[76.9375801,43.2524038],[76.9375935,43.2522855],[76.9382356,43.2523241],[76.9382658,43.252058],[76.9385536,43.2520753],[76.9385101,43.2524597],[76.9375801,43.2524038]]]},"properties":{"osm_id":35012197,"osm_type":"way","name":"","address":"Бөгенбай Батыр көшесі, 142","source":"OpenStreetMap","source_url":"https://www.openstreetmap.org/way/35012197","building":"yes","levels":9,"height":27,"height_source":"estimated:osm_building_levels_x_3m","height_estimated":true,"min_height":0}},{"type":"Feature","id":"way/1435893868","geometry":{"type":"Polygon","coordinates":[[[76.9369388,43.2561518],[76.9368614,43.2561487],[76.9368657,43.2560917],[76.9369431,43.2560948],[76.9369388,43.2561518]]]},"properties":{"osm_id":1435893868,"osm_type":"way","name":"Solo Cat Cafe","address":"","source":"OpenStreetMap","source_url":"https://www.openstreetmap.org/way/1435893868","building":"yes","levels":null,"height":12,"height_source":"estimated:display_fallback_12m","height_estimated":true,"min_height":0}},{"type":"Feature","id":"way/50655433","geometry":{"type":"Polygon","coordinates":[[[76.9394468,43.2589571],[76.9395048,43.2585178],[76.9396904,43.2585308],[76.9396681,43.2586993],[76.9396324,43.2589701],[76.9394468,43.2589571]]]},"properties":{"osm_id":50655433,"osm_type":"way","name":"","address":"Желтоқсан көшесі, 98","source":"OpenStreetMap","source_url":"https://www.openstreetmap.org/way/50655433","building":"yes","levels":5,"height":15,"height_source":"estimated:osm_building_levels_x_3m","height_estimated":true,"min_height":0}},{"type":"Feature","id":"way/51215742","geometry":{"type":"Polygon","coordinates":[[[76.9420633,43.231276],[76.9423267,43.2310746],[76.9429977,43.2315402],[76.9427342,43.2317417],[76.9420633,43.231276]]]},"properties":{"osm_id":51215742,"osm_type":"way","name":"","address":"","source":"OpenStreetMap","source_url":"https://www.openstreetmap.org/way/51215742","building":"industrial","levels":null,"height":12,"height_source":"estimated:display_fallback_12m","height_estimated":true,"min_height":0}},{"type":"Feature","id":"way/51215753","geometry":{"type":"Polygon","coordinates":[[[76.9416633,43.2340944],[76.9416915,43.2338948],[76.9418817,43.233909],[76.9428308,43.23398],[76.9428026,43.2341795],[76.9418418,43.2341078],[76.9416633,43.2340944]]]},"properties":{"osm_id":51215753,"osm_type":"way","name":"","address":"Желтоқсан көшесі, 185/1","source":"OpenStreetMap","source_url":"https://www.openstreetmap.org/way/51215753","building":"yes","levels":2,"height":6,"height_source":"estimated:osm_building_levels_x_3m","height_estimated":true,"min_height":0}},{"type":"Feature","id":"way/42648507","geometry":{"type":"Polygon","coordinates":[[[76.9413309,43.2373831],[76.9413629,43.2370539],[76.9415534,43.2370637],[76.9415214,43.2373929],[76.9413309,43.2373831]]]},"properties":{"osm_id":42648507,"osm_type":"way","name":"","address":"Желтоқсан көшесі, 177","source":"OpenStreetMap","source_url":"https://www.openstreetmap.org/way/42648507","building":"yes","levels":4,"height":12,"height_source":"estimated:osm_building_levels_x_3m","height_estimated":true,"min_height":0}},{"type":"Feature","id":"way/1457810615","geometry":{"type":"Polygon","coordinates":[[[76.9426483,43.2396654],[76.9435011,43.2397157],[76.9434885,43.239829],[76.9433692,43.239822],[76.9433409,43.2398203],[76.9433211,43.2398191],[76.943158,43.2398096],[76.9431284,43.2398078],[76.9431011,43.2398062],[76.9429871,43.2397995],[76.9429631,43.2397981],[76.9429423,43.2397969],[76.9427932,43.2397881],[76.942768,43.2397866],[76.9427451,43.2397853],[76.9426357,43.2397788],[76.9426483,43.2396654]]]},"properties":{"osm_id":1457810615,"osm_type":"way","name":"","address":"Абай даңғылы, 20/1","source":"OpenStreetMap","source_url":"https://www.openstreetmap.org/way/1457810615","building":"apartments","levels":5,"height":15,"height_source":"estimated:osm_building_levels_x_3m","height_estimated":true,"min_height":0}},{"type":"Feature","id":"way/51267918","geometry":{"type":"Polygon","coordinates":[[[76.9412178,43.244803],[76.941264,43.2444651],[76.941414,43.2444759],[76.9414242,43.2444011],[76.9416725,43.2444191],[76.9416556,43.2445435],[76.9415276,43.2445342],[76.9414165,43.2445262],[76.941399,43.2446539],[76.9413771,43.2448145],[76.9412178,43.244803]]]},"properties":{"osm_id":51267918,"osm_type":"way","name":"","address":"Желтоқсан көшесі, 162","source":"OpenStreetMap","source_url":"https://www.openstreetmap.org/way/51267918","building":"apartments","levels":3,"height":11,"height_source":"osm:height","height_estimated":false,"min_height":0}},{"type":"Feature","id":"way/51008070","geometry":{"type":"Polygon","coordinates":[[[76.9409563,43.2466086],[76.940999,43.2462894],[76.9411671,43.2463001],[76.9411576,43.2463691],[76.9411347,43.246537],[76.9411233,43.2466198],[76.9409563,43.2466086]]]},"properties":{"osm_id":51008070,"osm_type":"way","name":"","address":"Желтоқсан көшесі, 156","source":"OpenStreetMap","source_url":"https://www.openstreetmap.org/way/51008070","building":"apartments","levels":4,"height":14,"height_source":"osm:height","height_estimated":false,"min_height":0}},{"type":"Feature","id":"way/51008110","geometry":{"type":"Polygon","coordinates":[[[76.943138,43.2492522],[76.9431218,43.2493838],[76.9430682,43.2493803],[76.9426145,43.2493509],[76.942629,43.2492349],[76.9426308,43.24922],[76.942703,43.2492245],[76.9427417,43.249227],[76.9429916,43.2492429],[76.9430842,43.2492488],[76.943138,43.2492522]]]},"properties":{"osm_id":51008110,"osm_type":"way","name":"","address":"Қабанбай батыр көшесі, 114","source":"OpenStreetMap","source_url":"https://www.openstreetmap.org/way/51008110","building":"apartments","levels":3,"height":11,"height_source":"osm:height","height_estimated":false,"min_height":0}},{"type":"Feature","id":"way/1525165333","geometry":{"type":"Polygon","coordinates":[[[76.9431098,43.2516849],[76.943296,43.2517008],[76.9433205,43.2517053],[76.9433418,43.2517114],[76.9433614,43.2517227],[76.9433746,43.2517371],[76.9433835,43.2517541],[76.9433859,43.2517711],[76.9433811,43.2517887],[76.943373,43.2518048],[76.9433576,43.2518188],[76.9433391,43.2518296],[76.9433279,43.2518325],[76.9433518,43.2518563],[76.9433593,43.2519344],[76.9432102,43.2519352],[76.9430396,43.2519235],[76.9428507,43.2519048],[76.9426844,43.2518837],[76.9427716,43.2517783],[76.9428797,43.2516477],[76.9430138,43.2516602],[76.9430803,43.2516383],[76.9431098,43.2516849]]]},"properties":{"osm_id":1525165333,"osm_type":"way","name":"Большой концертный зал им. Е. Рахмадиева","address":"Бәйсейітова көшесі, 88","source":"OpenStreetMap","source_url":"https://www.openstreetmap.org/way/1525165333","building":"yes","levels":null,"height":12,"height_source":"estimated:display_fallback_12m","height_estimated":true,"min_height":0}},{"type":"Feature","id":"way/50876775","geometry":{"type":"Polygon","coordinates":[[[76.9399288,43.2547427],[76.9406895,43.2548088],[76.9406676,43.2549422],[76.9401348,43.2548959],[76.9401298,43.2549261],[76.939902,43.2549062],[76.9399126,43.2548414],[76.9399288,43.2547427]]]},"properties":{"osm_id":50876775,"osm_type":"way","name":"","address":"Төле Би көшесі, 63","source":"OpenStreetMap","source_url":"https://www.openstreetmap.org/way/50876775","building":"yes","levels":3,"height":9,"height_source":"estimated:osm_building_levels_x_3m","height_estimated":true,"min_height":0}},{"type":"Feature","id":"way/50655510","geometry":{"type":"Polygon","coordinates":[[[76.9404744,43.2594102],[76.9401157,43.2593847],[76.9401337,43.2592506],[76.9403019,43.2592626],[76.9403444,43.2589451],[76.9405349,43.2589586],[76.9404744,43.2594102]]]},"properties":{"osm_id":50655510,"osm_type":"way","name":"Атамура","address":"Абылай Хан даңғылы, 75","source":"OpenStreetMap","source_url":"https://www.openstreetmap.org/way/50655510","building":"yes","levels":null,"height":12,"height_source":"estimated:display_fallback_12m","height_estimated":true,"min_height":0}},{"type":"Feature","id":"way/1368043269","geometry":{"type":"Polygon","coordinates":[[[76.9465836,43.2319736],[76.9467406,43.2320169],[76.9467301,43.232123],[76.9467249,43.2322251],[76.9466252,43.2322228],[76.9466101,43.2322376],[76.9465812,43.2322486],[76.9465511,43.2322517],[76.9465179,43.2322455],[76.94649,43.2322298],[76.946475,43.2322134],[76.9464707,43.2321892],[76.9464782,43.2321673],[76.9465836,43.2319736]]]},"properties":{"osm_id":1368043269,"osm_type":"way","name":"","address":"","source":"OpenStreetMap","source_url":"https://www.openstreetmap.org/way/1368043269","building":"school","levels":3,"height":9,"height_source":"estimated:osm_building_levels_x_3m","height_estimated":true,"min_height":0}},{"type":"Feature","id":"way/1456902024","geometry":{"type":"Polygon","coordinates":[[[76.946515,43.2378727],[76.9466609,43.237883],[76.9466544,43.2379419],[76.9466955,43.2379444],[76.9466927,43.2379638],[76.9467628,43.2379697],[76.9467571,43.2380274],[76.9467493,43.2380388],[76.9467352,43.2380439],[76.9466382,43.2380465],[76.9466241,43.2380455],[76.9466134,43.2380382],[76.9466071,43.2380269],[76.9466064,43.238014],[76.9466177,43.2379666],[76.9466134,43.2379568],[76.9466057,43.2379511],[76.9465894,43.2379485],[76.9465214,43.2379506],[76.9465058,43.2379501],[76.9464931,43.2379444],[76.9464896,43.237933],[76.9464917,43.2379227],[76.946515,43.2378727]]]},"properties":{"osm_id":1456902024,"osm_type":"way","name":"","address":"","source":"OpenStreetMap","source_url":"https://www.openstreetmap.org/way/1456902024","building":"yes","levels":null,"height":3,"height_source":"osm:height","height_estimated":false,"min_height":0}},{"type":"Feature","id":"way/1457825453","geometry":{"type":"Polygon","coordinates":[[[76.947004,43.2404298],[76.9472339,43.2404449],[76.9472222,43.240539],[76.9473902,43.2405481],[76.9473943,43.2405162],[76.9476929,43.2405362],[76.9476696,43.2407207],[76.9476667,43.2407442],[76.9473679,43.2407242],[76.9473748,43.2406703],[76.9472113,43.2406596],[76.9472038,43.2407206],[76.9471759,43.2409466],[76.946941,43.2409312],[76.9469555,43.2408134],[76.9468774,43.2408083],[76.9468811,43.2407781],[76.9469602,43.2407833],[76.947004,43.2404298]]]},"properties":{"osm_id":1457825453,"osm_type":"way","name":"Бизнес Центр Star","address":"Назарбаев даңғылы, 187б","source":"OpenStreetMap","source_url":"https://www.openstreetmap.org/way/1457825453","building":"retail","levels":null,"height":12,"height_source":"estimated:display_fallback_12m","height_estimated":true,"min_height":0}},{"type":"Feature","id":"way/51267939","geometry":{"type":"Polygon","coordinates":[[[76.9453139,43.2435429],[76.9453338,43.2433819],[76.9455715,43.2433975],[76.9455516,43.2435585],[76.9453139,43.2435429]]]},"properties":{"osm_id":51267939,"osm_type":"way","name":"","address":"","source":"OpenStreetMap","source_url":"https://www.openstreetmap.org/way/51267939","building":"yes","levels":1,"height":9,"height_source":"osm:height","height_estimated":false,"min_height":0}},{"type":"Feature","id":"way/51008171","geometry":{"type":"Polygon","coordinates":[[[76.9467189,43.2478266],[76.9468493,43.2478347],[76.9471572,43.2478537],[76.9472572,43.2478599],[76.9472499,43.2479216],[76.9472605,43.2479223],[76.9472529,43.2479844],[76.9467042,43.2479497],[76.9467189,43.2478266]]]},"properties":{"osm_id":51008171,"osm_type":"way","name":"","address":"Жамбыл көшесі, 48","source":"OpenStreetMap","source_url":"https://www.openstreetmap.org/way/51008171","building":"apartments","levels":4,"height":14,"height_source":"osm:height","height_estimated":false,"min_height":0}},{"type":"Feature","id":"way/552824158","geometry":{"type":"Polygon","coordinates":[[[76.9476879,43.2490889],[76.94778,43.2483362],[76.9480292,43.2483524],[76.9480136,43.2484792],[76.9479318,43.2484739],[76.9479002,43.2487315],[76.947896,43.2487655],[76.9478911,43.2488052],[76.9478781,43.2489112],[76.9478635,43.2490301],[76.947855,43.2490998],[76.9476879,43.2490889]]]},"properties":{"osm_id":552824158,"osm_type":"way","name":"","address":"Назарбаев даңғылы, 130","source":"OpenStreetMap","source_url":"https://www.openstreetmap.org/way/552824158","building":"apartments","levels":3,"height":11,"height_source":"osm:height","height_estimated":false,"min_height":0}},{"type":"Feature","id":"way/50898886","geometry":{"type":"Polygon","coordinates":[[[76.947599,43.2514928],[76.9476086,43.2514165],[76.9476289,43.2512559],[76.9476387,43.2511776],[76.947707,43.2511821],[76.9477177,43.2510972],[76.947729,43.2510076],[76.9478072,43.2510129],[76.9478752,43.2510174],[76.947853,43.2511927],[76.947791,43.2511885],[76.9477513,43.251503],[76.947599,43.2514928]]]},"properties":{"osm_id":50898886,"osm_type":"way","name":"","address":"Назарбаев даңғылы, 124","source":"OpenStreetMap","source_url":"https://www.openstreetmap.org/way/50898886","building":"apartments","levels":4,"height":14,"height_source":"osm:height","height_estimated":false,"min_height":0}},{"type":"Feature","id":"way/1458336084","geometry":{"type":"Polygon","coordinates":[[[76.9464165,43.2540544],[76.946613,43.2540674],[76.946596,43.2542043],[76.9465301,43.2547337],[76.9463335,43.2547207],[76.9463491,43.2545952],[76.946375,43.2543876],[76.9464165,43.2540544]]]},"properties":{"osm_id":1458336084,"osm_type":"way","name":"","address":"Назарбаев даңғылы, 117","source":"OpenStreetMap","source_url":"https://www.openstreetmap.org/way/1458336084","building":"apartments","levels":3,"height":10,"height_source":"osm:height","height_estimated":false,"min_height":0}},{"type":"Feature","id":"way/630272610","geometry":{"type":"Polygon","coordinates":[[[76.9469413,43.2581955],[76.9469557,43.2580665],[76.9470638,43.2580736],[76.9472966,43.2580873],[76.9474706,43.2580975],[76.947717,43.2581121],[76.9478399,43.2581193],[76.9478255,43.2582484],[76.9469413,43.2581955]]]},"properties":{"osm_id":630272610,"osm_type":"way","name":"","address":"Мұқан Төлебаев көшесі, 65","source":"OpenStreetMap","source_url":"https://www.openstreetmap.org/way/630272610","building":"apartments","levels":4,"height":14,"height_source":"osm:height","height_estimated":false,"min_height":0}},{"type":"Feature","id":"way/51215741","geometry":{"type":"Polygon","coordinates":[[[76.9479533,43.231431],[76.9480285,43.2311005],[76.948195,43.2311206],[76.9481197,43.2314511],[76.9479533,43.231431]]]},"properties":{"osm_id":51215741,"osm_type":"way","name":"","address":"Панфилов көшесі, 212","source":"OpenStreetMap","source_url":"https://www.openstreetmap.org/way/51215741","building":"retail","levels":2,"height":6,"height_source":"estimated:osm_building_levels_x_3m","height_estimated":true,"min_height":0}},{"type":"Feature","id":"way/1370482475","geometry":{"type":"Polygon","coordinates":[[[76.9517917,43.2347203],[76.951708,43.2347157],[76.9517093,43.2347028],[76.9516912,43.2347019],[76.9516873,43.2347401],[76.9517099,43.2347414],[76.951707,43.23477],[76.9517223,43.2347708],[76.9517168,43.2348252],[76.9516367,43.2348209],[76.9516377,43.2348114],[76.9515587,43.2348071],[76.9515577,43.2348169],[76.9514748,43.2348124],[76.9514806,43.2347555],[76.9514983,43.2347565],[76.9515048,43.2346928],[76.9514877,43.2346919],[76.9514928,43.2346415],[76.9515833,43.2346464],[76.9515816,43.2346631],[76.9516014,43.2346642],[76.9516043,43.2346358],[76.9516057,43.2346217],[76.9515792,43.2346203],[76.9515818,43.2345952],[76.9515689,43.2345945],[76.9515742,43.2345411],[76.951651,43.2345452],[76.9516498,43.2345569],[76.9517288,43.2345611],[76.9517299,43.23455],[76.9518081,43.2345542],[76.9518022,43.2346135],[76.9517858,43.2346126],[76.9517795,43.234675],[76.9517962,43.2346759],[76.9517917,43.2347203]]]},"properties":{"osm_id":1370482475,"osm_type":"way","name":"","address":"34","source":"OpenStreetMap","source_url":"https://www.openstreetmap.org/way/1370482475","building":"residential","levels":12,"height":36,"height_source":"estimated:osm_building_levels_x_3m","height_estimated":true,"min_height":0}},{"type":"Feature","id":"way/294960018","geometry":{"type":"Polygon","coordinates":[[[76.9516322,43.2384288],[76.9515552,43.2384204],[76.9516599,43.2379152],[76.9517371,43.2379237],[76.9516322,43.2384288]]]},"properties":{"osm_id":294960018,"osm_type":"way","name":"","address":"","source":"OpenStreetMap","source_url":"https://www.openstreetmap.org/way/294960018","building":"garages","levels":1,"height":3,"height_source":"estimated:osm_building_levels_x_3m","height_estimated":true,"min_height":0}},{"type":"Feature","id":"way/1458827662","geometry":{"type":"Polygon","coordinates":[[[76.95162,43.2409194],[76.951826,43.2409358],[76.9517605,43.2413946],[76.9515578,43.2413813],[76.95162,43.2409194]]]},"properties":{"osm_id":1458827662,"osm_type":"way","name":"","address":"Абай даңғылы, 8г/1","source":"OpenStreetMap","source_url":"https://www.openstreetmap.org/way/1458827662","building":"university","levels":3,"height":10,"height_source":"osm:height","height_estimated":false,"min_height":0}},{"type":"Feature","id":"way/51267963","geometry":{"type":"Polygon","coordinates":[[[76.9486434,43.2430074],[76.9486565,43.2429041],[76.9486591,43.2428836],[76.9496189,43.2429483],[76.9496171,43.2429619],[76.9496014,43.2430718],[76.9495039,43.2430653],[76.9492377,43.2430474],[76.9489949,43.2430311],[76.948737,43.2430137],[76.9486434,43.2430074]]]},"properties":{"osm_id":51267963,"osm_type":"way","name":"","address":"Абай даңғылы, 31","source":"OpenStreetMap","source_url":"https://www.openstreetmap.org/way/51267963","building":"apartments","levels":4,"height":14,"height_source":"osm:height","height_estimated":false,"min_height":0}},{"type":"Feature","id":"way/51008204","geometry":{"type":"Polygon","coordinates":[[[76.9502482,43.2482064],[76.9503163,43.2477193],[76.950464,43.2477302],[76.9504469,43.2478523],[76.950413,43.2480946],[76.9503958,43.2482174],[76.9502482,43.2482064]]]},"properties":{"osm_id":51008204,"osm_type":"way","name":"","address":"Жамбыл көшесі, 36","source":"OpenStreetMap","source_url":"https://www.openstreetmap.org/way/51008204","building":"apartments","levels":4,"height":14,"height_source":"osm:height","height_estimated":false,"min_height":0}},{"type":"Feature","id":"way/50898912","geometry":{"type":"Polygon","coordinates":[[[76.9493104,43.2506022],[76.9493225,43.2505052],[76.9493432,43.2503382],[76.9493608,43.250197],[76.9495332,43.2502084],[76.9500989,43.2502457],[76.9500984,43.2502495],[76.9500853,43.2503598],[76.9500844,43.250363],[76.9499016,43.2503509],[76.9494878,43.2503237],[76.9494522,43.2506115],[76.9493275,43.2506033],[76.9493104,43.2506022]]]},"properties":{"osm_id":50898912,"osm_type":"way","name":"","address":"Қабанбай Батыр көшесі, 77","source":"OpenStreetMap","source_url":"https://www.openstreetmap.org/way/50898912","building":"apartments","levels":4,"height":14,"height_source":"osm:height","height_estimated":false,"min_height":0}},{"type":"Feature","id":"way/50898920","geometry":{"type":"Polygon","coordinates":[[[76.9514742,43.2516846],[76.9509006,43.2516464],[76.95092,43.2514919],[76.950897,43.2514904],[76.9509256,43.2512627],[76.9509581,43.2512629],[76.9511805,43.2512769],[76.9511686,43.2513841],[76.9511546,43.2515101],[76.9511848,43.2515121],[76.9514044,43.2515268],[76.9514933,43.2515327],[76.9514742,43.2516846]]]},"properties":{"osm_id":50898920,"osm_type":"way","name":"","address":"","source":"OpenStreetMap","source_url":"https://www.openstreetmap.org/way/50898920","building":"apartments","levels":5,"height":17,"height_source":"osm:height","height_estimated":false,"min_height":0}},{"type":"Feature","id":"way/50898966","geometry":{"type":"Polygon","coordinates":[[[76.950409,43.2566862],[76.9504231,43.2565833],[76.950447,43.2563984],[76.9505835,43.2564074],[76.9505559,43.2566168],[76.9508158,43.2566338],[76.95084,43.256451],[76.950997,43.2564614],[76.9509729,43.2566441],[76.9511862,43.2566582],[76.951202,43.2565233],[76.9513336,43.2565311],[76.9513099,43.2567458],[76.950409,43.2566862]]]},"properties":{"osm_id":50898966,"osm_type":"way","name":"​Общежитие №3","address":"Қазыбек Би көшесі, 34","source":"OpenStreetMap","source_url":"https://www.openstreetmap.org/way/50898966","building":"dormitory","levels":3,"height":11,"height_source":"osm:height","height_estimated":false,"min_height":0}},{"type":"Feature","id":"way/50568047","geometry":{"type":"Polygon","coordinates":[[[76.9482738,43.2580929],[76.948287,43.2579876],[76.9483624,43.2579926],[76.948364,43.257982],[76.9483997,43.2579843],[76.9484023,43.2579625],[76.9485369,43.2579717],[76.9485346,43.257993],[76.9485665,43.2579951],[76.9485653,43.258006],[76.9487168,43.2580161],[76.9487178,43.2580059],[76.9487519,43.258008],[76.9487554,43.2579878],[76.9488848,43.2579969],[76.9488822,43.2580161],[76.9489176,43.2580183],[76.9489162,43.2580293],[76.9489853,43.2580339],[76.9489721,43.2581393],[76.948935,43.2581369],[76.9489338,43.2581461],[76.9488507,43.2581404],[76.948849,43.2581519],[76.9488015,43.2581484],[76.9487527,43.2581449],[76.9487539,43.2581339],[76.9486644,43.2581278],[76.9486655,43.2581189],[76.9485874,43.2581138],[76.9485862,43.2581233],[76.9485026,43.2581173],[76.9485009,43.2581281],[76.9484494,43.2581243],[76.9484009,43.2581208],[76.9484021,43.2581102],[76.9483092,43.2581036],[76.9483101,43.2580953],[76.9482738,43.2580929]]]},"properties":{"osm_id":50568047,"osm_type":"way","name":"","address":"Мұқан Төлебаев көшесі, 80","source":"OpenStreetMap","source_url":"https://www.openstreetmap.org/way/50568047","building":"apartments","levels":12,"height":36,"height_source":"estimated:osm_building_levels_x_3m","height_estimated":true,"min_height":0}},{"type":"Feature","id":"way/1419847336","geometry":{"type":"Polygon","coordinates":[[[76.9551821,43.2324065],[76.9551671,43.2325393],[76.9551658,43.232551],[76.9551626,43.2325792],[76.9549726,43.2325665],[76.9549804,43.2324976],[76.954992,43.2324041],[76.9549899,43.232394],[76.9551182,43.232402],[76.9551821,43.2324065]]]},"properties":{"osm_id":1419847336,"osm_type":"way","name":"Общежитие КНПУ","address":"88а","source":"OpenStreetMap","source_url":"https://www.openstreetmap.org/way/1419847336","building":"dormitory","levels":6,"height":18,"height_source":"estimated:osm_building_levels_x_3m","height_estimated":true,"min_height":0}},{"type":"Feature","id":"way/444483687","geometry":{"type":"Polygon","coordinates":[[[76.9554243,43.2348352],[76.9554404,43.2347137],[76.9554537,43.2346125],[76.9554681,43.2345041],[76.9554796,43.2345049],[76.955588,43.2345123],[76.9556843,43.2345194],[76.9557319,43.2345172],[76.9557817,43.2345198],[76.9558325,43.2345254],[76.9558769,43.2345334],[76.9559732,43.2345405],[76.9559601,43.2346243],[76.955957,43.2346502],[76.9559538,43.2346772],[76.9558921,43.2351024],[76.955509,43.2350774],[76.9552765,43.2350622],[76.9552542,43.2352431],[76.955144,43.2352342],[76.9551485,43.2351994],[76.9551966,43.2348277],[76.9553037,43.2348344],[76.9553629,43.2348385],[76.9553904,43.2348353],[76.9554243,43.2348352]]]},"properties":{"osm_id":444483687,"osm_type":"way","name":"Евразия","address":"9А","source":"OpenStreetMap","source_url":"https://www.openstreetmap.org/way/444483687","building":"retail","levels":null,"height":12,"height_source":"estimated:display_fallback_12m","height_estimated":true,"min_height":0}},{"type":"Feature","id":"way/248441574","geometry":{"type":"Polygon","coordinates":[[[76.9527906,43.2387475],[76.9531948,43.2387782],[76.9531799,43.2388827],[76.9530729,43.2388746],[76.9528803,43.2388599],[76.9527756,43.238852],[76.9527906,43.2387475]]]},"properties":{"osm_id":248441574,"osm_type":"way","name":"","address":"Қаныш Сәтбаев көшесі, 8","source":"OpenStreetMap","source_url":"https://www.openstreetmap.org/way/248441574","building":"apartments","levels":3,"height":11,"height_source":"osm:height","height_estimated":false,"min_height":0}},{"type":"Feature","id":"way/1459001139","geometry":{"type":"Polygon","coordinates":[[[76.9543491,43.2410758],[76.9547903,43.2411032],[76.9547727,43.241254],[76.9544639,43.2412347],[76.9544613,43.2412571],[76.9543889,43.2412526],[76.9543916,43.2412302],[76.9543314,43.2412264],[76.9543491,43.2410758]]]},"properties":{"osm_id":1459001139,"osm_type":"way","name":"Школа компьютерных наук и математики","address":"Абай даңғылы, 4а","source":"OpenStreetMap","source_url":"https://www.openstreetmap.org/way/1459001139","building":"university","levels":2,"height":10,"height_source":"osm:height","height_estimated":false,"min_height":0}},{"type":"Feature","id":"way/51155793","geometry":{"type":"Polygon","coordinates":[[[76.9552412,43.243458],[76.9552594,43.2433089],[76.9556123,43.2433317],[76.9562926,43.2433758],[76.9562744,43.2435249],[76.9562144,43.243521],[76.9561445,43.2435165],[76.9558935,43.2435002],[76.9556429,43.243484],[76.9554134,43.2434691],[76.9552412,43.243458]]]},"properties":{"osm_id":51155793,"osm_type":"way","name":"","address":"Абай даңғылы, 15","source":"OpenStreetMap","source_url":"https://www.openstreetmap.org/way/51155793","building":"apartments","levels":3,"height":9,"height_source":"estimated:osm_building_levels_x_3m","height_estimated":true,"min_height":0}},{"type":"Feature","id":"way/27054598","geometry":{"type":"Polygon","coordinates":[[[76.9548219,43.2476933],[76.9548893,43.2471375],[76.9550571,43.2471483],[76.9550424,43.2472697],[76.9550292,43.2473781],[76.9550204,43.247451],[76.9549945,43.2476642],[76.9549897,43.2477041],[76.9548219,43.2476933]]]},"properties":{"osm_id":27054598,"osm_type":"way","name":"","address":"Пушкин көшесі, 100","source":"OpenStreetMap","source_url":"https://www.openstreetmap.org/way/27054598","building":"apartments","levels":5,"height":15,"height_source":"estimated:osm_building_levels_x_3m","height_estimated":true,"min_height":0}},{"type":"Feature","id":"way/27054587","geometry":{"type":"Polygon","coordinates":[[[76.9557907,43.2501615],[76.9556434,43.2501528],[76.9556512,43.2500774],[76.9556637,43.2499572],[76.9556713,43.2498845],[76.9558199,43.2498932],[76.9557907,43.2501615]]]},"properties":{"osm_id":27054587,"osm_type":"way","name":"","address":"Достық даңғылы, 49","source":"OpenStreetMap","source_url":"https://www.openstreetmap.org/way/27054587","building":"apartments","levels":4,"height":14,"height_source":"osm:height","height_estimated":false,"min_height":0}},{"type":"Feature","id":"way/27054606","geometry":{"type":"Polygon","coordinates":[[[76.9530883,43.2518171],[76.9528097,43.2517982],[76.9528225,43.251698],[76.9527491,43.251693],[76.9528469,43.2516233],[76.9531108,43.2516411],[76.9530883,43.2518171]]]},"properties":{"osm_id":27054606,"osm_type":"way","name":"","address":"Қарасай Батыр көшесі, 36","source":"OpenStreetMap","source_url":"https://www.openstreetmap.org/way/27054606","building":"yes","levels":4,"height":14,"height_source":"osm:height","height_estimated":false,"min_height":0}},{"type":"Feature","id":"way/50898974","geometry":{"type":"Polygon","coordinates":[[[76.9538819,43.2552132],[76.9539313,43.2548477],[76.9540919,43.2548592],[76.9540764,43.2549734],[76.954057,43.2551167],[76.9540424,43.2552247],[76.9538819,43.2552132]]]},"properties":{"osm_id":50898974,"osm_type":"way","name":"","address":"Төле Би көшесі, 30","source":"OpenStreetMap","source_url":"https://www.openstreetmap.org/way/50898974","building":"apartments","levels":4,"height":14,"height_source":"osm:height","height_estimated":false,"min_height":0}},{"type":"Feature","id":"way/50648292","geometry":{"type":"Polygon","coordinates":[[[76.9527686,43.2588246],[76.9527766,43.2587555],[76.9527846,43.2586863],[76.9528838,43.2586924],[76.9530646,43.2587035],[76.953071,43.258648],[76.953247,43.2586587],[76.9533204,43.2586632],[76.9534166,43.2586691],[76.953446,43.2586709],[76.9534426,43.2587],[76.9534402,43.2587211],[76.9534603,43.2587224],[76.9534424,43.2588779],[76.9534209,43.2588766],[76.9534154,43.2589238],[76.9533886,43.2589221],[76.9533,43.2589167],[76.9532179,43.2589117],[76.9530827,43.2589034],[76.953044,43.2589011],[76.9530508,43.2588419],[76.9528662,43.2588306],[76.9527686,43.2588246]]]},"properties":{"osm_id":50648292,"osm_type":"way","name":"Вознесенский Собор","address":"Гоголь көшесі, 40B","source":"OpenStreetMap","source_url":"https://www.openstreetmap.org/way/50648292","building":"church","levels":null,"height":12,"height_source":"estimated:display_fallback_12m","height_estimated":true,"min_height":0}},{"type":"Feature","id":"way/51214893","geometry":{"type":"Polygon","coordinates":[[[76.9596814,43.2324706],[76.9596633,43.2324565],[76.9596494,43.2324377],[76.9596464,43.2324211],[76.9596505,43.2323987],[76.9596593,43.2323758],[76.9596464,43.2323664],[76.9596686,43.2323385],[76.9596845,43.2323098],[76.9596898,43.2322781],[76.9596904,43.2322507],[76.9597204,43.2322213],[76.9597559,43.232199],[76.9597868,43.232186],[76.9598186,43.2321827],[76.9598514,43.2321865],[76.9598864,43.2322004],[76.9599037,43.2322162],[76.9599141,43.2322354],[76.9599155,43.2322595],[76.9599114,43.2322777],[76.959831,43.2324649],[76.9597625,43.2324917],[76.9596814,43.2324706]]]},"properties":{"osm_id":51214893,"osm_type":"way","name":"Бизнес-центр Коктем","address":"Достық даңғылы, 180","source":"OpenStreetMap","source_url":"https://www.openstreetmap.org/way/51214893","building":"commercial","levels":12,"height":36,"height_source":"estimated:osm_building_levels_x_3m","height_estimated":true,"min_height":0}},{"type":"Feature","id":"way/1458785470","geometry":{"type":"Polygon","coordinates":[[[76.9598736,43.2356854],[76.9598862,43.2356746],[76.9599722,43.2356744],[76.9599725,43.2356852],[76.9601192,43.2356848],[76.9601197,43.2356741],[76.960192,43.235674],[76.9602083,43.2356843],[76.9602085,43.2357383],[76.9601807,43.2357379],[76.9601813,43.235769],[76.9602027,43.2357695],[76.9602081,43.2357844],[76.9602108,43.235799],[76.9602091,43.2358123],[76.9602047,43.2358253],[76.9601821,43.2358248],[76.9601836,43.2358548],[76.960209,43.2358544],[76.9602092,43.2359074],[76.9601909,43.2359169],[76.9601187,43.235917],[76.9601186,43.2359073],[76.9599676,43.2359085],[76.9599676,43.2359173],[76.9598895,43.2359175],[76.9598745,43.235909],[76.9598742,43.2358508],[76.9598895,43.2358504],[76.9598889,43.2357373],[76.9598738,43.235737],[76.9598736,43.2356854]]]},"properties":{"osm_id":1458785470,"osm_type":"way","name":"Пионер 3","address":"Достық даңғылы, 136","source":"OpenStreetMap","source_url":"https://www.openstreetmap.org/way/1458785470","building":"retail","levels":12,"height":36,"height_source":"estimated:osm_building_levels_x_3m","height_estimated":true,"min_height":0}},{"type":"Feature","id":"way/444588875","geometry":{"type":"Polygon","coordinates":[[[76.9572085,43.2368279],[76.9572177,43.2367274],[76.9573546,43.236734],[76.9573455,43.2368345],[76.9572085,43.2368279]]]},"properties":{"osm_id":444588875,"osm_type":"way","name":"","address":"","source":"OpenStreetMap","source_url":"https://www.openstreetmap.org/way/444588875","building":"roof","levels":null,"height":2,"height_source":"osm:height","height_estimated":false,"min_height":0}},{"type":"Feature","id":"way/293928608","geometry":{"type":"Polygon","coordinates":[[[76.9587521,43.2407637],[76.9587791,43.2405974],[76.9588635,43.2406046],[76.9588365,43.2407709],[76.9587521,43.2407637]]]},"properties":{"osm_id":293928608,"osm_type":"way","name":"","address":"","source":"OpenStreetMap","source_url":"https://www.openstreetmap.org/way/293928608","building":"yes","levels":null,"height":2,"height_source":"osm:height","height_estimated":false,"min_height":0}},{"type":"Feature","id":"way/1453073749","geometry":{"type":"Polygon","coordinates":[[[76.9578762,43.2441524],[76.9578828,43.2440922],[76.958112,43.2441056],[76.9581054,43.2441657],[76.9578762,43.2441524]]]},"properties":{"osm_id":1453073749,"osm_type":"way","name":"","address":"","source":"OpenStreetMap","source_url":"https://www.openstreetmap.org/way/1453073749","building":"yes","levels":null,"height":3,"height_source":"osm:height","height_estimated":false,"min_height":0}},{"type":"Feature","id":"way/51155815","geometry":{"type":"Polygon","coordinates":[[[76.958838,43.2471045],[76.9583134,43.2470729],[76.9583767,43.2465896],[76.9584495,43.2460341],[76.958623,43.2460462],[76.9586088,43.2461544],[76.9585892,43.2463045],[76.958562,43.2465124],[76.958535,43.2467182],[76.9585327,43.2467359],[76.9585176,43.2468516],[76.9585151,43.2468704],[76.9585047,43.2469499],[76.9586026,43.2469567],[76.9587477,43.2469668],[76.9588482,43.2469737],[76.958838,43.2471045]]]},"properties":{"osm_id":51155815,"osm_type":"way","name":"","address":"Шевченко көшесі, 4","source":"OpenStreetMap","source_url":"https://www.openstreetmap.org/way/51155815","building":"apartments","levels":5,"height":17,"height_source":"osm:height","height_estimated":false,"min_height":0}},{"type":"Feature","id":"way/27054564","geometry":{"type":"Polygon","coordinates":[[[76.9590762,43.2488165],[76.9590853,43.2487383],[76.959114,43.2485375],[76.9591271,43.2484456],[76.9592865,43.2484577],[76.9592467,43.2488301],[76.9590762,43.2488165]]]},"properties":{"osm_id":27054564,"osm_type":"way","name":"","address":"Қалдаяқов көшесі, 93","source":"OpenStreetMap","source_url":"https://www.openstreetmap.org/way/27054564","building":"apartments","levels":5,"height":15,"height_source":"osm:height","height_estimated":false,"min_height":0}},{"type":"Feature","id":"way/189481332","geometry":{"type":"Polygon","coordinates":[[[76.9593893,43.253014],[76.9594069,43.2528853],[76.9595883,43.2528985],[76.9596181,43.2526816],[76.9597716,43.2526928],[76.9597416,43.2529111],[76.9599406,43.2529257],[76.9599717,43.2526999],[76.9601311,43.2527115],[76.9600988,43.2529466],[76.9602792,43.2529597],[76.9602604,43.2530964],[76.9601589,43.2530891],[76.9601675,43.2530267],[76.9599773,43.2530128],[76.9599716,43.2530538],[76.9596602,43.2530312],[76.959667,43.2529819],[76.959496,43.2529695],[76.9594889,43.2530213],[76.9593893,43.253014]]]},"properties":{"osm_id":189481332,"osm_type":"way","name":"","address":"Қалдаяқов көшесі, 72","source":"OpenStreetMap","source_url":"https://www.openstreetmap.org/way/189481332","building":"kindergarten","levels":2,"height":8,"height_source":"osm:height","height_estimated":false,"min_height":0}},{"type":"Feature","id":"way/50648754","geometry":{"type":"Polygon","coordinates":[[[76.9591009,43.2566335],[76.9588782,43.25662],[76.9588918,43.2564998],[76.9595953,43.2565421],[76.9595817,43.2566625],[76.9593717,43.2566498],[76.9593301,43.2569943],[76.9595398,43.2570069],[76.9595262,43.2571272],[76.9592884,43.2571128],[76.9592584,43.2573458],[76.9590224,43.2573317],[76.9590491,43.2570984],[76.9588226,43.2570848],[76.958827,43.2570463],[76.9588363,43.2569645],[76.959063,43.2569782],[76.9590726,43.2568901],[76.9589477,43.2568829],[76.9589506,43.2568557],[76.9589536,43.2568284],[76.9590786,43.2568357],[76.9591009,43.2566335]]]},"properties":{"osm_id":50648754,"osm_type":"way","name":"Республиканский Высший медицинский колледж","address":"Қалдаяқов көшесі, 54","source":"OpenStreetMap","source_url":"https://www.openstreetmap.org/way/50648754","building":"college","levels":null,"height":12,"height_source":"estimated:display_fallback_12m","height_estimated":true,"min_height":0}},{"type":"Feature","id":"way/50648313","geometry":{"type":"Polygon","coordinates":[[[76.957128,43.2571642],[76.9571553,43.2568975],[76.9577898,43.2569328],[76.9577625,43.2571994],[76.957128,43.2571642]]]},"properties":{"osm_id":50648313,"osm_type":"way","name":"БЦ Арай","address":"Қазыбек Би көшесі, 20А","source":"OpenStreetMap","source_url":"https://www.openstreetmap.org/way/50648313","building":"retail","levels":4,"height":12,"height_source":"estimated:osm_building_levels_x_3m","height_estimated":true,"min_height":0}},{"type":"Feature","id":"way/238938777","geometry":{"type":"Polygon","coordinates":[[[76.9219794,43.2327873],[76.9220325,43.2327205],[76.9220823,43.2327415],[76.9221645,43.2326381],[76.9222641,43.2326802],[76.922275,43.2326665],[76.9225055,43.2327638],[76.9224947,43.2327774],[76.9226038,43.2328234],[76.9225644,43.2328731],[76.9226107,43.2328927],[76.9225669,43.2329478],[76.9225936,43.2329591],[76.9225415,43.2330246],[76.9219794,43.2327873]]]},"properties":{"osm_id":238938777,"osm_type":"way","name":"","address":"Бұқар жырау бульвары, 33","source":"OpenStreetMap","source_url":"https://www.openstreetmap.org/way/238938777","building":"retail","levels":9,"height":27,"height_source":"estimated:osm_building_levels_x_3m","height_estimated":true,"min_height":0}},{"type":"Feature","id":"way/1454936531","geometry":{"type":"Polygon","coordinates":[[[76.9227455,43.2337442],[76.9227645,43.2337425],[76.923157,43.2337071],[76.923202,43.2339724],[76.9231882,43.2339737],[76.9229894,43.2339916],[76.9227905,43.2340095],[76.9227455,43.2337442]]]},"properties":{"osm_id":1454936531,"osm_type":"way","name":"","address":"Шагабутдинов көшесі, 27/5 блок 3","source":"OpenStreetMap","source_url":"https://www.openstreetmap.org/way/1454936531","building":"apartments","levels":23,"height":69,"height_source":"estimated:osm_building_levels_x_3m","height_estimated":true,"min_height":0}},{"type":"Feature","id":"way/1456509316","geometry":{"type":"Polygon","coordinates":[[[76.9209998,43.2373918],[76.9211677,43.2371154],[76.9212747,43.2369393],[76.9221577,43.2370163],[76.9221089,43.2374144],[76.9216192,43.2373792],[76.9211673,43.2373468],[76.9210356,43.2374155],[76.9209998,43.2373918]]]},"properties":{"osm_id":1456509316,"osm_type":"way","name":"Манеж","address":"","source":"OpenStreetMap","source_url":"https://www.openstreetmap.org/way/1456509316","building":"ruins","levels":1,"height":3,"height_source":"estimated:osm_building_levels_x_3m","height_estimated":true,"min_height":0}},{"type":"Feature","id":"way/51275839","geometry":{"type":"Polygon","coordinates":[[[76.9211818,43.240061],[76.9212018,43.2398991],[76.921762,43.2399373],[76.9217867,43.239939],[76.9218689,43.2399446],[76.9218521,43.2400824],[76.9217418,43.2400766],[76.9217395,43.2400998],[76.9211818,43.240061]]]},"properties":{"osm_id":51275839,"osm_type":"way","name":"Банк ЦентрКредит","address":"Абай даңғылы, 48","source":"OpenStreetMap","source_url":"https://www.openstreetmap.org/way/51275839","building":"yes","levels":null,"height":12,"height_source":"estimated:display_fallback_12m","height_estimated":true,"min_height":0}},{"type":"Feature","id":"way/51276012","geometry":{"type":"Polygon","coordinates":[[[76.9221705,43.2437404],[76.9222355,43.243197],[76.922458,43.2432112],[76.922393,43.2437545],[76.9221705,43.2437404]]]},"properties":{"osm_id":51276012,"osm_type":"way","name":"","address":"Құрманғазы көшесі, 127","source":"OpenStreetMap","source_url":"https://www.openstreetmap.org/way/51276012","building":"dormitory","levels":4,"height":12,"height_source":"estimated:osm_building_levels_x_3m","height_estimated":true,"min_height":0}},{"type":"Feature","id":"way/51276033","geometry":{"type":"Polygon","coordinates":[[[76.9234627,43.2459358],[76.9234495,43.2459349],[76.923496,43.2455863],[76.9235128,43.2455875],[76.9236969,43.2456005],[76.9236504,43.2459491],[76.9234627,43.2459358]]]},"properties":{"osm_id":51276033,"osm_type":"way","name":"","address":"Әди Шәріпов көшесі, 100","source":"OpenStreetMap","source_url":"https://www.openstreetmap.org/way/51276033","building":"yes","levels":12,"height":36,"height_source":"estimated:osm_building_levels_x_3m","height_estimated":true,"min_height":0}},{"type":"Feature","id":"way/51276066","geometry":{"type":"Polygon","coordinates":[[[76.919613,43.2481693],[76.9196189,43.2480813],[76.9207932,43.248123],[76.9207874,43.2482109],[76.919613,43.2481693]]]},"properties":{"osm_id":51276066,"osm_type":"way","name":"","address":"Қабанбай Батыр көшесі, 137","source":"OpenStreetMap","source_url":"https://www.openstreetmap.org/way/51276066","building":"yes","levels":4,"height":12,"height_source":"estimated:osm_building_levels_x_3m","height_estimated":true,"min_height":0}},{"type":"Feature","id":"way/50877069","geometry":{"type":"Polygon","coordinates":[[[76.9208887,43.2526443],[76.9209045,43.2524833],[76.9210695,43.2524919],[76.9210537,43.2526529],[76.9208887,43.2526443]]]},"properties":{"osm_id":50877069,"osm_type":"way","name":"","address":"Шагабутдинов көшесі, 66","source":"OpenStreetMap","source_url":"https://www.openstreetmap.org/way/50877069","building":"apartments","levels":9,"height":27,"height_source":"estimated:osm_building_levels_x_3m","height_estimated":true,"min_height":0}},{"type":"Feature","id":"way/1271712806","geometry":{"type":"Polygon","coordinates":[[[76.9200226,43.2551809],[76.9200142,43.2552446],[76.9198129,43.2552307],[76.9198282,43.2551146],[76.9200294,43.2551286],[76.9200226,43.2551809]]]},"properties":{"osm_id":1271712806,"osm_type":"way","name":"Wildberries","address":"Улица Шагабутдинова, 49Б","source":"OpenStreetMap","source_url":"https://www.openstreetmap.org/way/1271712806","building":"yes","levels":null,"height":12,"height_source":"estimated:display_fallback_12m","height_estimated":true,"min_height":0}},{"type":"Feature","id":"way/50876222","geometry":{"type":"Polygon","coordinates":[[[76.9236822,43.2597087],[76.9236965,43.2595879],[76.9242046,43.2596198],[76.9241903,43.2597406],[76.9236822,43.2597087]]]},"properties":{"osm_id":50876222,"osm_type":"way","name":"","address":"Байтұрсынұлы көшесі, 11Б","source":"OpenStreetMap","source_url":"https://www.openstreetmap.org/way/50876222","building":"yes","levels":4,"height":12,"height_source":"estimated:osm_building_levels_x_3m","height_estimated":true,"min_height":0}},{"type":"Feature","id":"way/51350373","geometry":{"type":"Polygon","coordinates":[[[76.9242669,43.2300877],[76.9243823,43.2300011],[76.9249915,43.2304321],[76.9248761,43.2305187],[76.9242669,43.2300877]]]},"properties":{"osm_id":51350373,"osm_type":"way","name":"","address":"22","source":"OpenStreetMap","source_url":"https://www.openstreetmap.org/way/51350373","building":"apartments","levels":4,"height":12,"height_source":"estimated:osm_building_levels_x_3m","height_estimated":true,"min_height":0}},{"type":"Feature","id":"way/51350448","geometry":{"type":"Polygon","coordinates":[[[76.9274201,43.2345851],[76.9276478,43.2344138],[76.9277477,43.2344843],[76.92752,43.2346555],[76.9274201,43.2345851]]]},"properties":{"osm_id":51350448,"osm_type":"way","name":"","address":"улица Римского-Корсакова, 6","source":"OpenStreetMap","source_url":"https://www.openstreetmap.org/way/51350448","building":"yes","levels":2,"height":6,"height_source":"estimated:osm_building_levels_x_3m","height_estimated":true,"min_height":0}},{"type":"Feature","id":"way/1455138968","geometry":{"type":"Polygon","coordinates":[[[76.9267225,43.2366952],[76.9270278,43.2364598],[76.9272088,43.2365844],[76.9274817,43.2367723],[76.9273216,43.2368957],[76.9272159,43.2368229],[76.9271104,43.2369018],[76.9269582,43.236896],[76.9268276,43.2368909],[76.9267715,43.2368888],[76.9266938,43.2368364],[76.9266988,43.2367865],[76.9267161,43.2367875],[76.9267238,43.2367125],[76.926735,43.2367038],[76.9267225,43.2366952]]]},"properties":{"osm_id":1455138968,"osm_type":"way","name":"Regardal Hotel","address":"Пожарский көшесі, 1","source":"OpenStreetMap","source_url":"https://www.openstreetmap.org/way/1455138968","building":"hotel","levels":null,"height":12,"height_source":"estimated:display_fallback_12m","height_estimated":true,"min_height":0}},{"type":"Feature","id":"way/1208081339","geometry":{"type":"Polygon","coordinates":[[[76.9276485,43.2414333],[76.9276436,43.2414711],[76.9275686,43.2414659],[76.9275755,43.2414128],[76.9275841,43.2413465],[76.9277244,43.2413562],[76.9277138,43.2414378],[76.9276485,43.2414333]]]},"properties":{"osm_id":1208081339,"osm_type":"way","name":"Додо Пицца","address":"","source":"OpenStreetMap","source_url":"https://www.openstreetmap.org/way/1208081339","building":"yes","levels":null,"height":12,"height_source":"estimated:display_fallback_12m","height_estimated":true,"min_height":0}},{"type":"Feature","id":"way/51276019","geometry":{"type":"Polygon","coordinates":[[[76.9246161,43.2429747],[76.924635,43.2428256],[76.9251612,43.2428608],[76.9251424,43.2430099],[76.9246161,43.2429747]]]},"properties":{"osm_id":51276019,"osm_type":"way","name":"","address":"улица Досмухамедова, 113","source":"OpenStreetMap","source_url":"https://www.openstreetmap.org/way/51276019","building":"yes","levels":3,"height":9,"height_source":"estimated:osm_building_levels_x_3m","height_estimated":true,"min_height":0}},{"type":"Feature","id":"way/51276112","geometry":{"type":"Polygon","coordinates":[[[76.9273556,43.2458351],[76.9274147,43.2453356],[76.9275855,43.2453451],[76.9275261,43.2458458],[76.9273556,43.2458351]]]},"properties":{"osm_id":51276112,"osm_type":"way","name":"","address":"Байтұрсынұлы көшесі, 68","source":"OpenStreetMap","source_url":"https://www.openstreetmap.org/way/51276112","building":"yes","levels":3,"height":9,"height_source":"estimated:osm_building_levels_x_3m","height_estimated":true,"min_height":0}},{"type":"Feature","id":"way/246816079","geometry":{"type":"Polygon","coordinates":[[[76.9266259,43.2488672],[76.9266366,43.2487939],[76.9266506,43.2487071],[76.9266563,43.2486727],[76.9269866,43.2486996],[76.9269561,43.2488899],[76.9266259,43.2488672]]]},"properties":{"osm_id":246816079,"osm_type":"way","name":"","address":"Байтұрсынұлы көшесі, 56Б","source":"OpenStreetMap","source_url":"https://www.openstreetmap.org/way/246816079","building":"yes","levels":4,"height":12,"height_source":"estimated:osm_building_levels_x_3m","height_estimated":true,"min_height":0}},{"type":"Feature","id":"way/50878490","geometry":{"type":"Polygon","coordinates":[[[76.9253882,43.2532185],[76.9242705,43.2531449],[76.9242859,43.253021],[76.9254036,43.2530946],[76.9253882,43.2532185]]]},"properties":{"osm_id":50878490,"osm_type":"way","name":"","address":"Төле Би көшесі, 102","source":"OpenStreetMap","source_url":"https://www.openstreetmap.org/way/50878490","building":"apartments","levels":4,"height":12,"height_source":"estimated:osm_building_levels_x_3m","height_estimated":true,"min_height":0}},{"type":"Feature","id":"way/1563109741","geometry":{"type":"Polygon","coordinates":[[[76.9242918,43.255466],[76.9239589,43.2554425],[76.9239765,43.2553103],[76.9243093,43.2553338],[76.9242918,43.255466]]]},"properties":{"osm_id":1563109741,"osm_type":"way","name":"Sagamo","address":"121","source":"OpenStreetMap","source_url":"https://www.openstreetmap.org/way/1563109741","building":"yes","levels":null,"height":12,"height_source":"estimated:display_fallback_12m","height_estimated":true,"min_height":0}},{"type":"Feature","id":"way/50875665","geometry":{"type":"Polygon","coordinates":[[[76.925654,43.2594403],[76.9256599,43.2593054],[76.9257976,43.2593086],[76.9257916,43.2594436],[76.925654,43.2594403]]]},"properties":{"osm_id":50875665,"osm_type":"way","name":"","address":"Байтұрсынұлы көшесі","source":"OpenStreetMap","source_url":"https://www.openstreetmap.org/way/50875665","building":"yes","levels":4,"height":12,"height_source":"estimated:osm_building_levels_x_3m","height_estimated":true,"min_height":0}},{"type":"Feature","id":"way/241268750","geometry":{"type":"Polygon","coordinates":[[[76.9284647,43.2310927],[76.9286132,43.2311984],[76.9284036,43.2313547],[76.9282552,43.231249],[76.9284647,43.2310927]]]},"properties":{"osm_id":241268750,"osm_type":"way","name":"","address":"улица Маркова, 31","source":"OpenStreetMap","source_url":"https://www.openstreetmap.org/way/241268750","building":"apartments","levels":2,"height":6,"height_source":"estimated:osm_building_levels_x_3m","height_estimated":true,"min_height":0}},{"type":"Feature","id":"way/118308544","geometry":{"type":"Polygon","coordinates":[[[76.9315524,43.235693],[76.9315988,43.2353951],[76.9316044,43.2353591],[76.9316285,43.2352045],[76.9318241,43.2352207],[76.9317759,43.2355299],[76.9321299,43.2355592],[76.9321326,43.235542],[76.932582,43.2355791],[76.9325466,43.2358068],[76.9321049,43.2357702],[76.9321097,43.2357391],[76.9315524,43.235693]]]},"properties":{"osm_id":118308544,"osm_type":"way","name":"АУЭС, здание корпуса В","address":"126/1","source":"OpenStreetMap","source_url":"https://www.openstreetmap.org/way/118308544","building":"university","levels":null,"height":12,"height_source":"estimated:display_fallback_12m","height_estimated":true,"min_height":0}},{"type":"Feature","id":"way/246762484","geometry":{"type":"Polygon","coordinates":[[[76.9308497,43.2383829],[76.9310097,43.2383944],[76.9309846,43.2385807],[76.9308246,43.2385692],[76.9308497,43.2383829]]]},"properties":{"osm_id":246762484,"osm_type":"way","name":"","address":"Масанчи көшесі, 95","source":"OpenStreetMap","source_url":"https://www.openstreetmap.org/way/246762484","building":"apartments","levels":2,"height":6,"height_source":"estimated:osm_building_levels_x_3m","height_estimated":true,"min_height":0}},{"type":"Feature","id":"way/51268759","geometry":{"type":"Polygon","coordinates":[[[76.9311288,43.2405206],[76.9311915,43.2400225],[76.9313864,43.2400355],[76.9313237,43.2405336],[76.9311288,43.2405206]]]},"properties":{"osm_id":51268759,"osm_type":"way","name":"","address":"Масанчи көшесі, 98","source":"OpenStreetMap","source_url":"https://www.openstreetmap.org/way/51268759","building":"yes","levels":5,"height":15,"height_source":"estimated:osm_building_levels_x_3m","height_estimated":true,"min_height":0}},{"type":"Feature","id":"way/51268828","geometry":{"type":"Polygon","coordinates":[[[76.930704,43.2446872],[76.930742,43.2444139],[76.9309717,43.2444308],[76.9309338,43.2447042],[76.930704,43.2446872]]]},"properties":{"osm_id":51268828,"osm_type":"way","name":"","address":"Масанчи көшесі, 86А","source":"OpenStreetMap","source_url":"https://www.openstreetmap.org/way/51268828","building":"yes","levels":5,"height":15,"height_source":"estimated:osm_building_levels_x_3m","height_estimated":true,"min_height":0}},{"type":"Feature","id":"way/51276109","geometry":{"type":"Polygon","coordinates":[[[76.9286775,43.245594],[76.9286422,43.2458974],[76.9283703,43.2458806],[76.928405,43.2455828],[76.9283188,43.2455775],[76.9283133,43.2456248],[76.9280736,43.2456101],[76.9280904,43.2454658],[76.9283268,43.2454804],[76.9283356,43.2454049],[76.9290495,43.2454489],[76.9290412,43.2455203],[76.9290368,43.2455582],[76.9290301,43.2456158],[76.9286775,43.245594]]]},"properties":{"osm_id":51276109,"osm_type":"way","name":"","address":"","source":"OpenStreetMap","source_url":"https://www.openstreetmap.org/way/51276109","building":"university","levels":3,"height":9,"height_source":"estimated:osm_building_levels_x_3m","height_estimated":true,"min_height":0}},{"type":"Feature","id":"way/51008044","geometry":{"type":"Polygon","coordinates":[[[76.9300422,43.2489927],[76.9300561,43.2489],[76.9302248,43.2489134],[76.9302309,43.2488725],[76.9303578,43.2488825],[76.9303386,43.2490113],[76.9303903,43.2490153],[76.9303783,43.2490955],[76.9302113,43.2490823],[76.9302044,43.2491285],[76.930098,43.2491201],[76.9301162,43.2489986],[76.9300422,43.2489927]]]},"properties":{"osm_id":51008044,"osm_type":"way","name":"","address":"Қабанбай Батыр көшесі, 111","source":"OpenStreetMap","source_url":"https://www.openstreetmap.org/way/51008044","building":"apartments","levels":9,"height":27,"height_source":"estimated:osm_building_levels_x_3m","height_estimated":true,"min_height":0}},{"type":"Feature","id":"way/1201152783","geometry":{"type":"Polygon","coordinates":[[[76.9283999,43.2524348],[76.9284143,43.2523063],[76.9284382,43.2520937],[76.9286627,43.2520984],[76.9286236,43.2523736],[76.928613,43.2524478],[76.9283999,43.2524348]]]},"properties":{"osm_id":1201152783,"osm_type":"way","name":"Центр физико-химических методов анализа","address":"Төле би көшесі, 96","source":"OpenStreetMap","source_url":"https://www.openstreetmap.org/way/1201152783","building":"university","levels":4,"height":12,"height_source":"estimated:osm_building_levels_x_3m","height_estimated":true,"min_height":0}},{"type":"Feature","id":"way/50876699","geometry":{"type":"Polygon","coordinates":[[[76.9315022,43.2565409],[76.9315393,43.2561868],[76.9317767,43.2562],[76.9317397,43.2565541],[76.9315022,43.2565409]]]},"properties":{"osm_id":50876699,"osm_type":"way","name":"","address":"Сейфуллин даңғылы, 525","source":"OpenStreetMap","source_url":"https://www.openstreetmap.org/way/50876699","building":"apartments","levels":9,"height":27,"height_source":"estimated:osm_building_levels_x_3m","height_estimated":true,"min_height":0}},{"type":"Feature","id":"way/50875690","geometry":{"type":"Polygon","coordinates":[[[76.9288073,43.2591995],[76.9288404,43.2589947],[76.9296693,43.2590659],[76.9296362,43.2592707],[76.9288073,43.2591995]]]},"properties":{"osm_id":50875690,"osm_type":"way","name":"","address":"Гоголь көшесі, 139","source":"OpenStreetMap","source_url":"https://www.openstreetmap.org/way/50875690","building":"yes","levels":null,"height":12,"height_source":"estimated:display_fallback_12m","height_estimated":true,"min_height":0}},{"type":"Feature","id":"way/51350434","geometry":{"type":"Polygon","coordinates":[[[76.9322488,43.2302987],[76.9323212,43.2302451],[76.9323043,43.2302332],[76.9324233,43.2301398],[76.9326985,43.2303409],[76.9324865,43.2305038],[76.9323643,43.2304109],[76.9323408,43.2304309],[76.9322605,43.2303791],[76.9322488,43.2302987]]]},"properties":{"osm_id":51350434,"osm_type":"way","name":"","address":"улица Тимирязева, 17","source":"OpenStreetMap","source_url":"https://www.openstreetmap.org/way/51350434","building":"yes","levels":2,"height":6,"height_source":"estimated:osm_building_levels_x_3m","height_estimated":true,"min_height":0}},{"type":"Feature","id":"way/249905619","geometry":{"type":"Polygon","coordinates":[[[76.9351753,43.235901],[76.9346066,43.2354948],[76.9347363,43.2353984],[76.9353049,43.2358047],[76.9351753,43.235901]]]},"properties":{"osm_id":249905619,"osm_type":"way","name":"","address":"улица Политехническая, 1","source":"OpenStreetMap","source_url":"https://www.openstreetmap.org/way/249905619","building":"dormitory","levels":4,"height":12,"height_source":"estimated:osm_building_levels_x_3m","height_estimated":true,"min_height":0}},{"type":"Feature","id":"way/51268774","geometry":{"type":"Polygon","coordinates":[[[76.932543,43.2382574],[76.9325639,43.2380922],[76.9331873,43.238134],[76.933242,43.2377003],[76.9334819,43.2377164],[76.9334171,43.2382295],[76.9331821,43.2382137],[76.9331713,43.2382996],[76.932543,43.2382574]]]},"properties":{"osm_id":51268774,"osm_type":"way","name":"","address":"Масанчи көшесі, 96","source":"OpenStreetMap","source_url":"https://www.openstreetmap.org/way/51268774","building":"apartments","levels":12,"height":36,"height_source":"estimated:osm_building_levels_x_3m","height_estimated":true,"min_height":0}},{"type":"Feature","id":"way/51268749","geometry":{"type":"Polygon","coordinates":[[[76.931835,43.2397788],[76.9318966,43.2397824],[76.9318928,43.2398177],[76.9319034,43.2398183],[76.9319006,43.2398442],[76.931925,43.2398457],[76.9319193,43.2398983],[76.9318945,43.2398969],[76.93189,43.2399381],[76.9318794,43.2399375],[76.9318709,43.2400151],[76.9318853,43.240016],[76.9318816,43.2400503],[76.9319147,43.2400523],[76.9319089,43.2401049],[76.9318755,43.240103],[76.9318716,43.2401388],[76.9318521,43.2401377],[76.9318395,43.240253],[76.9318962,43.2402563],[76.9319005,43.2402168],[76.9319483,43.2402195],[76.9319509,43.2401961],[76.9320165,43.2401999],[76.932014,43.2402225],[76.9320559,43.2402249],[76.9320581,43.2402167],[76.9320678,43.2402118],[76.9321563,43.2402155],[76.9321661,43.2402237],[76.9321653,43.2402329],[76.9322223,43.2402357],[76.9322244,43.2402137],[76.93229,43.240217],[76.9322878,43.2402402],[76.9323352,43.2402425],[76.932331,43.2402887],[76.9323953,43.2402918],[76.9323993,43.2402482],[76.9323816,43.2402474],[76.9323852,43.2402082],[76.9324023,43.240209],[76.9324052,43.2401785],[76.9323902,43.2401778],[76.9323938,43.2401389],[76.9323807,43.2401383],[76.9323844,43.2400982],[76.9324029,43.2400991],[76.9324063,43.2400629],[76.932424,43.2400513],[76.9324264,43.2400233],[76.9324912,43.2400262],[76.9325071,43.240016],[76.932552,43.240018],[76.9325646,43.2400283],[76.9326418,43.2400318],[76.932629,43.2401832],[76.9326129,43.2401942],[76.9326057,43.2402574],[76.9326194,43.2402692],[76.9326149,43.2403086],[76.9326034,43.2403157],[76.9325994,43.2403505],[76.9326117,43.2403611],[76.9326087,43.2403847],[76.9325996,43.2403987],[76.9325844,43.2404094],[76.932565,43.2404157],[76.9325439,43.2404166],[76.9324568,43.2404117],[76.9324438,43.2404005],[76.9323624,43.2403955],[76.9323482,43.2404043],[76.9323216,43.2404027],[76.9323093,43.2403922],[76.932263,43.2403894],[76.932262,43.2403982],[76.9322096,43.240395],[76.9321966,43.2403838],[76.9321529,43.2403811],[76.9321374,43.2403906],[76.9320612,43.240386],[76.9320454,43.2403724],[76.9320005,43.2403697],[76.931986,43.2403787],[76.9319469,43.2403764],[76.9319304,43.2403622],[76.9318903,43.2403598],[76.9318754,43.240369],[76.9318449,43.2403671],[76.9318278,43.2403524],[76.9317606,43.2403484],[76.9317451,43.2403579],[76.9316915,43.2403563],[76.9316828,43.2403487],[76.9316602,43.2403535],[76.931637,43.2403506],[76.9316177,43.2403407],[76.9316063,43.2403257],[76.931605,43.2403086],[76.931614,43.2402927],[76.9316315,43.2402813],[76.9316357,43.2402445],[76.9316158,43.2402344],[76.9316191,43.2402057],[76.9316437,43.2401905],[76.9316507,43.240129],[76.9316331,43.2401138],[76.9316352,43.2400953],[76.9316505,43.2400859],[76.9316541,43.2400543],[76.9316619,43.240046],[76.9316414,43.2400284],[76.9316435,43.2400101],[76.9316652,43.2400026],[76.9316739,43.2399264],[76.931658,43.2399126],[76.9316601,43.239894],[76.9316797,43.2398872],[76.931663,43.2398788],[76.9316661,43.2398521],[76.9316826,43.2398419],[76.9316689,43.2398301],[76.931671,43.2398122],[76.9316908,43.2398054],[76.9316948,43.2397702],[76.9317618,43.2397743],[76.9317632,43.2397617],[76.9318192,43.2397651],[76.931835,43.2397788]]]},"properties":{"osm_id":51268749,"osm_type":"way","name":"","address":"Масанчи көшесі, 98Б","source":"OpenStreetMap","source_url":"https://www.openstreetmap.org/way/51268749","building":"apartments","levels":14,"height":42,"height_source":"estimated:osm_building_levels_x_3m","height_estimated":true,"min_height":0}},{"type":"Feature","id":"way/51267828","geometry":{"type":"Polygon","coordinates":[[[76.9352619,43.2420757],[76.9352783,43.2419531],[76.9359537,43.2420011],[76.9359373,43.2421236],[76.9352619,43.2420757]]]},"properties":{"osm_id":51267828,"osm_type":"way","name":"","address":"Абай даңғылы, 63","source":"OpenStreetMap","source_url":"https://www.openstreetmap.org/way/51267828","building":"apartments","levels":4,"height":12,"height_source":"estimated:osm_building_levels_x_3m","height_estimated":true,"min_height":0}},{"type":"Feature","id":"way/51007993","geometry":{"type":"Polygon","coordinates":[[[76.9330025,43.2481912],[76.933105,43.2473887],[76.9331211,43.2472627],[76.9332013,43.2472681],[76.9332642,43.2472724],[76.9331939,43.247822],[76.9331455,43.2482009],[76.9330025,43.2481912]]]},"properties":{"osm_id":51007993,"osm_type":"way","name":"","address":"Сейфуллин даңғылы, 567","source":"OpenStreetMap","source_url":"https://www.openstreetmap.org/way/51007993","building":"apartments","levels":8,"height":24,"height_source":"estimated:osm_building_levels_x_3m","height_estimated":true,"min_height":0}},{"type":"Feature","id":"way/51008046","geometry":{"type":"Polygon","coordinates":[[[76.9338237,43.2486361],[76.9338374,43.2485041],[76.9340189,43.2485141],[76.9350176,43.2485692],[76.9350051,43.248701],[76.9338237,43.2486361]]]},"properties":{"osm_id":51008046,"osm_type":"way","name":"","address":"Қабанбай Батыр көшесі, 138","source":"OpenStreetMap","source_url":"https://www.openstreetmap.org/way/51008046","building":"apartments","levels":8,"height":24,"height_source":"estimated:osm_building_levels_x_3m","height_estimated":true,"min_height":0}},{"type":"Feature","id":"way/50878601","geometry":{"type":"Polygon","coordinates":[[[76.933304,43.2534887],[76.9343634,43.2535424],[76.934339,43.2537976],[76.9342445,43.2537928],[76.9342593,43.2536379],[76.9339312,43.2536213],[76.9339209,43.2537291],[76.933704,43.2537182],[76.9337143,43.2536098],[76.9333861,43.2535932],[76.9333735,43.2537253],[76.9332818,43.2537207],[76.933304,43.2534887]]]},"properties":{"osm_id":50878601,"osm_type":"way","name":"Казахский национальный медицинский университет имени С.Д. Асфендиярова","address":"Төле Би көшесі, 88","source":"OpenStreetMap","source_url":"https://www.openstreetmap.org/way/50878601","building":"university","levels":3,"height":9,"height_source":"estimated:osm_building_levels_x_3m","height_estimated":true,"min_height":0}},{"type":"Feature","id":"way/50876732","geometry":{"type":"Polygon","coordinates":[[[76.9360474,43.2544441],[76.9360331,43.2545657],[76.9347144,43.2544832],[76.9347288,43.2543617],[76.9360474,43.2544441]]]},"properties":{"osm_id":50876732,"osm_type":"way","name":"","address":"Төле Би көшесі, 73","source":"OpenStreetMap","source_url":"https://www.openstreetmap.org/way/50876732","building":"apartments","levels":4,"height":12,"height_source":"estimated:osm_building_levels_x_3m","height_estimated":true,"min_height":0}},{"type":"Feature","id":"way/50655450","geometry":{"type":"Polygon","coordinates":[[[76.9346345,43.2581035],[76.9346405,43.2579499],[76.9349049,43.2579558],[76.9350077,43.2580494],[76.9349954,43.2582346],[76.9347965,43.2582304],[76.9348,43.2581333],[76.9347788,43.2581062],[76.9346345,43.2581035]]]},"properties":{"osm_id":50655450,"osm_type":"way","name":"","address":"Мәуленов көшесі, 50","source":"OpenStreetMap","source_url":"https://www.openstreetmap.org/way/50655450","building":"yes","levels":9,"height":27,"height_source":"estimated:osm_building_levels_x_3m","height_estimated":true,"min_height":0}},{"type":"Feature","id":"way/124163662","geometry":{"type":"Polygon","coordinates":[[[76.9367559,43.2320314],[76.9364887,43.2322359],[76.9358408,43.2317866],[76.9359929,43.2316798],[76.9362094,43.231613],[76.9362681,43.2316579],[76.9367417,43.2320204],[76.9367559,43.2320314]]]},"properties":{"osm_id":124163662,"osm_type":"way","name":"","address":"улица Тимирязева, 18А","source":"OpenStreetMap","source_url":"https://www.openstreetmap.org/way/124163662","building":"yes","levels":null,"height":12,"height_source":"estimated:display_fallback_12m","height_estimated":true,"min_height":0}},{"type":"Feature","id":"way/314480714","geometry":{"type":"Polygon","coordinates":[[[76.9376493,43.2339071],[76.9376322,43.2338743],[76.9376296,43.2338386],[76.9376417,43.2338039],[76.9376674,43.2337737],[76.9376486,43.2337731],[76.9376513,43.2337296],[76.9377094,43.2337315],[76.9377083,43.2337482],[76.9377533,43.2337347],[76.9378019,43.2337315],[76.9378496,43.233739],[76.9378928,43.2337564],[76.9378937,43.2337424],[76.9379587,43.2337446],[76.9379559,43.2337899],[76.937933,43.2337892],[76.9379539,43.2338353],[76.937949,43.2338827],[76.9379191,43.2339237],[76.9379411,43.2339244],[76.9379386,43.2339684],[76.9378734,43.2339664],[76.9378742,43.2339527],[76.9378288,43.2339661],[76.9377794,43.2339688],[76.9377312,43.2339606],[76.9376901,43.2339422],[76.9376899,43.2339534],[76.9376252,43.2339528],[76.937626,43.2339069],[76.9376493,43.2339071]]]},"properties":{"osm_id":314480714,"osm_type":"way","name":"","address":"3/2","source":"OpenStreetMap","source_url":"https://www.openstreetmap.org/way/314480714","building":"yes","levels":15,"height":45,"height_source":"estimated:osm_building_levels_x_3m","height_estimated":true,"min_height":0}},{"type":"Feature","id":"way/51268798","geometry":{"type":"Polygon","coordinates":[[[76.9378902,43.2372727],[76.9379042,43.2371467],[76.9383387,43.2371723],[76.9383247,43.2372983],[76.9378902,43.2372727]]]},"properties":{"osm_id":51268798,"osm_type":"way","name":"","address":"Қаныш Сәтбаев көшесі, 18Г","source":"OpenStreetMap","source_url":"https://www.openstreetmap.org/way/51268798","building":"apartments","levels":4,"height":12,"height_source":"estimated:osm_building_levels_x_3m","height_estimated":true,"min_height":0}},{"type":"Feature","id":"way/51267838","geometry":{"type":"Polygon","coordinates":[[[76.9381869,43.2410255],[76.9383875,43.2408303],[76.9386272,43.2409634],[76.9384266,43.2411586],[76.9381869,43.2410255]]]},"properties":{"osm_id":51267838,"osm_type":"way","name":"","address":"Наурызбай Батыр көшесі, 152А","source":"OpenStreetMap","source_url":"https://www.openstreetmap.org/way/51267838","building":"apartments","levels":16,"height":48,"height_source":"estimated:osm_building_levels_x_3m","height_estimated":true,"min_height":0}},{"type":"Feature","id":"way/51267829","geometry":{"type":"Polygon","coordinates":[[[76.9361462,43.2421468],[76.936164,43.2420175],[76.9368566,43.2420682],[76.9368388,43.2421975],[76.9361462,43.2421468]]]},"properties":{"osm_id":51267829,"osm_type":"way","name":"","address":"Абай даңғылы, 61","source":"OpenStreetMap","source_url":"https://www.openstreetmap.org/way/51267829","building":"apartments","levels":4,"height":12,"height_source":"estimated:osm_building_levels_x_3m","height_estimated":true,"min_height":0}},{"type":"Feature","id":"way/51008078","geometry":{"type":"Polygon","coordinates":[[[76.939098,43.2474303],[76.9391096,43.2473327],[76.9397877,43.2473753],[76.9397755,43.2474734],[76.939098,43.2474303]]]},"properties":{"osm_id":51008078,"osm_type":"way","name":"","address":"Чайковский көшесі, 176","source":"OpenStreetMap","source_url":"https://www.openstreetmap.org/way/51008078","building":"apartments","levels":5,"height":15,"height_source":"estimated:osm_building_levels_x_3m","height_estimated":true,"min_height":0}},{"type":"Feature","id":"way/51007971","geometry":{"type":"Polygon","coordinates":[[[76.937142,43.2498725],[76.9371999,43.249325],[76.9372956,43.2493304],[76.9373698,43.2493346],[76.937357,43.2494493],[76.9373128,43.2498846],[76.9372363,43.249881],[76.937142,43.2498725]]]},"properties":{"osm_id":51007971,"osm_type":"way","name":"","address":"Наурызбай Батыр көшесі, 110","source":"OpenStreetMap","source_url":"https://www.openstreetmap.org/way/51007971","building":"yes","levels":3,"height":9,"height_source":"estimated:osm_building_levels_x_3m","height_estimated":true,"min_height":0}},{"type":"Feature","id":"way/50878500","geometry":{"type":"Polygon","coordinates":[[[76.9393841,43.2532308],[76.9387363,43.2531942],[76.9387779,43.2528035],[76.9394258,43.2528402],[76.9393841,43.2532308]]]},"properties":{"osm_id":50878500,"osm_type":"way","name":"","address":"Чайковский көшесі, 144","source":"OpenStreetMap","source_url":"https://www.openstreetmap.org/way/50878500","building":"yes","levels":12,"height":36,"height_source":"estimated:osm_building_levels_x_3m","height_estimated":true,"min_height":0}},{"type":"Feature","id":"way/50876742","geometry":{"type":"Polygon","coordinates":[[[76.9364945,43.2557548],[76.9365107,43.25564],[76.9370472,43.2556802],[76.937031,43.255795],[76.9364945,43.2557548]]]},"properties":{"osm_id":50876742,"osm_type":"way","name":"","address":"улица Казыбек Би, 68","source":"OpenStreetMap","source_url":"https://www.openstreetmap.org/way/50876742","building":"apartments","levels":4,"height":12,"height_source":"estimated:osm_building_levels_x_3m","height_estimated":true,"min_height":0}},{"type":"Feature","id":"way/50655434","geometry":{"type":"Polygon","coordinates":[[[76.9382598,43.2587867],[76.9382776,43.2586538],[76.9389859,43.2587041],[76.9389682,43.258837],[76.9382598,43.2587867]]]},"properties":{"osm_id":50655434,"osm_type":"way","name":"","address":"Желтоқсан көшесі, 77","source":"OpenStreetMap","source_url":"https://www.openstreetmap.org/way/50655434","building":"yes","levels":4,"height":12,"height_source":"estimated:osm_building_levels_x_3m","height_estimated":true,"min_height":0}},{"type":"Feature","id":"way/51215745","geometry":{"type":"Polygon","coordinates":[[[76.9425345,43.2307428],[76.9427985,43.2305533],[76.94294,43.230658],[76.942676,43.2308475],[76.9425345,43.2307428]]]},"properties":{"osm_id":51215745,"osm_type":"way","name":"","address":"","source":"OpenStreetMap","source_url":"https://www.openstreetmap.org/way/51215745","building":"industrial","levels":null,"height":12,"height_source":"estimated:display_fallback_12m","height_estimated":true,"min_height":0}},{"type":"Feature","id":"way/314480712","geometry":{"type":"Polygon","coordinates":[[[76.940056,43.2337691],[76.9398789,43.2338836],[76.9401487,43.2341051],[76.9402517,43.2340385],[76.9404194,43.2341717],[76.9402908,43.2341582],[76.9401605,43.2341286],[76.9400759,43.234099],[76.9399372,43.2340004],[76.9398526,43.2339301],[76.9397933,43.233835],[76.9397545,43.2337058],[76.9397565,43.2336082],[76.9398275,43.2335589],[76.9400678,43.2337327],[76.9400441,43.2337463],[76.940056,43.2337691]]]},"properties":{"osm_id":314480712,"osm_type":"way","name":"","address":"","source":"OpenStreetMap","source_url":"https://www.openstreetmap.org/way/314480712","building":"yes","levels":1,"height":3,"height_source":"estimated:osm_building_levels_x_3m","height_estimated":true,"min_height":0}},{"type":"Feature","id":"way/1457790068","geometry":{"type":"Polygon","coordinates":[[[76.9420507,43.23858],[76.9421388,43.2385854],[76.9422386,43.2385915],[76.9422029,43.2389011],[76.9421742,43.2391499],[76.9421289,43.2391471],[76.9419861,43.2391383],[76.9420507,43.23858]]]},"properties":{"osm_id":1457790068,"osm_type":"way","name":"","address":"Желтоқсан көшесі, 172","source":"OpenStreetMap","source_url":"https://www.openstreetmap.org/way/1457790068","building":"retail","levels":3,"height":9,"height_source":"estimated:osm_building_levels_x_3m","height_estimated":true,"min_height":0}},{"type":"Feature","id":"way/1457810617","geometry":{"type":"Polygon","coordinates":[[[76.9436999,43.2400875],[76.9438819,43.2401027],[76.943869,43.2401848],[76.9438473,43.2403232],[76.9438254,43.2404623],[76.9438127,43.2405438],[76.9436305,43.2405286],[76.9436999,43.2400875]]]},"properties":{"osm_id":1457810617,"osm_type":"way","name":"","address":"Абай даңғылы, 20/16","source":"OpenStreetMap","source_url":"https://www.openstreetmap.org/way/1457810617","building":"apartments","levels":3,"height":9,"height_source":"estimated:osm_building_levels_x_3m","height_estimated":true,"min_height":0}},{"type":"Feature","id":"way/51267921","geometry":{"type":"Polygon","coordinates":[[[76.9424095,43.2441008],[76.9424194,43.2440354],[76.9424236,43.2440056],[76.9424449,43.2438559],[76.9424579,43.2437644],[76.9426338,43.2437775],[76.9425864,43.2441148],[76.9424095,43.2441008]]]},"properties":{"osm_id":51267921,"osm_type":"way","name":"","address":"Абылай Хан даңғылы, 145","source":"OpenStreetMap","source_url":"https://www.openstreetmap.org/way/51267921","building":"apartments","levels":4,"height":14,"height_source":"osm:height","height_estimated":false,"min_height":0}},{"type":"Feature","id":"way/51008071","geometry":{"type":"Polygon","coordinates":[[[76.9419227,43.2463507],[76.9417941,43.246342],[76.9415982,43.2463288],[76.9413777,43.246314],[76.9412706,43.2463067],[76.9412866,43.2461807],[76.9419387,43.2462246],[76.9419227,43.2463507]]]},"properties":{"osm_id":51008071,"osm_type":"way","name":"","address":"Шевченко көшесі, 65","source":"OpenStreetMap","source_url":"https://www.openstreetmap.org/way/51008071","building":"apartments","levels":3,"height":11,"height_source":"osm:height","height_estimated":false,"min_height":0}},{"type":"Feature","id":"way/51008139","geometry":{"type":"Polygon","coordinates":[[[76.9407797,43.249661],[76.940749,43.2499173],[76.9407311,43.2500677],[76.9405637,43.2500569],[76.9405765,43.2499519],[76.9406009,43.2497519],[76.9406134,43.2496497],[76.9406986,43.2496552],[76.9407797,43.249661]]]},"properties":{"osm_id":51008139,"osm_type":"way","name":"","address":"","source":"OpenStreetMap","source_url":"https://www.openstreetmap.org/way/51008139","building":"apartments","levels":3,"height":11,"height_source":"osm:height","height_estimated":false,"min_height":0}},{"type":"Feature","id":"way/50878612","geometry":{"type":"Polygon","coordinates":[[[76.9401458,43.2531454],[76.9401794,43.2528894],[76.940351,43.2529014],[76.9403174,43.2531574],[76.9401458,43.2531454]]]},"properties":{"osm_id":50878612,"osm_type":"way","name":"","address":"Желтоқсан көшесі, 124","source":"OpenStreetMap","source_url":"https://www.openstreetmap.org/way/50878612","building":"yes","levels":3,"height":9,"height_source":"estimated:osm_building_levels_x_3m","height_estimated":true,"min_height":0}},{"type":"Feature","id":"way/50876777","geometry":{"type":"Polygon","coordinates":[[[76.9398549,43.2555093],[76.9398929,43.2552138],[76.9399944,43.2552207],[76.9400121,43.2550836],[76.9402941,43.2551028],[76.9402737,43.2552618],[76.9400859,43.255249],[76.9400479,43.2555449],[76.9402161,43.2555564],[76.9401993,43.2556869],[76.9399655,43.255671],[76.9399852,43.2555182],[76.9398549,43.2555093]]]},"properties":{"osm_id":50876777,"osm_type":"way","name":"","address":"Желтоқсан көшесі, 114","source":"OpenStreetMap","source_url":"https://www.openstreetmap.org/way/50876777","building":"yes","levels":3,"height":9,"height_source":"estimated:osm_building_levels_x_3m","height_estimated":true,"min_height":0}},{"type":"Feature","id":"way/37731134","geometry":{"type":"Polygon","coordinates":[[[76.9395576,43.2581579],[76.9395789,43.2580199],[76.9406797,43.2581099],[76.9406598,43.2582392],[76.9406396,43.2582375],[76.9405911,43.2585529],[76.9404037,43.2585376],[76.9404509,43.2582309],[76.9395576,43.2581579]]]},"properties":{"osm_id":37731134,"osm_type":"way","name":"","address":"Абылай Хан даңғылы, 79","source":"OpenStreetMap","source_url":"https://www.openstreetmap.org/way/37731134","building":"yes","levels":3,"height":9,"height_source":"estimated:osm_building_levels_x_3m","height_estimated":true,"min_height":0}},{"type":"Feature","id":"way/1367933752","geometry":{"type":"Polygon","coordinates":[[[76.9473979,43.2301038],[76.947511,43.2300675],[76.9476134,43.2302373],[76.9475004,43.2302735],[76.9473979,43.2301038]]]},"properties":{"osm_id":1367933752,"osm_type":"way","name":"","address":"","source":"OpenStreetMap","source_url":"https://www.openstreetmap.org/way/1367933752","building":"yes","levels":null,"height":12,"height_source":"estimated:display_fallback_12m","height_estimated":true,"min_height":0}},{"type":"Feature","id":"way/1456902025","geometry":{"type":"Polygon","coordinates":[[[76.945643,43.237514],[76.945654,43.2375144],[76.9459818,43.2375324],[76.9459806,43.237545],[76.9459585,43.2376792],[76.9459511,43.2376927],[76.9459369,43.2377035],[76.9459184,43.2377089],[76.9459012,43.2377089],[76.9456504,43.2376932],[76.945635,43.2376882],[76.9456276,43.2376806],[76.9456264,43.2376694],[76.9456361,43.2375784],[76.9456425,43.2375183],[76.945643,43.237514]]]},"properties":{"osm_id":1456902025,"osm_type":"way","name":"","address":"","source":"OpenStreetMap","source_url":"https://www.openstreetmap.org/way/1456902025","building":"yes","levels":null,"height":3,"height_source":"osm:height","height_estimated":false,"min_height":0}},{"type":"Feature","id":"way/1457825497","geometry":{"type":"Polygon","coordinates":[[[76.9468834,43.2416153],[76.9473211,43.2416349],[76.9473171,43.2417028],[76.947287,43.2420255],[76.9471209,43.2420167],[76.9471031,43.2421749],[76.9460161,43.24211],[76.9460242,43.242038],[76.9460343,43.2419479],[76.9463739,43.2419682],[76.9463942,43.2418365],[76.9464371,43.2417537],[76.9468682,43.2417724],[76.9468834,43.2416153]]]},"properties":{"osm_id":1457825497,"osm_type":"way","name":"Алматинский Колледж Архитектуры и Информационных Технологий","address":"Абай даңғылы, 10","source":"OpenStreetMap","source_url":"https://www.openstreetmap.org/way/1457825497","building":"college","levels":null,"height":12,"height_source":"estimated:display_fallback_12m","height_estimated":true,"min_height":0}},{"type":"Feature","id":"way/51267941","geometry":{"type":"Polygon","coordinates":[[[76.9452457,43.2443594],[76.9452632,43.2442149],[76.9453748,43.244222],[76.945632,43.2442386],[76.9457272,43.2442447],[76.9457097,43.2443892],[76.9456534,43.2443857],[76.9455795,43.2443809],[76.9452457,43.2443594]]]},"properties":{"osm_id":51267941,"osm_type":"way","name":"","address":"Құрманғазы көшесі, 54","source":"OpenStreetMap","source_url":"https://www.openstreetmap.org/way/51267941","building":"apartments","levels":3,"height":11,"height_source":"osm:height","height_estimated":false,"min_height":0}},{"type":"Feature","id":"way/51155270","geometry":{"type":"Polygon","coordinates":[[[76.9475086,43.2457508],[76.9475168,43.2456728],[76.9475344,43.2455063],[76.9475553,43.2453089],[76.9475723,43.2451478],[76.9475784,43.2450897],[76.9477641,43.2451001],[76.9476943,43.2457613],[76.9475086,43.2457508]]]},"properties":{"osm_id":51155270,"osm_type":"way","name":"","address":"Назарбаев даңғылы, 165","source":"OpenStreetMap","source_url":"https://www.openstreetmap.org/way/51155270","building":"apartments","levels":4,"height":14,"height_source":"osm:height","height_estimated":false,"min_height":0}},{"type":"Feature","id":"way/1468482330","geometry":{"type":"Polygon","coordinates":[[[76.9476473,43.2510018],[76.9476882,43.250691],[76.9477388,43.2506945],[76.94785,43.2507022],[76.9478072,43.2510129],[76.947729,43.2510076],[76.9476473,43.2510018]]]},"properties":{"osm_id":1468482330,"osm_type":"way","name":"","address":"Назарбаев даңғылы, 124/2","source":"OpenStreetMap","source_url":"https://www.openstreetmap.org/way/1468482330","building":"retail","levels":4,"height":14,"height_source":"osm:height","height_estimated":false,"min_height":0}},{"type":"Feature","id":"way/50898891","geometry":{"type":"Polygon","coordinates":[[[76.9470174,43.2541522],[76.9470611,43.2538255],[76.9472419,43.2538384],[76.9472299,43.2539285],[76.947209,43.2540836],[76.9471981,43.2541651],[76.9470174,43.2541522]]]},"properties":{"osm_id":50898891,"osm_type":"way","name":"","address":"Назарбаев даңғылы, 112","source":"OpenStreetMap","source_url":"https://www.openstreetmap.org/way/50898891","building":"apartments","levels":4,"height":14,"height_source":"osm:height","height_estimated":false,"min_height":0}},{"type":"Feature","id":"way/1458336085","geometry":{"type":"Polygon","coordinates":[[[76.9456125,43.2545328],[76.9457709,43.254544],[76.9461431,43.2545703],[76.9462829,43.2545802],[76.9462638,43.2547237],[76.9455934,43.2546763],[76.9456125,43.2545328]]]},"properties":{"osm_id":1458336085,"osm_type":"way","name":"","address":"Төле Би көшесі, 64","source":"OpenStreetMap","source_url":"https://www.openstreetmap.org/way/1458336085","building":"apartments","levels":3,"height":10,"height_source":"osm:height","height_estimated":false,"min_height":0}},{"type":"Feature","id":"way/755385458","geometry":{"type":"Polygon","coordinates":[[[76.946429,43.2587773],[76.9464561,43.2585298],[76.9465265,43.2584902],[76.9466696,43.2584985],[76.9466561,43.2586226],[76.9466379,43.2587894],[76.946429,43.2587773]]]},"properties":{"osm_id":755385458,"osm_type":"way","name":"","address":"Назарбаев даңғылы, 88","source":"OpenStreetMap","source_url":"https://www.openstreetmap.org/way/755385458","building":"retail","levels":3,"height":11,"height_source":"osm:height","height_estimated":false,"min_height":0}},{"type":"Feature","id":"way/51215787","geometry":{"type":"Polygon","coordinates":[[[76.9486277,43.2304292],[76.9487184,43.2298753],[76.9489,43.2298911],[76.9488093,43.2304449],[76.9487772,43.2304421],[76.9486277,43.2304292]]]},"properties":{"osm_id":51215787,"osm_type":"way","name":"","address":"Назарбаев даңғылы, 235","source":"OpenStreetMap","source_url":"https://www.openstreetmap.org/way/51215787","building":"apartments","levels":5,"height":15,"height_source":"estimated:osm_building_levels_x_3m","height_estimated":true,"min_height":0}},{"type":"Feature","id":"way/1370482476","geometry":{"type":"Polygon","coordinates":[[[76.9517062,43.2344098],[76.9516226,43.2344053],[76.9516239,43.2343924],[76.9516057,43.2343915],[76.9516019,43.2344297],[76.9516244,43.2344309],[76.9516215,43.2344596],[76.9516369,43.2344604],[76.9516313,43.2345148],[76.9515513,43.2345105],[76.9515523,43.234501],[76.9514733,43.2344967],[76.9514723,43.2345065],[76.9513893,43.234502],[76.9513951,43.2344451],[76.9514129,43.234446],[76.9514193,43.2343824],[76.9514023,43.2343815],[76.9514074,43.2343311],[76.9514979,43.234336],[76.9514962,43.2343527],[76.951516,43.2343537],[76.9515188,43.2343257],[76.9515203,43.2343113],[76.9514938,43.2343098],[76.9514963,43.2342848],[76.9514834,43.2342841],[76.9514888,43.2342307],[76.9515655,43.2342348],[76.9515643,43.2342465],[76.9516434,43.2342507],[76.9516445,43.2342396],[76.9517227,43.2342437],[76.9517167,43.234303],[76.9517003,43.2343022],[76.951694,43.2343646],[76.9517107,43.2343655],[76.9517062,43.2344098]]]},"properties":{"osm_id":1370482476,"osm_type":"way","name":"","address":"33","source":"OpenStreetMap","source_url":"https://www.openstreetmap.org/way/1370482476","building":"residential","levels":12,"height":36,"height_source":"estimated:osm_building_levels_x_3m","height_estimated":true,"min_height":0}},{"type":"Feature","id":"way/444574817","geometry":{"type":"Polygon","coordinates":[[[76.9514319,43.2368825],[76.9515061,43.2363199],[76.951512,43.2362756],[76.9515574,43.2359318],[76.9515896,43.2356872],[76.9515945,43.2356503],[76.9517374,43.2356603],[76.9517267,43.2357412],[76.9517055,43.2359014],[76.9517023,43.2359254],[76.9516827,43.2360738],[76.9516791,43.2361014],[76.9516764,43.2361219],[76.9516583,43.2362583],[76.9516554,43.2362803],[76.9516524,43.2363027],[76.9516319,43.2364576],[76.951629,43.2364797],[76.9516263,43.2365006],[76.9516071,43.2366458],[76.9516046,43.2366647],[76.9516019,43.2366851],[76.9515863,43.2368031],[76.9515844,43.2368172],[76.9515823,43.2368329],[76.9515744,43.2368925],[76.9514319,43.2368825]]]},"properties":{"osm_id":444574817,"osm_type":"way","name":"","address":"","source":"OpenStreetMap","source_url":"https://www.openstreetmap.org/way/444574817","building":"apartments","levels":5,"height":15,"height_source":"estimated:osm_building_levels_x_3m","height_estimated":true,"min_height":0}},{"type":"Feature","id":"way/1458827522","geometry":{"type":"Polygon","coordinates":[[[76.9501341,43.2406285],[76.9499952,43.2410009],[76.9497176,43.2409476],[76.9496921,43.2409427],[76.9496975,43.2409286],[76.9498358,43.2405675],[76.9501341,43.2406285]]]},"properties":{"osm_id":1458827522,"osm_type":"way","name":"","address":"","source":"OpenStreetMap","source_url":"https://www.openstreetmap.org/way/1458827522","building":"yes","levels":null,"height":6,"height_source":"osm:height","height_estimated":false,"min_height":0}},{"type":"Feature","id":"way/51267965","geometry":{"type":"Polygon","coordinates":[[[76.9501388,43.24352],[76.9501517,43.2434021],[76.9506462,43.2434309],[76.9506332,43.2435489],[76.9504936,43.2435407],[76.9502654,43.2435274],[76.9501388,43.24352]]]},"properties":{"osm_id":51267965,"osm_type":"way","name":"","address":"Мұқан Төлебаев көшесі, 194","source":"OpenStreetMap","source_url":"https://www.openstreetmap.org/way/51267965","building":"apartments","levels":5,"height":17,"height_source":"osm:height","height_estimated":false,"min_height":0}},{"type":"Feature","id":"way/51155775","geometry":{"type":"Polygon","coordinates":[[[76.9499232,43.2451195],[76.9499341,43.2450291],[76.9512912,43.2451161],[76.9512857,43.2451622],[76.9512803,43.2452067],[76.9499232,43.2451195]]]},"properties":{"osm_id":51155775,"osm_type":"way","name":"","address":"Құрманғазы көшесі, 31","source":"OpenStreetMap","source_url":"https://www.openstreetmap.org/way/51155775","building":"apartments","levels":5,"height":15,"height_source":"osm:height","height_estimated":false,"min_height":0}},{"type":"Feature","id":"way/50898914","geometry":{"type":"Polygon","coordinates":[[[76.9516728,43.2496232],[76.9516887,43.2495077],[76.952211,43.2495359],[76.9521955,43.2496514],[76.9520737,43.2496448],[76.9517907,43.2496295],[76.9516728,43.2496232]]]},"properties":{"osm_id":50898914,"osm_type":"way","name":"","address":"Шоқан Уәлиханов көшесі, 115","source":"OpenStreetMap","source_url":"https://www.openstreetmap.org/way/50898914","building":"apartments","levels":5,"height":17,"height_source":"osm:height","height_estimated":false,"min_height":0}},{"type":"Feature","id":"way/50898923","geometry":{"type":"Polygon","coordinates":[[[76.949456,43.2515537],[76.9494774,43.2514032],[76.9497675,43.2514251],[76.9497461,43.2515755],[76.949456,43.2515537]]]},"properties":{"osm_id":50898923,"osm_type":"way","name":"","address":"Қарасай Батыр көшесі, 48","source":"OpenStreetMap","source_url":"https://www.openstreetmap.org/way/50898923","building":"house","levels":2,"height":8,"height_source":"osm:height","height_estimated":false,"min_height":0}},{"type":"Feature","id":"way/50568033","geometry":{"type":"Polygon","coordinates":[[[76.9484358,43.2566054],[76.94845,43.2564777],[76.9486081,43.256487],[76.9488434,43.2565009],[76.9489876,43.2565094],[76.9489903,43.2564855],[76.9491179,43.256493],[76.9492313,43.2564997],[76.9492264,43.2565442],[76.9492166,43.2566326],[76.9489722,43.2566182],[76.9489701,43.2566369],[76.9484358,43.2566054]]]},"properties":{"osm_id":50568033,"osm_type":"way","name":"","address":"Мұқан Төлебаев көшесі, 96","source":"OpenStreetMap","source_url":"https://www.openstreetmap.org/way/50568033","building":"apartments","levels":4,"height":14,"height_source":"osm:height","height_estimated":false,"min_height":0}},{"type":"Feature","id":"way/50568050","geometry":{"type":"Polygon","coordinates":[[[76.9483071,43.2577823],[76.9483845,43.2572352],[76.9485443,43.2572472],[76.9485268,43.2573711],[76.9485055,43.2575215],[76.9484841,43.2576734],[76.948467,43.2577943],[76.9483071,43.2577823]]]},"properties":{"osm_id":50568050,"osm_type":"way","name":"","address":"Мұқан Төлебаев көшесі, 82","source":"OpenStreetMap","source_url":"https://www.openstreetmap.org/way/50568050","building":"apartments","levels":5,"height":15,"height_source":"estimated:osm_building_levels_x_3m","height_estimated":true,"min_height":0}},{"type":"Feature","id":"way/1426781383","geometry":{"type":"Polygon","coordinates":[[[76.9535046,43.2326535],[76.9535169,43.2325818],[76.9538389,43.2326006],[76.9538306,43.2326759],[76.9535046,43.2326535]]]},"properties":{"osm_id":1426781383,"osm_type":"way","name":"Bereke","address":"","source":"OpenStreetMap","source_url":"https://www.openstreetmap.org/way/1426781383","building":"yes","levels":null,"height":12,"height_source":"estimated:display_fallback_12m","height_estimated":true,"min_height":0}},{"type":"Feature","id":"way/240066539","geometry":{"type":"Polygon","coordinates":[[[76.9516612,43.2351661],[76.9519339,43.2351858],[76.9519842,43.2351894],[76.9526218,43.2352355],[76.9526116,43.2353083],[76.9526813,43.2353135],[76.9527858,43.2353212],[76.9527333,43.2356525],[76.9526458,43.2356463],[76.9526329,43.2357517],[76.9523985,43.2357359],[76.9524144,43.2356315],[76.9525053,43.2356375],[76.9525962,43.2356435],[76.9526072,43.2355726],[76.9526306,43.2354226],[76.952642,43.2353488],[76.952512,43.2353386],[76.9522815,43.2353203],[76.9520778,43.2353042],[76.9518709,43.2352878],[76.951791,43.2352815],[76.9516443,43.2352699],[76.9516612,43.2351661]]]},"properties":{"osm_id":240066539,"osm_type":"way","name":"","address":"","source":"OpenStreetMap","source_url":"https://www.openstreetmap.org/way/240066539","building":"apartments","levels":5,"height":15,"height_source":"estimated:osm_building_levels_x_3m","height_estimated":true,"min_height":0}},{"type":"Feature","id":"way/252584411","geometry":{"type":"Polygon","coordinates":[[[76.9529134,43.2362522],[76.9529923,43.2359145],[76.9532148,43.2359421],[76.9531358,43.2362798],[76.9529134,43.2362522]]]},"properties":{"osm_id":252584411,"osm_type":"way","name":"","address":"","source":"OpenStreetMap","source_url":"https://www.openstreetmap.org/way/252584411","building":"yes","levels":1,"height":4,"height_source":"osm:height","height_estimated":false,"min_height":0}},{"type":"Feature","id":"way/1459001268","geometry":{"type":"Polygon","coordinates":[[[76.954531,43.2396304],[76.9553812,43.239687],[76.9558429,43.2397177],[76.9558366,43.2397686],[76.9558001,43.2400595],[76.9557918,43.2401257],[76.9557126,43.2401204],[76.9557061,43.2401725],[76.9556219,43.2401669],[76.9552254,43.2401405],[76.9552271,43.2401275],[76.9552321,43.2400872],[76.9549398,43.2400677],[76.9549605,43.2399021],[76.9545008,43.2398715],[76.954531,43.2396304]]]},"properties":{"osm_id":1459001268,"osm_type":"way","name":"ТЦ Colibri","address":"","source":"OpenStreetMap","source_url":"https://www.openstreetmap.org/way/1459001268","building":"yes","levels":1,"height":5,"height_source":"osm:height","height_estimated":false,"min_height":0}},{"type":"Feature","id":"way/1420967920","geometry":{"type":"Polygon","coordinates":[[[76.9552018,43.2439759],[76.9555267,43.2439997],[76.9554345,43.2446315],[76.9553962,43.2448937],[76.9553775,43.2450218],[76.9550546,43.2450017],[76.9552018,43.2439759]]]},"properties":{"osm_id":1420967920,"osm_type":"way","name":"","address":"Пушкин көшесі, 118/16","source":"OpenStreetMap","source_url":"https://www.openstreetmap.org/way/1420967920","building":"commercial","levels":5,"height":15,"height_source":"estimated:osm_building_levels_x_3m","height_estimated":true,"min_height":0}},{"type":"Feature","id":"way/51155797","geometry":{"type":"Polygon","coordinates":[[[76.9549807,43.2467033],[76.9550404,43.2460744],[76.9551783,43.2460813],[76.9551706,43.2461629],[76.9551563,43.2463138],[76.9551432,43.2464513],[76.9551267,43.2466262],[76.9551203,43.2466937],[76.9551187,43.2467103],[76.9549807,43.2467033]]]},"properties":{"osm_id":51155797,"osm_type":"way","name":"","address":"Пушкин көшесі, 114","source":"OpenStreetMap","source_url":"https://www.openstreetmap.org/way/51155797","building":"apartments","levels":4,"height":12,"height_source":"estimated:osm_building_levels_x_3m","height_estimated":true,"min_height":0}},{"type":"Feature","id":"way/27054588","geometry":{"type":"Polygon","coordinates":[[[76.9556434,43.2501528],[76.9556294,43.250272],[76.9549791,43.2502344],[76.9549933,43.2501134],[76.9550925,43.2501194],[76.9553183,43.2501331],[76.9555304,43.2501459],[76.9556434,43.2501528]]]},"properties":{"osm_id":27054588,"osm_type":"way","name":"","address":"Қабанбай Батыр көшесі, 76","source":"OpenStreetMap","source_url":"https://www.openstreetmap.org/way/27054588","building":"apartments","levels":4,"height":14,"height_source":"osm:height","height_estimated":false,"min_height":0}},{"type":"Feature","id":"way/43313797","geometry":{"type":"Polygon","coordinates":[[[76.9524078,43.2532177],[76.9525236,43.2522966],[76.9526805,43.252307],[76.9526647,43.2524333],[76.9526438,43.2526],[76.9526234,43.2527622],[76.952598,43.2529652],[76.9525765,43.2531361],[76.952565,43.2532282],[76.9524078,43.2532177]]]},"properties":{"osm_id":43313797,"osm_type":"way","name":"","address":"Шоқан Уәлиханов көшесі, 84","source":"OpenStreetMap","source_url":"https://www.openstreetmap.org/way/43313797","building":"apartments","levels":5,"height":17,"height_source":"osm:height","height_estimated":false,"min_height":0}},{"type":"Feature","id":"way/50898975","geometry":{"type":"Polygon","coordinates":[[[76.9544442,43.2552366],[76.9544907,43.2548703],[76.9546523,43.2548812],[76.9546369,43.2550019],[76.954617,43.2551581],[76.9546057,43.2552475],[76.9544442,43.2552366]]]},"properties":{"osm_id":50898975,"osm_type":"way","name":"","address":"Төле Би көшесі, 28","source":"OpenStreetMap","source_url":"https://www.openstreetmap.org/way/50898975","building":"apartments","levels":4,"height":14,"height_source":"osm:height","height_estimated":false,"min_height":0}},{"type":"Feature","id":"way/250146240","geometry":{"type":"Polygon","coordinates":[[[76.9527731,43.257672],[76.9522727,43.2576349],[76.9523211,43.2572886],[76.9526624,43.2573139],[76.9526714,43.2572494],[76.9528777,43.2572647],[76.9528726,43.257301],[76.952988,43.2573096],[76.9529456,43.2576129],[76.9527831,43.2576009],[76.9527731,43.257672]]]},"properties":{"osm_id":250146240,"osm_type":"way","name":"","address":"улица Казыбек Би, 43","source":"OpenStreetMap","source_url":"https://www.openstreetmap.org/way/250146240","building":"yes","levels":1,"height":3,"height_source":"estimated:osm_building_levels_x_3m","height_estimated":true,"min_height":0}},{"type":"Feature","id":"way/51214896","geometry":{"type":"Polygon","coordinates":[[[76.9594946,43.2330197],[76.9595086,43.2329867],[76.9594849,43.2329768],[76.959465,43.2329603],[76.9594529,43.2329369],[76.9594543,43.2329108],[76.9594702,43.2328868],[76.9594958,43.2328705],[76.9595282,43.2328624],[76.959561,43.2328635],[76.9596007,43.2327701],[76.9598305,43.2328219],[76.9597245,43.2330714],[76.9594946,43.2330197]]]},"properties":{"osm_id":51214896,"osm_type":"way","name":"Grand Mildom","address":"Достық даңғылы, 172","source":"OpenStreetMap","source_url":"https://www.openstreetmap.org/way/51214896","building":"yes","levels":9,"height":27,"height_source":"estimated:osm_building_levels_x_3m","height_estimated":true,"min_height":0}},{"type":"Feature","id":"way/1458785481","geometry":{"type":"Polygon","coordinates":[[[76.9590562,43.2349572],[76.9591118,43.234807],[76.9593211,43.2348481],[76.9593063,43.2348882],[76.9593391,43.2348946],[76.9593162,43.2349563],[76.9592841,43.2349499],[76.9592708,43.2349858],[76.9591479,43.2349616],[76.9591432,43.2349743],[76.9590562,43.2349572]]]},"properties":{"osm_id":1458785481,"osm_type":"way","name":"DE LUXE PLAZA","address":"Инженерная көшесі, 17","source":"OpenStreetMap","source_url":"https://www.openstreetmap.org/way/1458785481","building":"hotel","levels":9,"height":27,"height_source":"estimated:osm_building_levels_x_3m","height_estimated":true,"min_height":0}},{"type":"Feature","id":"way/1458785461","geometry":{"type":"Polygon","coordinates":[[[76.9587366,43.2363628],[76.9587541,43.2363941],[76.958756,43.2364279],[76.9587421,43.2364601],[76.9587141,43.236487],[76.9586752,43.2365055],[76.95863,43.2365133],[76.9585839,43.2365094],[76.9585453,43.236496],[76.9585143,43.2364745],[76.9584942,43.236447],[76.9584868,43.2364163],[76.958493,43.2363855],[76.9585121,43.2363576],[76.9585422,43.2363354],[76.9585803,43.2363212],[76.9586226,43.2363165],[76.9586648,43.2363215],[76.9587057,43.2363376],[76.9587366,43.2363628]]]},"properties":{"osm_id":1458785461,"osm_type":"way","name":"Qazmin Aqtobe","address":"Достық даңғылы, 132/1","source":"OpenStreetMap","source_url":"https://www.openstreetmap.org/way/1458785461","building":"yes","levels":3,"height":9,"height_source":"estimated:osm_building_levels_x_3m","height_estimated":true,"min_height":0}},{"type":"Feature","id":"way/1459001137","geometry":{"type":"Polygon","coordinates":[[[76.9566279,43.2415564],[76.9568217,43.2415677],[76.9568307,43.2414853],[76.9568966,43.2414883],[76.9568826,43.2416087],[76.9568139,43.2416048],[76.9568096,43.2416479],[76.9566165,43.2416362],[76.9566267,43.2415646],[76.9566279,43.2415564]]]},"properties":{"osm_id":1459001137,"osm_type":"way","name":"Procoffee","address":"","source":"OpenStreetMap","source_url":"https://www.openstreetmap.org/way/1459001137","building":"retail","levels":1,"height":3,"height_source":"estimated:osm_building_levels_x_3m","height_estimated":true,"min_height":0}},{"type":"Feature","id":"way/53280121","geometry":{"type":"Polygon","coordinates":[[[76.9600705,43.2436849],[76.9597951,43.2436636],[76.9586081,43.2435716],[76.9586658,43.2431766],[76.9587234,43.2427815],[76.9601859,43.2428948],[76.9600705,43.2436849]]]},"properties":{"osm_id":53280121,"osm_type":"way","name":"Дворец Республики","address":"Достық даңғылы, 56","source":"OpenStreetMap","source_url":"https://www.openstreetmap.org/way/53280121","building":"yes","levels":3,"height":9,"height_source":"estimated:osm_building_levels_x_3m","height_estimated":true,"min_height":0}},{"type":"Feature","id":"way/249953479","geometry":{"type":"Polygon","coordinates":[[[76.9592587,43.245902],[76.9593407,43.2459065],[76.9593097,43.2461934],[76.9591376,43.2461826],[76.959142,43.246156],[76.9591476,43.2461025],[76.9591504,43.2460753],[76.9591628,43.2459564],[76.9591444,43.2459401],[76.959127,43.2459246],[76.9589898,43.2459167],[76.9589175,43.2459125],[76.9589196,43.2458928],[76.9588375,43.2458881],[76.9588354,43.2459075],[76.9587124,43.2459004],[76.9586377,43.2458961],[76.9586302,43.2459669],[76.9584606,43.2459573],[76.958469,43.2458778],[76.9585404,43.2458818],[76.9585475,43.2458144],[76.958615,43.2458182],[76.9586207,43.2457652],[76.9586889,43.2457691],[76.9589287,43.2457829],[76.9592313,43.2458003],[76.9592267,43.2458428],[76.9592469,43.2458308],[76.9592996,43.2458776],[76.9592587,43.245902]]]},"properties":{"osm_id":249953479,"osm_type":"way","name":"","address":"Зенков көшесі, 96","source":"OpenStreetMap","source_url":"https://www.openstreetmap.org/way/249953479","building":"apartments","levels":5,"height":17,"height_source":"osm:height","height_estimated":false,"min_height":0}},{"type":"Feature","id":"way/27054565","geometry":{"type":"Polygon","coordinates":[[[76.9586039,43.2483415],[76.9586214,43.2482124],[76.9591259,43.2482487],[76.9591084,43.2483779],[76.9589808,43.2483687],[76.9587153,43.2483495],[76.9586039,43.2483415]]]},"properties":{"osm_id":27054565,"osm_type":"way","name":"","address":"Қалдаяқов көшесі, 95","source":"OpenStreetMap","source_url":"https://www.openstreetmap.org/way/27054565","building":"apartments","levels":5,"height":15,"height_source":"osm:height","height_estimated":false,"min_height":0}},{"type":"Feature","id":"way/189481333","geometry":{"type":"Polygon","coordinates":[[[76.9591782,43.2534057],[76.9594196,43.2534224],[76.9593533,43.2539315],[76.959112,43.2539148],[76.9591782,43.2534057]]]},"properties":{"osm_id":189481333,"osm_type":"way","name":"","address":"Қалдаяқов көшесі, 70","source":"OpenStreetMap","source_url":"https://www.openstreetmap.org/way/189481333","building":"yes","levels":4,"height":14,"height_source":"osm:height","height_estimated":false,"min_height":0}},{"type":"Feature","id":"way/50648293","geometry":{"type":"Polygon","coordinates":[[[76.9590531,43.2555286],[76.959115,43.2550382],[76.9593074,43.2550511],[76.9592616,43.255414],[76.9596049,43.2554369],[76.9596422,43.2551412],[76.9598794,43.2551571],[76.9598265,43.2555762],[76.9596839,43.2555666],[76.9596859,43.2555506],[76.9591876,43.2555173],[76.9591851,43.2555374],[76.9591311,43.2555338],[76.9590531,43.2555286]]]},"properties":{"osm_id":50648293,"osm_type":"way","name":"","address":"Төле Би көшесі, 10","source":"OpenStreetMap","source_url":"https://www.openstreetmap.org/way/50648293","building":"school","levels":3,"height":9,"height_source":"estimated:osm_building_levels_x_3m","height_estimated":true,"min_height":0}},{"type":"Feature","id":"way/50648315","geometry":{"type":"Polygon","coordinates":[[[76.9556944,43.2571165],[76.9556963,43.2570964],[76.9557088,43.2569635],[76.9557833,43.256967],[76.9558003,43.2569825],[76.9558343,43.2569845],[76.9558386,43.2569536],[76.9559392,43.2569608],[76.9559364,43.2569856],[76.9559761,43.2569887],[76.9559959,43.2569722],[76.9561632,43.2569794],[76.9561845,43.257],[76.9562156,43.2570021],[76.9562213,43.2569794],[76.9563248,43.2569856],[76.9563191,43.2570073],[76.9563645,43.2570114],[76.9563829,43.256999],[76.956458,43.257],[76.9564708,43.2569856],[76.9565743,43.2569938],[76.9565757,43.2570083],[76.9566735,43.2570135],[76.956665,43.2570857],[76.9566806,43.2571033],[76.9566707,43.2571466],[76.9566324,43.2571735],[76.9565672,43.2571693],[76.9565431,43.2571487],[76.956458,43.2571456],[76.9564396,43.257159],[76.9563616,43.2571528],[76.9563517,43.2571394],[76.9563375,43.2571477],[76.9561745,43.2571404],[76.9561674,43.257128],[76.9561504,43.2571384],[76.9559789,43.2571301],[76.9559619,43.2571126],[76.9559435,43.2571301],[76.9558031,43.2571229],[76.9557861,43.2571095],[76.9557691,43.2571208],[76.9556944,43.2571165]]]},"properties":{"osm_id":50648315,"osm_type":"way","name":"White Fort","address":"улица Казыбек Би, 24","source":"OpenStreetMap","source_url":"https://www.openstreetmap.org/way/50648315","building":"apartments","levels":9,"height":27,"height_source":"estimated:osm_building_levels_x_3m","height_estimated":true,"min_height":0}},{"type":"Feature","id":"way/436865199","geometry":{"type":"Polygon","coordinates":[[[76.9209784,43.2328878],[76.921042,43.2328514],[76.9211522,43.2329536],[76.9210886,43.23299],[76.9209784,43.2328878]]]},"properties":{"osm_id":436865199,"osm_type":"way","name":"","address":"","source":"OpenStreetMap","source_url":"https://www.openstreetmap.org/way/436865199","building":"yes","levels":1,"height":3,"height_source":"estimated:osm_building_levels_x_3m","height_estimated":true,"min_height":0}},{"type":"Feature","id":"way/1454936544","geometry":{"type":"Polygon","coordinates":[[[76.9230037,43.2344116],[76.9230326,43.2343857],[76.9230744,43.2343831],[76.9231091,43.2344028],[76.9231143,43.2344369],[76.9230841,43.2344603],[76.9230415,43.2344625],[76.9230077,43.2344421],[76.9230037,43.2344116]]]},"properties":{"osm_id":1454936544,"osm_type":"way","name":"","address":"","source":"OpenStreetMap","source_url":"https://www.openstreetmap.org/way/1454936544","building":"yes","levels":1,"height":3,"height_source":"estimated:osm_building_levels_x_3m","height_estimated":true,"min_height":0}},{"type":"Feature","id":"way/51337339","geometry":{"type":"Polygon","coordinates":[[[76.9218875,43.2366086],[76.9219038,43.23647],[76.9225967,43.2365132],[76.9225804,43.2366519],[76.9224358,43.2366428],[76.922234,43.2366302],[76.922027,43.2366173],[76.9218875,43.2366086]]]},"properties":{"osm_id":51337339,"osm_type":"way","name":"","address":"Қаныш Сәтбаев көшесі, 30","source":"OpenStreetMap","source_url":"https://www.openstreetmap.org/way/51337339","building":"apartments","levels":3,"height":9,"height_source":"estimated:osm_building_levels_x_3m","height_estimated":true,"min_height":0}},{"type":"Feature","id":"way/51275634","geometry":{"type":"Polygon","coordinates":[[[76.9232546,43.2424073],[76.9232657,43.2422853],[76.9233003,43.2419031],[76.9233228,43.2416548],[76.9234497,43.2416609],[76.9235678,43.2416666],[76.9234997,43.2424191],[76.9232546,43.2424073]]]},"properties":{"osm_id":51275634,"osm_type":"way","name":"","address":"Әди Шәріпов көшесі, 157","source":"OpenStreetMap","source_url":"https://www.openstreetmap.org/way/51275634","building":"yes","levels":4,"height":12,"height_source":"estimated:osm_building_levels_x_3m","height_estimated":true,"min_height":0}},{"type":"Feature","id":"way/51276014","geometry":{"type":"Polygon","coordinates":[[[76.9232329,43.2426469],[76.9232546,43.2424073],[76.9234997,43.2424191],[76.9234779,43.2426587],[76.9232329,43.2426469]]]},"properties":{"osm_id":51276014,"osm_type":"way","name":"","address":"","source":"OpenStreetMap","source_url":"https://www.openstreetmap.org/way/51276014","building":"yes","levels":4,"height":12,"height_source":"estimated:osm_building_levels_x_3m","height_estimated":true,"min_height":0}},{"type":"Feature","id":"way/51276041","geometry":{"type":"Polygon","coordinates":[[[76.9215742,43.247698],[76.921632,43.2471201],[76.9217123,43.2471244],[76.9217987,43.247129],[76.9217411,43.2477068],[76.9215742,43.247698]]]},"properties":{"osm_id":51276041,"osm_type":"way","name":"","address":"Шагабутдинов көшесі, 112","source":"OpenStreetMap","source_url":"https://www.openstreetmap.org/way/51276041","building":"apartments","levels":5,"height":15,"height_source":"estimated:osm_building_levels_x_3m","height_estimated":true,"min_height":0}},{"type":"Feature","id":"way/51276071","geometry":{"type":"Polygon","coordinates":[[[76.9195119,43.2487791],[76.9195174,43.2486726],[76.9203385,43.2486952],[76.920333,43.2488017],[76.9195119,43.2487791]]]},"properties":{"osm_id":51276071,"osm_type":"way","name":"","address":"Мұратбаев көшесі, 160","source":"OpenStreetMap","source_url":"https://www.openstreetmap.org/way/51276071","building":"yes","levels":4,"height":12,"height_source":"estimated:osm_building_levels_x_3m","height_estimated":true,"min_height":0}},{"type":"Feature","id":"way/50877073","geometry":{"type":"Polygon","coordinates":[[[76.9225258,43.253041],[76.9225918,43.252431],[76.9227615,43.2524407],[76.9227081,43.2529338],[76.9231185,43.2529573],[76.9231058,43.2530743],[76.9225258,43.253041]]]},"properties":{"osm_id":50877073,"osm_type":"way","name":"","address":"Төле Би көшесі, 106","source":"OpenStreetMap","source_url":"https://www.openstreetmap.org/way/50877073","building":"dormitory","levels":3,"height":9,"height_source":"estimated:osm_building_levels_x_3m","height_estimated":true,"min_height":0}},{"type":"Feature","id":"way/50876621","geometry":{"type":"Polygon","coordinates":[[[76.9187406,43.2545781],[76.9187565,43.2544545],[76.9201153,43.2545722],[76.9200899,43.254689],[76.9187406,43.2545781]]]},"properties":{"osm_id":50876621,"osm_type":"way","name":"","address":"улица Казыбек Би, 124","source":"OpenStreetMap","source_url":"https://www.openstreetmap.org/way/50876621","building":"yes","levels":4,"height":12,"height_source":"estimated:osm_building_levels_x_3m","height_estimated":true,"min_height":0}},{"type":"Feature","id":"way/50876153","geometry":{"type":"Polygon","coordinates":[[[76.9226811,43.2588059],[76.9227036,43.2586416],[76.923019,43.2586645],[76.9229965,43.2588289],[76.9226811,43.2588059]]]},"properties":{"osm_id":50876153,"osm_type":"way","name":"","address":"Гоголь көшесі, 157","source":"OpenStreetMap","source_url":"https://www.openstreetmap.org/way/50876153","building":"yes","levels":null,"height":12,"height_source":"estimated:display_fallback_12m","height_estimated":true,"min_height":0}},{"type":"Feature","id":"way/51350374","geometry":{"type":"Polygon","coordinates":[[[76.9241345,43.2295193],[76.9242481,43.2294303],[76.9253463,43.2301746],[76.9252327,43.2302636],[76.9241345,43.2295193]]]},"properties":{"osm_id":51350374,"osm_type":"way","name":"","address":"21","source":"OpenStreetMap","source_url":"https://www.openstreetmap.org/way/51350374","building":"apartments","levels":4,"height":12,"height_source":"estimated:osm_building_levels_x_3m","height_estimated":true,"min_height":0}},{"type":"Feature","id":"way/253639728","geometry":{"type":"Polygon","coordinates":[[[76.9276829,43.2355291],[76.9274386,43.2353566],[76.927538,43.2352819],[76.9277823,43.2354543],[76.9276829,43.2355291]]]},"properties":{"osm_id":253639728,"osm_type":"way","name":"","address":"бульвар Бухар Жырау, 2","source":"OpenStreetMap","source_url":"https://www.openstreetmap.org/way/253639728","building":"yes","levels":2,"height":6,"height_source":"estimated:osm_building_levels_x_3m","height_estimated":true,"min_height":0}},{"type":"Feature","id":"way/51337221","geometry":{"type":"Polygon","coordinates":[[[76.9247725,43.2366623],[76.9247757,43.2366302],[76.9247653,43.236609],[76.9247636,43.2365843],[76.9247705,43.2365587],[76.9247848,43.2365383],[76.9247877,43.2365097],[76.9248264,43.2364889],[76.9248606,43.2365076],[76.925344,43.2365348],[76.9253761,43.2365239],[76.9254145,43.2365514],[76.9254091,43.2365996],[76.925398,43.2367001],[76.9253478,43.2367147],[76.9252073,43.2367076],[76.9252071,43.2367171],[76.9249488,43.2367025],[76.9249494,43.2366946],[76.9248253,43.2366883],[76.9247725,43.2366623]]]},"properties":{"osm_id":51337221,"osm_type":"way","name":"","address":"Қаныш Сәтбаев көшесі, 24","source":"OpenStreetMap","source_url":"https://www.openstreetmap.org/way/51337221","building":"apartments","levels":10,"height":30,"height_source":"estimated:osm_building_levels_x_3m","height_estimated":true,"min_height":0}},{"type":"Feature","id":"way/51275833","geometry":{"type":"Polygon","coordinates":[[[76.9240341,43.2412835],[76.924052,43.2411531],[76.9243925,43.2411779],[76.925394,43.241251],[76.925392,43.2412652],[76.9253769,43.2413753],[76.925376,43.2413814],[76.9240341,43.2412835]]]},"properties":{"osm_id":51275833,"osm_type":"way","name":"","address":"Абай даңғылы, 89","source":"OpenStreetMap","source_url":"https://www.openstreetmap.org/way/51275833","building":"apartments","levels":4,"height":12,"height_source":"estimated:osm_building_levels_x_3m","height_estimated":true,"min_height":0}},{"type":"Feature","id":"way/51276021","geometry":{"type":"Polygon","coordinates":[[[76.9238776,43.2423361],[76.9238915,43.242225],[76.924474,43.2422637],[76.9244601,43.2423748],[76.9238776,43.2423361]]]},"properties":{"osm_id":51276021,"osm_type":"way","name":"","address":"Әди Шәріпов көшесі, 120","source":"OpenStreetMap","source_url":"https://www.openstreetmap.org/way/51276021","building":"yes","levels":5,"height":15,"height_source":"estimated:osm_building_levels_x_3m","height_estimated":true,"min_height":0}},{"type":"Feature","id":"way/368113381","geometry":{"type":"Polygon","coordinates":[[[76.9241242,43.2456046],[76.9241264,43.2455901],[76.92435,43.2456075],[76.9243479,43.2456221],[76.9244801,43.2456324],[76.9244823,43.2456179],[76.9247013,43.245635],[76.9246992,43.2456495],[76.9247778,43.2456556],[76.9247537,43.2458195],[76.9246751,43.2458134],[76.9246727,43.2458293],[76.9244537,43.2458122],[76.924456,43.2457963],[76.9243238,43.245786],[76.9243214,43.2458018],[76.924098,43.2457844],[76.9241003,43.2457685],[76.9240325,43.2457632],[76.9240566,43.2455993],[76.9241242,43.2456046]]]},"properties":{"osm_id":368113381,"osm_type":"way","name":"","address":"улица Досмухамедова, 101","source":"OpenStreetMap","source_url":"https://www.openstreetmap.org/way/368113381","building":"apartments","levels":10,"height":30,"height_source":"estimated:osm_building_levels_x_3m","height_estimated":true,"min_height":0}},{"type":"Feature","id":"way/27320463","geometry":{"type":"Polygon","coordinates":[[[76.9247315,43.2496859],[76.9247397,43.2495514],[76.9259262,43.2495896],[76.9259181,43.2497241],[76.9247315,43.2496859]]]},"properties":{"osm_id":27320463,"osm_type":"way","name":"","address":"Қарасай Батыр көшесі, 88","source":"OpenStreetMap","source_url":"https://www.openstreetmap.org/way/27320463","building":"yes","levels":null,"height":12,"height_source":"estimated:display_fallback_12m","height_estimated":true,"min_height":0}},{"type":"Feature","id":"way/241035748","geometry":{"type":"Polygon","coordinates":[[[76.9261262,43.2525495],[76.9263778,43.2525675],[76.9263541,43.2527428],[76.9263157,43.2530276],[76.926064,43.2530096],[76.926084,43.2528617],[76.9261262,43.2525495]]]},"properties":{"osm_id":241035748,"osm_type":"way","name":"","address":"Байтұрсынұлы көшесі, 44","source":"OpenStreetMap","source_url":"https://www.openstreetmap.org/way/241035748","building":"yes","levels":3,"height":9,"height_source":"estimated:osm_building_levels_x_3m","height_estimated":true,"min_height":0}},{"type":"Feature","id":"way/50876645","geometry":{"type":"Polygon","coordinates":[[[76.9251535,43.2546072],[76.9251826,43.2544052],[76.9253419,43.2544174],[76.92533,43.2545004],[76.9253278,43.2545158],[76.9253254,43.254532],[76.9253129,43.2546194],[76.9251535,43.2546072]]]},"properties":{"osm_id":50876645,"osm_type":"way","name":"","address":"Байтұрсынұлы көшесі, 33","source":"OpenStreetMap","source_url":"https://www.openstreetmap.org/way/50876645","building":"yes","levels":3,"height":9,"height_source":"estimated:osm_building_levels_x_3m","height_estimated":true,"min_height":0}},{"type":"Feature","id":"way/50875666","geometry":{"type":"Polygon","coordinates":[[[76.9258349,43.2592352],[76.9258334,43.2591067],[76.9259891,43.2591058],[76.9259906,43.2592343],[76.9258349,43.2592352]]]},"properties":{"osm_id":50875666,"osm_type":"way","name":"","address":"Байтұрсынұлы көшесі, 14","source":"OpenStreetMap","source_url":"https://www.openstreetmap.org/way/50875666","building":"yes","levels":4,"height":12,"height_source":"estimated:osm_building_levels_x_3m","height_estimated":true,"min_height":0}},{"type":"Feature","id":"way/490727024","geometry":{"type":"Polygon","coordinates":[[[76.9295715,43.232534],[76.9296763,43.232456],[76.9308186,43.2332704],[76.9307139,43.2333484],[76.9295715,43.232534]]]},"properties":{"osm_id":490727024,"osm_type":"way","name":"","address":"улица Габдулина, 28","source":"OpenStreetMap","source_url":"https://www.openstreetmap.org/way/490727024","building":"yes","levels":5,"height":15,"height_source":"estimated:osm_building_levels_x_3m","height_estimated":true,"min_height":0}},{"type":"Feature","id":"way/51350444","geometry":{"type":"Polygon","coordinates":[[[76.9281905,43.2342284],[76.9282908,43.2341529],[76.9285273,43.2343199],[76.9284271,43.2343953],[76.9281905,43.2342284]]]},"properties":{"osm_id":51350444,"osm_type":"way","name":"","address":"улица Римского-Корсакова, 6Б","source":"OpenStreetMap","source_url":"https://www.openstreetmap.org/way/51350444","building":"yes","levels":2,"height":6,"height_source":"estimated:osm_building_levels_x_3m","height_estimated":true,"min_height":0}},{"type":"Feature","id":"way/435666827","geometry":{"type":"Polygon","coordinates":[[[76.9317079,43.2377335],[76.9317204,43.2376249],[76.9319537,43.237639],[76.9319413,43.2377477],[76.9317079,43.2377335]]]},"properties":{"osm_id":435666827,"osm_type":"way","name":"","address":"","source":"OpenStreetMap","source_url":"https://www.openstreetmap.org/way/435666827","building":"yes","levels":4,"height":12,"height_source":"estimated:osm_building_levels_x_3m","height_estimated":true,"min_height":0}},{"type":"Feature","id":"way/51275857","geometry":{"type":"Polygon","coordinates":[[[76.9289772,43.2391158],[76.9289895,43.2390155],[76.9299051,43.2390752],[76.9298928,43.2391754],[76.9289772,43.2391158]]]},"properties":{"osm_id":51275857,"osm_type":"way","name":"","address":"Байтұрсынұлы көшесі, 96/1","source":"OpenStreetMap","source_url":"https://www.openstreetmap.org/way/51275857","building":"apartments","levels":4,"height":12,"height_source":"estimated:osm_building_levels_x_3m","height_estimated":true,"min_height":0}},{"type":"Feature","id":"way/51268829","geometry":{"type":"Polygon","coordinates":[[[76.9307453,43.2443242],[76.930821,43.2437308],[76.9310464,43.2437461],[76.9309707,43.2443395],[76.9307453,43.2443242]]]},"properties":{"osm_id":51268829,"osm_type":"way","name":"","address":"Масанчи көшесі, 88","source":"OpenStreetMap","source_url":"https://www.openstreetmap.org/way/51268829","building":"yes","levels":5,"height":15,"height_source":"estimated:osm_building_levels_x_3m","height_estimated":true,"min_height":0}},{"type":"Feature","id":"way/51276118","geometry":{"type":"Polygon","coordinates":[[[76.9295058,43.2459115],[76.9295304,43.2456998],[76.929538,43.2456349],[76.9295448,43.2455763],[76.930046,43.2456073],[76.9300071,43.2459424],[76.9295058,43.2459115]]]},"properties":{"osm_id":51276118,"osm_type":"way","name":"","address":"Шевченко көшесі, 97","source":"OpenStreetMap","source_url":"https://www.openstreetmap.org/way/51276118","building":"university","levels":2,"height":6,"height_source":"estimated:osm_building_levels_x_3m","height_estimated":true,"min_height":0}},{"type":"Feature","id":"way/27320456","geometry":{"type":"Polygon","coordinates":[[[76.9279194,43.2499118],[76.9280087,43.2491338],[76.9291835,43.249226],[76.9292,43.2491145],[76.9295513,43.2491421],[76.9295261,43.2493128],[76.9291744,43.2492852],[76.9291604,43.2493798],[76.9282137,43.2493054],[76.928139,43.2498101],[76.9284846,43.2498299],[76.9284487,43.2500279],[76.9279424,43.2499937],[76.9279535,43.2499139],[76.9279194,43.2499118]]]},"properties":{"osm_id":27320456,"osm_type":"way","name":"","address":"Масанчи көшесі, 57А","source":"OpenStreetMap","source_url":"https://www.openstreetmap.org/way/27320456","building":"yes","levels":null,"height":12,"height_source":"estimated:display_fallback_12m","height_estimated":true,"min_height":0}},{"type":"Feature","id":"way/50878539","geometry":{"type":"Polygon","coordinates":[[[76.9303253,43.2519208],[76.9303698,43.2513692],[76.9306152,43.2513797],[76.9305952,43.2516284],[76.9306468,43.2516306],[76.9306852,43.2516322],[76.9306889,43.2515867],[76.9309105,43.2515962],[76.9308978,43.2517531],[76.9306758,43.2517436],[76.9306801,43.2516904],[76.9306403,43.2516887],[76.9305882,43.2516864],[76.9305685,43.2519312],[76.9303253,43.2519208]]]},"properties":{"osm_id":50878539,"osm_type":"way","name":"Future power solutions. Solar","address":"Бөгенбай Батыр көшесі, 160","source":"OpenStreetMap","source_url":"https://www.openstreetmap.org/way/50878539","building":"yes","levels":null,"height":12,"height_source":"estimated:display_fallback_12m","height_estimated":true,"min_height":0}},{"type":"Feature","id":"way/50876700","geometry":{"type":"Polygon","coordinates":[[[76.9309874,43.255967],[76.9310072,43.2558131],[76.9318301,43.2558693],[76.9318103,43.2560232],[76.9309874,43.255967]]]},"properties":{"osm_id":50876700,"osm_type":"way","name":"","address":"улица Казыбек Би, 109","source":"OpenStreetMap","source_url":"https://www.openstreetmap.org/way/50876700","building":"yes","levels":4,"height":12,"height_source":"estimated:osm_building_levels_x_3m","height_estimated":true,"min_height":0}},{"type":"Feature","id":"way/50875691","geometry":{"type":"Polygon","coordinates":[[[76.9298859,43.2603066],[76.9299185,43.2599455],[76.9300768,43.259953],[76.9300443,43.2603142],[76.9298859,43.2603066]]]},"properties":{"osm_id":50875691,"osm_type":"way","name":"","address":"Амангелді көшесі, 17","source":"OpenStreetMap","source_url":"https://www.openstreetmap.org/way/50875691","building":"yes","levels":null,"height":12,"height_source":"estimated:display_fallback_12m","height_estimated":true,"min_height":0}},{"type":"Feature","id":"way/51350449","geometry":{"type":"Polygon","coordinates":[[[76.9323301,43.2315686],[76.9324425,43.2314954],[76.9329008,43.2318687],[76.9327884,43.2319419],[76.9323301,43.2315686]]]},"properties":{"osm_id":51350449,"osm_type":"way","name":"","address":"Байтұрсынұлы көшесі, 161","source":"OpenStreetMap","source_url":"https://www.openstreetmap.org/way/51350449","building":"apartments","levels":4,"height":12,"height_source":"estimated:osm_building_levels_x_3m","height_estimated":true,"min_height":0}},{"type":"Feature","id":"way/771909564","geometry":{"type":"Polygon","coordinates":[[[76.9340425,43.2355073],[76.933826,43.2353554],[76.9339689,43.2352472],[76.9341854,43.2353991],[76.9340425,43.2355073]]]},"properties":{"osm_id":771909564,"osm_type":"way","name":"","address":"Улица Габдуллина, 6","source":"OpenStreetMap","source_url":"https://www.openstreetmap.org/way/771909564","building":"yes","levels":1,"height":3,"height_source":"estimated:osm_building_levels_x_3m","height_estimated":true,"min_height":0}},{"type":"Feature","id":"way/241001530","geometry":{"type":"Polygon","coordinates":[[[76.9335812,43.2373794],[76.9336058,43.2371868],[76.9340224,43.237215],[76.9339978,43.2374076],[76.9335812,43.2373794]]]},"properties":{"osm_id":241001530,"osm_type":"way","name":"","address":"Қаныш Сәтбаев көшесі, 22b","source":"OpenStreetMap","source_url":"https://www.openstreetmap.org/way/241001530","building":"university","levels":2,"height":6,"height_source":"estimated:osm_building_levels_x_3m","height_estimated":true,"min_height":0}},{"type":"Feature","id":"way/51268751","geometry":{"type":"Polygon","coordinates":[[[76.9330662,43.2410508],[76.9330488,43.2411878],[76.9312711,43.241068],[76.9312817,43.2409845],[76.9311147,43.2409733],[76.9311582,43.2406305],[76.9313374,43.2406426],[76.9313007,43.2409318],[76.9327668,43.2410306],[76.9327713,43.2409946],[76.9329175,43.2410044],[76.9329129,43.2410404],[76.9330662,43.2410508]]]},"properties":{"osm_id":51268751,"osm_type":"way","name":"","address":"Абай даңғылы, 34","source":"OpenStreetMap","source_url":"https://www.openstreetmap.org/way/51268751","building":"apartments","levels":5,"height":15,"height_source":"estimated:osm_building_levels_x_3m","height_estimated":true,"min_height":0}},{"type":"Feature","id":"way/51267860","geometry":{"type":"Polygon","coordinates":[[[76.9347152,43.2436457],[76.9347301,43.2435166],[76.9356554,43.2435733],[76.9356406,43.2437022],[76.9347152,43.2436457]]]},"properties":{"osm_id":51267860,"osm_type":"way","name":"","address":"Құрманғазы көшесі, 90","source":"OpenStreetMap","source_url":"https://www.openstreetmap.org/way/51267860","building":"apartments","levels":5,"height":15,"height_source":"estimated:osm_building_levels_x_3m","height_estimated":true,"min_height":0}},{"type":"Feature","id":"way/51008029","geometry":{"type":"Polygon","coordinates":[[[76.9340351,43.2465257],[76.9340673,43.2461623],[76.9342345,43.2461702],[76.9342022,43.2465336],[76.9340351,43.2465257]]]},"properties":{"osm_id":51008029,"osm_type":"way","name":"","address":"Сейфуллин даңғылы, 520","source":"OpenStreetMap","source_url":"https://www.openstreetmap.org/way/51008029","building":"apartments","levels":5,"height":15,"height_source":"estimated:osm_building_levels_x_3m","height_estimated":true,"min_height":0}},{"type":"Feature","id":"way/51008048","geometry":{"type":"Polygon","coordinates":[[[76.9328883,43.2493595],[76.9328895,43.2492867],[76.93277,43.2491744],[76.9324213,43.2491587],[76.9324314,43.2490403],[76.9328736,43.2490602],[76.9330312,43.2492083],[76.9330286,43.2493608],[76.9328883,43.2493595]]]},"properties":{"osm_id":51008048,"osm_type":"way","name":"","address":"Сейфуллин даңғылы, 563","source":"OpenStreetMap","source_url":"https://www.openstreetmap.org/way/51008048","building":"commercial","levels":4,"height":12,"height_source":"estimated:osm_building_levels_x_3m","height_estimated":true,"min_height":0}},{"type":"Feature","id":"way/50878602","geometry":{"type":"Polygon","coordinates":[[[76.9352773,43.2535664],[76.9359517,43.2536015],[76.9359666,43.2534497],[76.9360883,43.2534561],[76.9360491,43.2538558],[76.9358909,43.2538476],[76.9359017,43.253737],[76.935435,43.2537128],[76.9354324,43.2537392],[76.9352612,43.2537303],[76.9352773,43.2535664]]]},"properties":{"osm_id":50878602,"osm_type":"way","name":"Казахский национальный педагогический университет имени Абая","address":"Төле Би көшесі, 84","source":"OpenStreetMap","source_url":"https://www.openstreetmap.org/way/50878602","building":"university","levels":3,"height":9,"height_source":"estimated:osm_building_levels_x_3m","height_estimated":true,"min_height":0}},{"type":"Feature","id":"way/50876733","geometry":{"type":"Polygon","coordinates":[[[76.9342114,43.2555183],[76.9342224,43.2554016],[76.9346267,43.2554219],[76.9346157,43.2555386],[76.9342114,43.2555183]]]},"properties":{"osm_id":50876733,"osm_type":"way","name":"","address":"улица Казыбек Би, 80","source":"OpenStreetMap","source_url":"https://www.openstreetmap.org/way/50876733","building":"yes","levels":4,"height":12,"height_source":"estimated:osm_building_levels_x_3m","height_estimated":true,"min_height":0}},{"type":"Feature","id":"way/50655454","geometry":{"type":"Polygon","coordinates":[[[76.9333764,43.2577435],[76.9333947,43.2575817],[76.934039,43.2576202],[76.9340207,43.2577821],[76.9333764,43.2577435]]]},"properties":{"osm_id":50655454,"osm_type":"way","name":"","address":"Әйтеке Би көшесі, 93","source":"OpenStreetMap","source_url":"https://www.openstreetmap.org/way/50655454","building":"yes","levels":2,"height":6,"height_source":"estimated:osm_building_levels_x_3m","height_estimated":true,"min_height":0}},{"type":"Feature","id":"way/241001552","geometry":{"type":"Polygon","coordinates":[[[76.9358835,43.2298269],[76.9358071,43.2297732],[76.9358915,43.2297093],[76.9361224,43.2298712],[76.936331,43.2297134],[76.9364645,43.229807],[76.936141,43.2300519],[76.9358531,43.22985],[76.9358835,43.2298269]]]},"properties":{"osm_id":241001552,"osm_type":"way","name":"","address":"Байтұрсынұлы көшесі, 185","source":"OpenStreetMap","source_url":"https://www.openstreetmap.org/way/241001552","building":"yes","levels":null,"height":12,"height_source":"estimated:display_fallback_12m","height_estimated":true,"min_height":0}},{"type":"Feature","id":"way/314480715","geometry":{"type":"Polygon","coordinates":[[[76.9373263,43.2337714],[76.9373092,43.2337387],[76.9373066,43.2337029],[76.9373187,43.2336682],[76.9373445,43.233638],[76.9373256,43.2336374],[76.9373284,43.2335939],[76.9373864,43.2335959],[76.9373853,43.2336125],[76.9374304,43.233599],[76.9374789,43.2335959],[76.9375266,43.2336033],[76.9375698,43.2336207],[76.9375707,43.2336068],[76.9376357,43.2336089],[76.9376329,43.2336542],[76.93761,43.2336535],[76.9376309,43.2336996],[76.937626,43.233747],[76.9375961,43.233788],[76.9376182,43.2337887],[76.9376156,43.2338327],[76.9375505,43.2338307],[76.9375513,43.233817],[76.9375058,43.2338304],[76.9374564,43.2338331],[76.9374082,43.2338249],[76.9373672,43.2338066],[76.937367,43.2338177],[76.9373022,43.2338171],[76.937303,43.2337712],[76.9373263,43.2337714]]]},"properties":{"osm_id":314480715,"osm_type":"way","name":"","address":"Керемет микрорайон, 3/1","source":"OpenStreetMap","source_url":"https://www.openstreetmap.org/way/314480715","building":"yes","levels":15,"height":45,"height_source":"estimated:osm_building_levels_x_3m","height_estimated":true,"min_height":0}},{"type":"Feature","id":"way/51268801","geometry":{"type":"Polygon","coordinates":[[[76.9378567,43.2390467],[76.9379232,43.238415],[76.9381174,43.2384258],[76.9380508,43.2390576],[76.9378567,43.2390467]]]},"properties":{"osm_id":51268801,"osm_type":"way","name":"","address":"Наурызбай Батыр көшесі, 125","source":"OpenStreetMap","source_url":"https://www.openstreetmap.org/way/51268801","building":"yes","levels":5,"height":15,"height_source":"estimated:osm_building_levels_x_3m","height_estimated":true,"min_height":0}},{"type":"Feature","id":"way/302472546","geometry":{"type":"Polygon","coordinates":[[[76.938243,43.2406211],[76.9384437,43.2404259],[76.9386834,43.240559],[76.9384827,43.2407542],[76.938243,43.2406211]]]},"properties":{"osm_id":302472546,"osm_type":"way","name":"","address":"Наурызбай Батыр көшесі, 152Б","source":"OpenStreetMap","source_url":"https://www.openstreetmap.org/way/302472546","building":"apartments","levels":16,"height":48,"height_source":"estimated:osm_building_levels_x_3m","height_estimated":true,"min_height":0}},{"type":"Feature","id":"way/51267859","geometry":{"type":"Polygon","coordinates":[[[76.9360893,43.2437698],[76.9361199,43.2435704],[76.9361502,43.2433727],[76.936392,43.2433924],[76.9363584,43.2436113],[76.9365934,43.2436304],[76.9365661,43.2438086],[76.9360893,43.2437698]]]},"properties":{"osm_id":51267859,"osm_type":"way","name":"","address":"Құрманғазы көшесі, 88","source":"OpenStreetMap","source_url":"https://www.openstreetmap.org/way/51267859","building":"apartments","levels":5,"height":15,"height_source":"estimated:osm_building_levels_x_3m","height_estimated":true,"min_height":0}},{"type":"Feature","id":"way/51008079","geometry":{"type":"Polygon","coordinates":[[[76.939176,43.247053],[76.9391904,43.2469332],[76.9397597,43.2469696],[76.9397453,43.2470893],[76.939176,43.247053]]]},"properties":{"osm_id":51008079,"osm_type":"way","name":"","address":"Чайковский көшесі, 178","source":"OpenStreetMap","source_url":"https://www.openstreetmap.org/way/51008079","building":"apartments","levels":5,"height":15,"height_source":"estimated:osm_building_levels_x_3m","height_estimated":true,"min_height":0}},{"type":"Feature","id":"way/51008108","geometry":{"type":"Polygon","coordinates":[[[76.9393031,43.2507791],[76.9393307,43.2505955],[76.9398373,43.2506331],[76.939886,43.2502048],[76.9398389,43.2502021],[76.9398813,43.2498956],[76.9401679,43.2499103],[76.9401457,43.2501339],[76.9401411,43.2501798],[76.9400767,43.2508269],[76.9393031,43.2507791]]]},"properties":{"osm_id":51008108,"osm_type":"way","name":"","address":"Желтоқсан көшесі, 123","source":"OpenStreetMap","source_url":"https://www.openstreetmap.org/way/51008108","building":"yes","levels":6,"height":18,"height_source":"estimated:osm_building_levels_x_3m","height_estimated":true,"min_height":0}},{"type":"Feature","id":"way/50878592","geometry":{"type":"Polygon","coordinates":[[[76.9358089,43.2522911],[76.9358219,43.2521787],[76.9362969,43.252208],[76.9362838,43.2523204],[76.9358089,43.2522911]]]},"properties":{"osm_id":50878592,"osm_type":"way","name":"","address":"Бөгенбай Батыр көшесі, 146","source":"OpenStreetMap","source_url":"https://www.openstreetmap.org/way/50878592","building":"yes","levels":3,"height":9,"height_source":"estimated:osm_building_levels_x_3m","height_estimated":true,"min_height":0}},{"type":"Feature","id":"way/50876743","geometry":{"type":"Polygon","coordinates":[[[76.9363637,43.2556278],[76.9364043,43.2553132],[76.9365519,43.2553234],[76.9365112,43.2556379],[76.9363637,43.2556278]]]},"properties":{"osm_id":50876743,"osm_type":"way","name":"","address":"Наурызбай Батыр көшесі, 82","source":"OpenStreetMap","source_url":"https://www.openstreetmap.org/way/50876743","building":"apartments","levels":4,"height":12,"height_source":"estimated:osm_building_levels_x_3m","height_estimated":true,"min_height":0}},{"type":"Feature","id":"way/50655438","geometry":{"type":"Polygon","coordinates":[[[76.9365659,43.2581402],[76.9365788,43.2580157],[76.9366747,43.258021],[76.9367981,43.2580278],[76.9372859,43.2580547],[76.9374939,43.2580662],[76.9376938,43.2580772],[76.9376809,43.2582017],[76.9365659,43.2581402]]]},"properties":{"osm_id":50655438,"osm_type":"way","name":"","address":"Әйтеке Би көшесі, 83","source":"OpenStreetMap","source_url":"https://www.openstreetmap.org/way/50655438","building":"apartments","levels":7,"height":21,"height_source":"estimated:osm_building_levels_x_3m","height_estimated":true,"min_height":0}},{"type":"Feature","id":"way/51215756","geometry":{"type":"Polygon","coordinates":[[[76.942071,43.2325985],[76.9418501,43.2325064],[76.9420176,43.2322932],[76.9416363,43.2321341],[76.9417544,43.2319839],[76.9421359,43.2321431],[76.9423566,43.2322352],[76.942071,43.2325985]]]},"properties":{"osm_id":51215756,"osm_type":"way","name":"","address":"улица Каратаева Мухамеджана, 38Б","source":"OpenStreetMap","source_url":"https://www.openstreetmap.org/way/51215756","building":"yes","levels":null,"height":12,"height_source":"estimated:display_fallback_12m","height_estimated":true,"min_height":0}},{"type":"Feature","id":"way/1149584559","geometry":{"type":"Polygon","coordinates":[[[76.9419128,43.2337806],[76.941924,43.2336945],[76.9421797,43.2337122],[76.9421684,43.2337982],[76.9419128,43.2337806]]]},"properties":{"osm_id":1149584559,"osm_type":"way","name":"","address":"","source":"OpenStreetMap","source_url":"https://www.openstreetmap.org/way/1149584559","building":"yes","levels":1,"height":3,"height_source":"estimated:osm_building_levels_x_3m","height_estimated":true,"min_height":0}},{"type":"Feature","id":"way/1457790111","geometry":{"type":"Polygon","coordinates":[[[76.9433737,43.2389039],[76.9436138,43.2389205],[76.943603,43.2390136],[76.9433627,43.2389996],[76.9433737,43.2389039]]]},"properties":{"osm_id":1457790111,"osm_type":"way","name":"","address":"","source":"OpenStreetMap","source_url":"https://www.openstreetmap.org/way/1457790111","building":"yes","levels":1,"height":3,"height_source":"estimated:osm_building_levels_x_3m","height_estimated":true,"min_height":0}},{"type":"Feature","id":"way/1457810618","geometry":{"type":"Polygon","coordinates":[[[76.9428215,43.2399972],[76.9429986,43.240009],[76.9429332,43.2405288],[76.9427562,43.2405169],[76.9427656,43.2404423],[76.9427686,43.2404183],[76.9427708,43.2404008],[76.9427863,43.2402777],[76.9427889,43.2402571],[76.9427918,43.240234],[76.9428052,43.2401272],[76.9428085,43.2401011],[76.942812,43.2400732],[76.9428215,43.2399972]]]},"properties":{"osm_id":1457810618,"osm_type":"way","name":"","address":"Абай даңғылы, 20/15","source":"OpenStreetMap","source_url":"https://www.openstreetmap.org/way/1457810618","building":"apartments","levels":3,"height":9,"height_source":"estimated:osm_building_levels_x_3m","height_estimated":true,"min_height":0}},{"type":"Feature","id":"way/51267922","geometry":{"type":"Polygon","coordinates":[[[76.9414402,43.2440875],[76.9414562,43.2439812],[76.9413208,43.2439703],[76.9413962,43.2434706],[76.9415867,43.2434859],[76.9415708,43.2435907],[76.9415494,43.243733],[76.9415255,43.2438912],[76.9415147,43.2439629],[76.9415898,43.243969],[76.9418163,43.2439871],[76.942015,43.244003],[76.9422673,43.2440232],[76.9424194,43.2440354],[76.9424095,43.2441008],[76.9424,43.2441642],[76.9414402,43.2440875]]]},"properties":{"osm_id":51267922,"osm_type":"way","name":"","address":"Желтоқсан көшесі, 164","source":"OpenStreetMap","source_url":"https://www.openstreetmap.org/way/51267922","building":"apartments","levels":4,"height":14,"height_source":"osm:height","height_estimated":false,"min_height":0}},{"type":"Feature","id":"way/51008095","geometry":{"type":"Polygon","coordinates":[[[76.9438029,43.2476333],[76.9438147,43.2475255],[76.9438317,43.2473713],[76.9438483,43.2472199],[76.9438561,43.2471489],[76.9440054,43.2471576],[76.9439522,43.247642],[76.9438029,43.2476333]]]},"properties":{"osm_id":51008095,"osm_type":"way","name":"","address":"Бәйсейітова көшесі, 13","source":"OpenStreetMap","source_url":"https://www.openstreetmap.org/way/51008095","building":"apartments","levels":4,"height":14,"height_source":"osm:height","height_estimated":false,"min_height":0}},{"type":"Feature","id":"way/51008140","geometry":{"type":"Polygon","coordinates":[[[76.9408017,43.2504206],[76.9408387,43.2500403],[76.9409958,43.2500484],[76.9410015,43.2499891],[76.9412819,43.2500036],[76.9412701,43.2501245],[76.9411293,43.2501172],[76.9409948,43.2501103],[76.9409878,43.2501827],[76.9409734,43.2503302],[76.9409638,43.250429],[76.9408017,43.2504206]]]},"properties":{"osm_id":51008140,"osm_type":"way","name":"","address":"Желтоқсан көшесі, 138","source":"OpenStreetMap","source_url":"https://www.openstreetmap.org/way/51008140","building":"apartments","levels":5,"height":17,"height_source":"osm:height","height_estimated":false,"min_height":0}},{"type":"Feature","id":"way/51008143","geometry":{"type":"Polygon","coordinates":[[[76.9403032,43.2520938],[76.9404049,43.2513021],[76.9405706,43.251312],[76.9404693,43.2521072],[76.9403032,43.2520938]]]},"properties":{"osm_id":51008143,"osm_type":"way","name":"","address":"Желтоқсан көшесі, 132","source":"OpenStreetMap","source_url":"https://www.openstreetmap.org/way/51008143","building":"yes","levels":4,"height":12,"height_source":"estimated:osm_building_levels_x_3m","height_estimated":true,"min_height":0}},{"type":"Feature","id":"way/50876796","geometry":{"type":"Polygon","coordinates":[[[76.9397059,43.25648],[76.9397293,43.2563302],[76.9405244,43.2563959],[76.940501,43.2565457],[76.9397059,43.25648]]]},"properties":{"osm_id":50876796,"osm_type":"way","name":"","address":"Желтоқсан көшесі, 112","source":"OpenStreetMap","source_url":"https://www.openstreetmap.org/way/50876796","building":"office","levels":5,"height":15,"height_source":"estimated:osm_building_levels_x_3m","height_estimated":true,"min_height":0}},{"type":"Feature","id":"way/50304649","geometry":{"type":"Polygon","coordinates":[[[76.943998,43.2589066],[76.9438562,43.2588964],[76.943898,43.2585871],[76.9439158,43.2585884],[76.9440398,43.2585972],[76.943998,43.2589066]]]},"properties":{"osm_id":50304649,"osm_type":"way","name":"","address":"Панфилов көшесі, 65","source":"OpenStreetMap","source_url":"https://www.openstreetmap.org/way/50304649","building":"yes","levels":3,"height":9,"height_source":"estimated:osm_building_levels_x_3m","height_estimated":true,"min_height":0}},{"type":"Feature","id":"way/1455765194","geometry":{"type":"Polygon","coordinates":[[[76.9446544,43.2301255],[76.9447871,43.2299847],[76.9448972,43.2300396],[76.9450065,43.230095],[76.9450352,43.2300969],[76.9450748,43.2300997],[76.9451904,43.2300628],[76.9453061,43.2300258],[76.9453126,43.2300367],[76.9453982,43.2300069],[76.945461,43.2299423],[76.9455238,43.2298777],[76.9455349,43.2298077],[76.9455119,43.229806],[76.9455194,43.2297521],[76.9455295,43.2296799],[76.9455454,43.229565],[76.9455593,43.2294706],[76.9455629,43.2294466],[76.9454914,43.2293173],[76.9454023,43.2292722],[76.9453137,43.2292648],[76.9452252,43.2292575],[76.9451246,43.2292922],[76.9450206,43.2291268],[76.9451179,43.2290946],[76.9451695,43.2290414],[76.9452212,43.2289883],[76.9452312,43.2289052],[76.9454929,43.2289245],[76.9454827,43.2290021],[76.9455506,43.2291262],[76.9456387,43.2291695],[76.945826,43.2291826],[76.9459284,43.2293523],[76.9458103,43.2294655],[76.9458073,43.2294879],[76.9457946,43.2295814],[76.9457783,43.2296984],[76.9457608,43.2298244],[76.9457351,43.2298225],[76.9457243,43.2298876],[76.9458042,43.2300337],[76.945893,43.2300807],[76.9457759,43.2301985],[76.9456872,43.230152],[76.9454797,43.2301364],[76.9453897,43.2301647],[76.9453988,43.2301799],[76.9452819,43.2302173],[76.945165,43.2302546],[76.9451259,43.2302921],[76.945114,43.2303903],[76.9451021,43.2304886],[76.9448758,43.230474],[76.9448871,43.2303773],[76.9448985,43.2302805],[76.9448708,43.2302371],[76.9447615,43.2301816],[76.9446544,43.2301255]]]},"properties":{"osm_id":1455765194,"osm_type":"way","name":"","address":"Әл-Фараби даңғылы","source":"OpenStreetMap","source_url":"https://www.openstreetmap.org/way/1455765194","building":"retail","levels":null,"height":12,"height_source":"estimated:display_fallback_12m","height_estimated":true,"min_height":0}},{"type":"Feature","id":"way/1456902026","geometry":{"type":"Polygon","coordinates":[[[76.9454873,43.237499],[76.9454963,43.2374997],[76.9454955,43.2375071],[76.9454884,43.2375689],[76.9454803,43.2376388],[76.9454766,43.2376527],[76.9454705,43.237664],[76.9454606,43.2376716],[76.945447,43.2376756],[76.9454236,43.237677],[76.9452067,43.2376617],[76.9451882,43.2376581],[76.9451728,43.2376532],[76.9451611,43.2376451],[76.9451556,43.2376343],[76.9451556,43.2376195],[76.9451649,43.237556],[76.9450307,43.2375432],[76.9449635,43.2375367],[76.9449709,43.2374622],[76.9454873,43.237499]]]},"properties":{"osm_id":1456902026,"osm_type":"way","name":"","address":"","source":"OpenStreetMap","source_url":"https://www.openstreetmap.org/way/1456902026","building":"yes","levels":null,"height":3,"height_source":"osm:height","height_estimated":false,"min_height":0}},{"type":"Feature","id":"way/31511806","geometry":{"type":"Polygon","coordinates":[[[76.9440317,43.240311],[76.9440549,43.2400993],[76.9444839,43.2401243],[76.9444606,43.240336],[76.9442502,43.2403237],[76.9441466,43.2403177],[76.9440317,43.240311]]]},"properties":{"osm_id":31511806,"osm_type":"way","name":"","address":"Бәйсейітова көшесі, 45А","source":"OpenStreetMap","source_url":"https://www.openstreetmap.org/way/31511806","building":"kindergarten","levels":2,"height":6,"height_source":"estimated:osm_building_levels_x_3m","height_estimated":true,"min_height":0}},{"type":"Feature","id":"way/51267942","geometry":{"type":"Polygon","coordinates":[[[76.9448676,43.2438545],[76.9449137,43.2433831],[76.9450795,43.2433917],[76.9450723,43.243465],[76.9450564,43.2436182],[76.9450399,43.2437972],[76.9450335,43.2438631],[76.9448676,43.2438545]]]},"properties":{"osm_id":51267942,"osm_type":"way","name":"","address":"Бәйсейітова көшесі, 36","source":"OpenStreetMap","source_url":"https://www.openstreetmap.org/way/51267942","building":"apartments","levels":3,"height":11,"height_source":"osm:height","height_estimated":false,"min_height":0}},{"type":"Feature","id":"way/51155273","geometry":{"type":"Polygon","coordinates":[[[76.9465883,43.245742],[76.9466035,43.2456294],[76.9465235,43.2456237],[76.9465502,43.2454254],[76.9466259,43.2454308],[76.9466401,43.2453254],[76.9468093,43.2453375],[76.9467532,43.2457538],[76.9465883,43.245742]]]},"properties":{"osm_id":51155273,"osm_type":"way","name":"","address":"Панфилов көшесі, 138А","source":"OpenStreetMap","source_url":"https://www.openstreetmap.org/way/51155273","building":"kindergarten","levels":2,"height":8,"height_source":"osm:height","height_estimated":false,"min_height":0}},{"type":"Feature","id":"way/51008099","geometry":{"type":"Polygon","coordinates":[[[76.9441646,43.2500735],[76.9441695,43.2500213],[76.9447169,43.2500584],[76.9447096,43.2501067],[76.9447014,43.2501614],[76.9447116,43.2501646],[76.9447727,43.2501915],[76.9448514,43.2502272],[76.9449687,43.2502804],[76.9450865,43.2503339],[76.9451665,43.2503702],[76.9451611,43.2503768],[76.945189,43.250389],[76.9451525,43.2504337],[76.9451254,43.2504214],[76.9451044,43.2504475],[76.9451336,43.2504607],[76.945097,43.250505],[76.9450685,43.2504923],[76.9450608,43.2505018],[76.9450421,43.2506184],[76.9446363,43.2505963],[76.9446216,43.2507259],[76.9445519,43.2507217],[76.9442912,43.250706],[76.9440703,43.2506928],[76.9441266,43.2502576],[76.9440029,43.250249],[76.9440043,43.2502376],[76.9439739,43.2502354],[76.9439806,43.2501825],[76.9440108,43.2501843],[76.9440146,43.2501528],[76.9439846,43.2501515],[76.9439907,43.2501019],[76.9440205,43.2501039],[76.9440217,43.2500939],[76.9440256,43.2500653],[76.9440954,43.2500694],[76.9441646,43.2500735]]]},"properties":{"osm_id":51008099,"osm_type":"way","name":"Алматы","address":"Қабанбай батыр көшесі, 85","source":"OpenStreetMap","source_url":"https://www.openstreetmap.org/way/51008099","building":"hotel","levels":1,"height":3,"height_source":"estimated:osm_building_levels_x_3m","height_estimated":true,"min_height":0}},{"type":"Feature","id":"way/1458336083","geometry":{"type":"Polygon","coordinates":[[[76.9454448,43.2538715],[76.9454576,43.2537691],[76.9454898,43.2535098],[76.9455041,43.2533949],[76.9455749,43.2533996],[76.9455887,43.2532883],[76.9465005,43.2533484],[76.9466265,43.2533567],[76.9466118,43.2534747],[76.946686,43.2534796],[76.9466728,43.2535855],[76.9466547,43.2537309],[76.9466363,43.2538792],[76.9466234,43.2539821],[76.9464471,43.2539705],[76.946508,43.2534812],[76.9462443,43.2534638],[76.946008,43.2534482],[76.945793,43.2534339],[76.9456716,43.2534259],[76.9456147,43.2538827],[76.9454448,43.2538715]]]},"properties":{"osm_id":1458336083,"osm_type":"way","name":"","address":"","source":"OpenStreetMap","source_url":"https://www.openstreetmap.org/way/1458336083","building":"apartments","levels":3,"height":10,"height_source":"osm:height","height_estimated":false,"min_height":0}},{"type":"Feature","id":"way/1458336086","geometry":{"type":"Polygon","coordinates":[[[76.9453704,43.2543948],[76.945563,43.254409],[76.9455561,43.2544589],[76.9455449,43.2545389],[76.9455268,43.2546687],[76.9453341,43.2546545],[76.9453704,43.2543948]]]},"properties":{"osm_id":1458336086,"osm_type":"way","name":"","address":"Панфилов көшесі, 104","source":"OpenStreetMap","source_url":"https://www.openstreetmap.org/way/1458336086","building":"apartments","levels":4,"height":12,"height_source":"osm:height","height_estimated":false,"min_height":0}},{"type":"Feature","id":"way/755385459","geometry":{"type":"Polygon","coordinates":[[[76.9466561,43.2586226],[76.9466696,43.2584985],[76.9470921,43.2585234],[76.9470782,43.2586496],[76.9469446,43.2586411],[76.9466561,43.2586226]]]},"properties":{"osm_id":755385459,"osm_type":"way","name":"","address":"Әйтеке Би көшесі, 53","source":"OpenStreetMap","source_url":"https://www.openstreetmap.org/way/755385459","building":"retail","levels":2,"height":8,"height_source":"osm:height","height_estimated":false,"min_height":0}},{"type":"Feature","id":"way/51215788","geometry":{"type":"Polygon","coordinates":[[[76.948994,43.2302912],[76.9490099,43.2301573],[76.9492724,43.2301738],[76.9492566,43.2303077],[76.948994,43.2302912]]]},"properties":{"osm_id":51215788,"osm_type":"way","name":"","address":"Назарбаев даңғылы, 237А","source":"OpenStreetMap","source_url":"https://www.openstreetmap.org/way/51215788","building":"residential","levels":3,"height":9,"height_source":"estimated:osm_building_levels_x_3m","height_estimated":true,"min_height":0}},{"type":"Feature","id":"way/1457521921","geometry":{"type":"Polygon","coordinates":[[[76.9485964,43.2335551],[76.9486634,43.2330678],[76.949313,43.2331152],[76.9492461,43.2336025],[76.9485964,43.2335551]]]},"properties":{"osm_id":1457521921,"osm_type":"way","name":"","address":"","source":"OpenStreetMap","source_url":"https://www.openstreetmap.org/way/1457521921","building":"construction","levels":1,"height":3,"height_source":"estimated:osm_building_levels_x_3m","height_estimated":true,"min_height":0}},{"type":"Feature","id":"way/1451508527","geometry":{"type":"Polygon","coordinates":[[[76.949515,43.2368846],[76.949891,43.2369114],[76.949754,43.237929],[76.950064,43.2379512],[76.9500474,43.2380741],[76.9503277,43.2380942],[76.9502991,43.2383067],[76.9494831,43.2382483],[76.9494933,43.2381725],[76.9494407,43.2381687],[76.9494761,43.237907],[76.9494529,43.2379053],[76.9494641,43.2378229],[76.9493894,43.2378176],[76.949515,43.2368846]]]},"properties":{"osm_id":1451508527,"osm_type":"way","name":"","address":"","source":"OpenStreetMap","source_url":"https://www.openstreetmap.org/way/1451508527","building":"construction","levels":3,"height":9,"height_source":"estimated:osm_building_levels_x_3m","height_estimated":true,"min_height":0}},{"type":"Feature","id":"way/1458827525","geometry":{"type":"Polygon","coordinates":[[[76.9528711,43.2416179],[76.9530836,43.2416312],[76.9530753,43.2417224],[76.9530556,43.241938],[76.9530501,43.2419994],[76.9530893,43.2420014],[76.9530813,43.2420704],[76.9530439,43.2420673],[76.953041,43.2420993],[76.9529136,43.2420917],[76.9529159,43.2420591],[76.9521612,43.2420109],[76.952156,43.2420545],[76.9520589,43.2420484],[76.9520507,43.2421168],[76.9518603,43.2421047],[76.9516699,43.2420926],[76.9516778,43.2420268],[76.9515773,43.2420201],[76.9515833,43.2419728],[76.9514577,43.2419647],[76.9508367,43.2419246],[76.9508335,43.2419554],[76.9507215,43.2419475],[76.9507243,43.2419173],[76.9506878,43.241915],[76.9506953,43.2418454],[76.9507329,43.241847],[76.9507769,43.2414843],[76.9509882,43.2414999],[76.9509732,43.2416179],[76.9509312,43.2416147],[76.9509131,43.2417711],[76.9516037,43.2418105],[76.951605,43.2417998],[76.9516221,43.241801],[76.9516847,43.2418051],[76.9517043,43.2418064],[76.9517059,43.241793],[76.9520866,43.2418172],[76.9520852,43.2418292],[76.9521821,43.2418353],[76.9521808,43.2418461],[76.9528915,43.2418915],[76.9529076,43.2417461],[76.9528604,43.2417422],[76.9528711,43.2416179]]]},"properties":{"osm_id":1458827525,"osm_type":"way","name":"КазНАИУ","address":"Абай даңғылы, 8","source":"OpenStreetMap","source_url":"https://www.openstreetmap.org/way/1458827525","building":"university","levels":null,"height":12,"height_source":"estimated:display_fallback_12m","height_estimated":true,"min_height":0}},{"type":"Feature","id":"way/51267968","geometry":{"type":"Polygon","coordinates":[[[76.9513236,43.2434574],[76.9513393,43.2433384],[76.9513433,43.2433085],[76.9513517,43.243245],[76.9513585,43.2431936],[76.9515317,43.2432046],[76.9515217,43.2433007],[76.9515172,43.2433438],[76.9515043,43.2434672],[76.9513236,43.2434574]]]},"properties":{"osm_id":51267968,"osm_type":"way","name":"","address":"Қонаев көшесі, 181","source":"OpenStreetMap","source_url":"https://www.openstreetmap.org/way/51267968","building":"yes","levels":3,"height":11,"height_source":"osm:height","height_estimated":false,"min_height":0}},{"type":"Feature","id":"way/755386753","geometry":{"type":"Polygon","coordinates":[[[76.9481026,43.2467662],[76.9481162,43.2466583],[76.949306,43.246738],[76.9493016,43.2467731],[76.949298,43.2468014],[76.9491377,43.2467907],[76.9490271,43.2467833],[76.9490215,43.2468277],[76.9489617,43.2468237],[76.9487486,43.2468094],[76.9485398,43.2467954],[76.9482916,43.2467788],[76.9482514,43.2467762],[76.9481026,43.2467662]]]},"properties":{"osm_id":755386753,"osm_type":"way","name":"","address":"Шевченко көшесі, 41","source":"OpenStreetMap","source_url":"https://www.openstreetmap.org/way/755386753","building":"apartments","levels":5,"height":17,"height_source":"osm:height","height_estimated":false,"min_height":0}},{"type":"Feature","id":"way/50898916","geometry":{"type":"Polygon","coordinates":[[[76.9512779,43.2497121],[76.9512901,43.2496226],[76.9513401,43.2492532],[76.9514975,43.2492645],[76.951439,43.2496975],[76.9514355,43.2497234],[76.9512779,43.2497121]]]},"properties":{"osm_id":50898916,"osm_type":"way","name":"","address":"Қонаев көшесі, 122","source":"OpenStreetMap","source_url":"https://www.openstreetmap.org/way/50898916","building":"yes","levels":3,"height":11,"height_source":"osm:height","height_estimated":false,"min_height":0}},{"type":"Feature","id":"way/50898927","geometry":{"type":"Polygon","coordinates":[[[76.9485651,43.2512694],[76.9485677,43.2512466],[76.9486221,43.2507774],[76.9487966,43.2507881],[76.9487849,43.2508893],[76.9487678,43.2510361],[76.9487501,43.2511883],[76.9487394,43.2512801],[76.9485651,43.2512694]]]},"properties":{"osm_id":50898927,"osm_type":"way","name":"","address":"Мұқан Төлебаев көшесі, 125","source":"OpenStreetMap","source_url":"https://www.openstreetmap.org/way/50898927","building":"apartments","levels":4,"height":14,"height_source":"osm:height","height_estimated":false,"min_height":0}},{"type":"Feature","id":"way/50568040","geometry":{"type":"Polygon","coordinates":[[[76.9492143,43.256653],[76.9492166,43.2566326],[76.9492264,43.2565442],[76.9493542,43.2565517],[76.9495505,43.2565633],[76.9496214,43.2565675],[76.9496703,43.2565704],[76.9496582,43.2566791],[76.9492143,43.256653]]]},"properties":{"osm_id":50568040,"osm_type":"way","name":"","address":"улица Казыбек Би, 40","source":"OpenStreetMap","source_url":"https://www.openstreetmap.org/way/50568040","building":"apartments","levels":4,"height":14,"height_source":"osm:height","height_estimated":false,"min_height":0}},{"type":"Feature","id":"way/50568056","geometry":{"type":"Polygon","coordinates":[[[76.9488443,43.257159],[76.9488594,43.2570408],[76.9497114,43.2570988],[76.9496962,43.257217],[76.9495669,43.2572082],[76.9493553,43.2571938],[76.9491879,43.2571824],[76.948971,43.2571676],[76.9488728,43.2571609],[76.9488443,43.257159]]]},"properties":{"osm_id":50568056,"osm_type":"way","name":"","address":"Қонаев көшесі, 83","source":"OpenStreetMap","source_url":"https://www.openstreetmap.org/way/50568056","building":"apartments","levels":4,"height":12,"height_source":"estimated:osm_building_levels_x_3m","height_estimated":true,"min_height":0}},{"type":"Feature","id":"way/40940708","geometry":{"type":"Polygon","coordinates":[[[76.9555093,43.2320535],[76.9555104,43.2320452],[76.9555239,43.2319457],[76.9555609,43.2316682],[76.9555792,43.2315302],[76.9553501,43.231514],[76.955121,43.2314978],[76.9551378,43.2313721],[76.9556005,43.2314049],[76.955584,43.2315291],[76.9557419,43.2315403],[76.9556722,43.2320648],[76.9555093,43.2320535]]]},"properties":{"osm_id":40940708,"osm_type":"way","name":"","address":"91","source":"OpenStreetMap","source_url":"https://www.openstreetmap.org/way/40940708","building":"apartments","levels":8,"height":24,"height_source":"estimated:osm_building_levels_x_3m","height_estimated":true,"min_height":0}},{"type":"Feature","id":"way/252476655","geometry":{"type":"Polygon","coordinates":[[[76.9541164,43.2353638],[76.954107,43.2354365],[76.9542885,43.235449],[76.9542502,43.2357462],[76.9540975,43.2357357],[76.9541042,43.2356843],[76.954124,43.2355308],[76.954131,43.235477],[76.9539848,43.2354669],[76.9537677,43.235452],[76.9535367,43.2354362],[76.9534045,43.2354271],[76.9533961,43.2354923],[76.953375,43.2356553],[76.9533672,43.2357153],[76.953438,43.2357202],[76.9535399,43.2357272],[76.9535246,43.2358453],[76.9533084,43.2358305],[76.9533233,43.2357154],[76.9532174,43.2357082],[76.9532609,43.2353709],[76.9534019,43.2353805],[76.9534342,43.2353827],[76.9534426,43.2353177],[76.9535747,43.2353268],[76.9535905,43.2353278],[76.9536097,43.2353292],[76.9541164,43.2353638]]]},"properties":{"osm_id":252476655,"osm_type":"way","name":"","address":"","source":"OpenStreetMap","source_url":"https://www.openstreetmap.org/way/252476655","building":"apartments","levels":5,"height":15,"height_source":"estimated:osm_building_levels_x_3m","height_estimated":true,"min_height":0}},{"type":"Feature","id":"way/444483688","geometry":{"type":"Polygon","coordinates":[[[76.9527401,43.2366159],[76.9521835,43.2366063],[76.9521867,43.2365087],[76.9522187,43.2365093],[76.9523647,43.2365118],[76.9527433,43.2365184],[76.9527401,43.2366159]]]},"properties":{"osm_id":444483688,"osm_type":"way","name":"","address":"","source":"OpenStreetMap","source_url":"https://www.openstreetmap.org/way/444483688","building":"yes","levels":1,"height":4,"height_source":"osm:height","height_estimated":false,"min_height":0}},{"type":"Feature","id":"way/1458827663","geometry":{"type":"Polygon","coordinates":[[[76.952162,43.2410562],[76.9523905,43.2410655],[76.9523814,43.2411856],[76.9523751,43.2412678],[76.9523652,43.2413972],[76.9521366,43.2413879],[76.952162,43.2410562]]]},"properties":{"osm_id":1458827663,"osm_type":"way","name":"","address":"Абай даңғылы, 8г/2","source":"OpenStreetMap","source_url":"https://www.openstreetmap.org/way/1458827663","building":"university","levels":3,"height":10,"height_source":"osm:height","height_estimated":false,"min_height":0}},{"type":"Feature","id":"way/1421164025","geometry":{"type":"Polygon","coordinates":[[[76.9535058,43.2449234],[76.9535149,43.2448592],[76.953524,43.2447949],[76.9536399,43.2448036],[76.9536911,43.2448075],[76.9539144,43.2448244],[76.9541505,43.2448422],[76.9543914,43.2448604],[76.9546304,43.2448784],[76.954777,43.2448895],[76.9547679,43.2449536],[76.9547588,43.2450177],[76.9535058,43.2449234]]]},"properties":{"osm_id":1421164025,"osm_type":"way","name":"","address":"Құрманғазы көшесі, 20","source":"OpenStreetMap","source_url":"https://www.openstreetmap.org/way/1421164025","building":"apartments","levels":5,"height":15,"height_source":"estimated:osm_building_levels_x_3m","height_estimated":true,"min_height":0}},{"type":"Feature","id":"way/51155802","geometry":{"type":"Polygon","coordinates":[[[76.9550539,43.2459198],[76.9551038,43.2454722],[76.9552646,43.2454817],[76.9552532,43.2455836],[76.9552376,43.2457239],[76.9552215,43.2458681],[76.9552147,43.2459293],[76.9550539,43.2459198]]]},"properties":{"osm_id":51155802,"osm_type":"way","name":"","address":"Пушкин көшесі, 116","source":"OpenStreetMap","source_url":"https://www.openstreetmap.org/way/51155802","building":"apartments","levels":4,"height":12,"height_source":"estimated:osm_building_levels_x_3m","height_estimated":true,"min_height":0}},{"type":"Feature","id":"way/27054589","geometry":{"type":"Polygon","coordinates":[[[76.9545479,43.2499953],[76.9546021,43.249612],[76.9547667,43.2496243],[76.954755,43.2497068],[76.9547524,43.2497254],[76.9547497,43.2497443],[76.9547298,43.2498854],[76.954727,43.2499055],[76.9547248,43.2499209],[76.9547126,43.2500076],[76.9545479,43.2499953]]]},"properties":{"osm_id":27054589,"osm_type":"way","name":"","address":"Пушкин көшесі, 80","source":"OpenStreetMap","source_url":"https://www.openstreetmap.org/way/27054589","building":"apartments","levels":5,"height":17,"height_source":"osm:height","height_estimated":false,"min_height":0}},{"type":"Feature","id":"way/43313839","geometry":{"type":"Polygon","coordinates":[[[76.9525337,43.2521814],[76.9525493,43.2520616],[76.9538003,43.252148],[76.9537848,43.2522676],[76.9536524,43.2522585],[76.9534227,43.2522426],[76.9531557,43.2522242],[76.9529246,43.2522083],[76.9526796,43.2521914],[76.9525337,43.2521814]]]},"properties":{"osm_id":43313839,"osm_type":"way","name":"","address":"Шоқан Уәлиханов көшесі, 86","source":"OpenStreetMap","source_url":"https://www.openstreetmap.org/way/43313839","building":"apartments","levels":5,"height":17,"height_source":"osm:height","height_estimated":false,"min_height":0}},{"type":"Feature","id":"way/50898976","geometry":{"type":"Polygon","coordinates":[[[76.9549919,43.2552715],[76.9550045,43.2551811],[76.9550289,43.2550066],[76.9550424,43.2549098],[76.9552041,43.2549217],[76.9551537,43.2552834],[76.9550666,43.255277],[76.9549919,43.2552715]]]},"properties":{"osm_id":50898976,"osm_type":"way","name":"","address":"Төле Би көшесі, 26","source":"OpenStreetMap","source_url":"https://www.openstreetmap.org/way/50898976","building":"apartments","levels":4,"height":14,"height_source":"osm:height","height_estimated":false,"min_height":0}},{"type":"Feature","id":"way/552773779","geometry":{"type":"Polygon","coordinates":[[[76.9536686,43.2600606],[76.9536911,43.259892],[76.9536547,43.2598605],[76.9536773,43.2597657],[76.9536985,43.2596771],[76.9537232,43.2596516],[76.9537278,43.2596169],[76.9540836,43.259642],[76.9540891,43.2596011],[76.9541236,43.2596035],[76.9541771,43.2596073],[76.9544584,43.2596272],[76.9544452,43.2597256],[76.9544209,43.2597239],[76.9543651,43.2601424],[76.9542284,43.2601327],[76.9542149,43.2602341],[76.9540692,43.2602238],[76.954087,43.2600903],[76.9536686,43.2600606]]]},"properties":{"osm_id":552773779,"osm_type":"way","name":"","address":"Гоголь көшесі, 40","source":"OpenStreetMap","source_url":"https://www.openstreetmap.org/way/552773779","building":"yes","levels":1,"height":3,"height_source":"estimated:osm_building_levels_x_3m","height_estimated":true,"min_height":0}},{"type":"Feature","id":"way/103098380","geometry":{"type":"Polygon","coordinates":[[[76.9579422,43.2303677],[76.9580078,43.2301953],[76.958097,43.2302109],[76.9581223,43.2302036],[76.9581423,43.2302074],[76.9581543,43.2302153],[76.9581613,43.2302334],[76.9581909,43.2302409],[76.9582673,43.2302233],[76.9583698,43.2301471],[76.9583552,43.2301352],[76.9584654,43.2300666],[76.9585561,43.2300101],[76.9587312,43.2301542],[76.9586105,43.2302388],[76.9585509,43.2302805],[76.9585321,43.230268],[76.9584758,43.2303118],[76.9584592,43.2303018],[76.958422,43.2303263],[76.9583968,43.2303206],[76.9583934,43.2303655],[76.9583643,43.2304019],[76.9583929,43.2304086],[76.9584277,43.2305084],[76.9584509,43.2305034],[76.9584714,43.2306],[76.9584908,43.2306915],[76.9582384,43.2307261],[76.9581787,43.2305483],[76.9581969,43.2305461],[76.9581683,43.2304311],[76.9580924,43.2303852],[76.9580855,43.2303969],[76.9580733,43.230404],[76.9580572,43.2304065],[76.9580354,43.2304002],[76.9580243,43.2303857],[76.9579422,43.2303677]]]},"properties":{"osm_id":103098380,"osm_type":"way","name":"ЖК Самл де Люкс","address":"Достық даңғылы, 97Б","source":"OpenStreetMap","source_url":"https://www.openstreetmap.org/way/103098380","building":"apartments","levels":20,"height":60,"height_source":"estimated:osm_building_levels_x_3m","height_estimated":true,"min_height":0}},{"type":"Feature","id":"way/189199959","geometry":{"type":"Polygon","coordinates":[[[76.9575819,43.2346637],[76.9577306,43.2346741],[76.9577214,43.2347441],[76.9577326,43.2347456],[76.9576614,43.2352838],[76.9576401,43.2354448],[76.9576155,43.2356307],[76.9576044,43.2356297],[76.9575951,43.2357015],[76.9574468,43.2356911],[76.9574565,43.2356171],[76.9574787,43.235448],[76.9574997,43.2352885],[76.957525,43.2350963],[76.9575418,43.2349211],[76.9575734,43.2347288],[76.9575819,43.2346637]]]},"properties":{"osm_id":189199959,"osm_type":"way","name":"","address":"6","source":"OpenStreetMap","source_url":"https://www.openstreetmap.org/way/189199959","building":"apartments","levels":9,"height":27,"height_source":"estimated:osm_building_levels_x_3m","height_estimated":true,"min_height":0}},{"type":"Feature","id":"way/1458785471","geometry":{"type":"Polygon","coordinates":[[[76.9595118,43.2359485],[76.9595244,43.2359376],[76.9596104,43.2359375],[76.9596107,43.2359482],[76.9597574,43.2359478],[76.9597579,43.2359372],[76.9598302,43.235937],[76.9598465,43.2359473],[76.9598467,43.2360013],[76.9598189,43.2360009],[76.9598194,43.236032],[76.9598409,43.2360325],[76.9598462,43.2360474],[76.959849,43.236062],[76.9598472,43.2360753],[76.9598429,43.2360883],[76.9598203,43.2360878],[76.9598217,43.2361178],[76.9598472,43.2361174],[76.9598474,43.2361704],[76.9598291,43.2361799],[76.9597568,43.23618],[76.9597568,43.2361704],[76.9596058,43.2361715],[76.9596058,43.2361804],[76.9595276,43.2361805],[76.9595126,43.236172],[76.9595124,43.2361138],[76.9595277,43.2361135],[76.959527,43.2360004],[76.959512,43.236],[76.9595118,43.2359485]]]},"properties":{"osm_id":1458785471,"osm_type":"way","name":"Пионер 2","address":"Достық даңғылы, 134","source":"OpenStreetMap","source_url":"https://www.openstreetmap.org/way/1458785471","building":"retail","levels":9,"height":27,"height_source":"estimated:osm_building_levels_x_3m","height_estimated":true,"min_height":0}},{"type":"Feature","id":"way/1459001243","geometry":{"type":"Polygon","coordinates":[[[76.9565025,43.2399451],[76.9561846,43.2399255],[76.9561803,43.2399524],[76.9560602,43.2399442],[76.9560634,43.239918],[76.9560285,43.2399153],[76.9560419,43.2397824],[76.9565186,43.2398078],[76.9566637,43.2398169],[76.9566669,43.239776],[76.956669,43.2397484],[76.9570016,43.2397648],[76.9569705,43.2400173],[76.9568936,43.2400131],[76.9568294,43.2405609],[76.9566658,43.2405523],[76.9567311,43.2399961],[76.9564982,43.2399817],[76.9565025,43.2399451]]]},"properties":{"osm_id":1459001243,"osm_type":"way","name":"Қазақстан Республикасы Президентінің мұрағаты","address":"Достық даңғылы, 87Б","source":"OpenStreetMap","source_url":"https://www.openstreetmap.org/way/1459001243","building":"yes","levels":null,"height":12,"height_source":"estimated:display_fallback_12m","height_estimated":true,"min_height":0}},{"type":"Feature","id":"way/428922432","geometry":{"type":"Polygon","coordinates":[[[76.9581439,43.2418641],[76.9583525,43.2418817],[76.9583424,43.2419448],[76.9583157,43.2421128],[76.9583392,43.2421148],[76.9586682,43.2421425],[76.9586409,43.2423143],[76.9586208,43.2424275],[76.9583419,43.2424029],[76.9580629,43.2423783],[76.9580798,43.242267],[76.9581439,43.2418641]]]},"properties":{"osm_id":428922432,"osm_type":"way","name":"Novotel, Отель","address":"Достық даңғылы, 104А","source":"OpenStreetMap","source_url":"https://www.openstreetmap.org/way/428922432","building":"hotel","levels":10,"height":30,"height_source":"estimated:osm_building_levels_x_3m","height_estimated":true,"min_height":0}},{"type":"Feature","id":"way/230506977","geometry":{"type":"Polygon","coordinates":[[[76.9572255,43.2468118],[76.9572431,43.2464954],[76.957419,43.2465006],[76.9574014,43.246817],[76.9573345,43.246815],[76.9572255,43.2468118]]]},"properties":{"osm_id":230506977,"osm_type":"way","name":"Сәлем","address":"Достық даңғылы, 48А","source":"OpenStreetMap","source_url":"https://www.openstreetmap.org/way/230506977","building":"hotel","levels":1,"height":3,"height_source":"estimated:osm_building_levels_x_3m","height_estimated":true,"min_height":0}},{"type":"Feature","id":"way/27054567","geometry":{"type":"Polygon","coordinates":[[[76.9591259,43.2482487],[76.9591364,43.2481923],[76.9591617,43.2480239],[76.9591745,43.2479393],[76.9592826,43.2479479],[76.959347,43.247953],[76.9593007,43.2482611],[76.9591259,43.2482487]]]},"properties":{"osm_id":27054567,"osm_type":"way","name":"","address":"Қарамысов Қамал көшесі, 85","source":"OpenStreetMap","source_url":"https://www.openstreetmap.org/way/27054567","building":"apartments","levels":5,"height":15,"height_source":"osm:height","height_estimated":false,"min_height":0}},{"type":"Feature","id":"way/247622446","geometry":{"type":"Polygon","coordinates":[[[76.9585211,43.2536112],[76.9585261,43.2535804],[76.958566,43.2533323],[76.9585739,43.2532834],[76.9587182,43.2532958],[76.9586655,43.2536235],[76.9585211,43.2536112]]]},"properties":{"osm_id":247622446,"osm_type":"way","name":"","address":"Қалдаяқов көшесі, 49","source":"OpenStreetMap","source_url":"https://www.openstreetmap.org/way/247622446","building":"apartments","levels":5,"height":17,"height_source":"osm:height","height_estimated":false,"min_height":0}},{"type":"Feature","id":"way/50648295","geometry":{"type":"Polygon","coordinates":[[[76.9591977,43.2543914],[76.9592125,43.2542653],[76.960193,43.254326],[76.9601783,43.2544521],[76.9600439,43.2544438],[76.9598783,43.2544335],[76.9596971,43.2544223],[76.9594824,43.254409],[76.9592974,43.2543976],[76.9591977,43.2543914]]]},"properties":{"osm_id":50648295,"osm_type":"way","name":"","address":"Бөгенбай батыр көшесі, 75","source":"OpenStreetMap","source_url":"https://www.openstreetmap.org/way/50648295","building":"apartments","levels":5,"height":15,"height_source":"estimated:osm_building_levels_x_3m","height_estimated":true,"min_height":0}},{"type":"Feature","id":"way/1458041582","geometry":{"type":"Polygon","coordinates":[[[76.9565358,43.2584571],[76.9565433,43.2584104],[76.9565981,43.258415],[76.9565906,43.2584618],[76.9565358,43.2584571]]]},"properties":{"osm_id":1458041582,"osm_type":"way","name":"Памятник воинам-казахстанцам, погибшим в Афганистане","address":"","source":"OpenStreetMap","source_url":"https://www.openstreetmap.org/way/1458041582","building":"yes","levels":1,"height":3,"height_source":"estimated:osm_building_levels_x_3m","height_estimated":true,"min_height":0}},{"type":"Feature","id":"way/436865201","geometry":{"type":"Polygon","coordinates":[[[76.9211635,43.232934],[76.9212448,43.232819],[76.9213788,43.2328693],[76.9212975,43.2329843],[76.9211635,43.232934]]]},"properties":{"osm_id":436865201,"osm_type":"way","name":"","address":"Шагабутдинов көшесі, 219","source":"OpenStreetMap","source_url":"https://www.openstreetmap.org/way/436865201","building":"yes","levels":1,"height":3,"height_source":"estimated:osm_building_levels_x_3m","height_estimated":true,"min_height":0}},{"type":"Feature","id":"way/1455478075","geometry":{"type":"Polygon","coordinates":[[[76.9225224,43.2354914],[76.9227546,43.2355043],[76.9227491,43.2355567],[76.92274,43.2356434],[76.9227381,43.2356612],[76.9227254,43.2357824],[76.9224931,43.2357694],[76.922501,43.2356941],[76.9225078,43.2356304],[76.9225097,43.235612],[76.9225224,43.2354914]]]},"properties":{"osm_id":1455478075,"osm_type":"way","name":"","address":"Қаныш Сәтбаев көшесі, 30/5 к4","source":"OpenStreetMap","source_url":"https://www.openstreetmap.org/way/1455478075","building":"apartments","levels":17,"height":51,"height_source":"estimated:osm_building_levels_x_3m","height_estimated":true,"min_height":0}},{"type":"Feature","id":"way/442804080","geometry":{"type":"Polygon","coordinates":[[[76.9199425,43.2373082],[76.9199449,43.2372843],[76.9199485,43.2372473],[76.9199625,43.237107],[76.9200878,43.2371135],[76.9200679,43.2373148],[76.9199425,43.2373082]]]},"properties":{"osm_id":442804080,"osm_type":"way","name":"","address":"Қаныш Сәтбаев көшесі, 29а/1","source":"OpenStreetMap","source_url":"https://www.openstreetmap.org/way/442804080","building":"yes","levels":1,"height":3,"height_source":"estimated:osm_building_levels_x_3m","height_estimated":true,"min_height":0}},{"type":"Feature","id":"way/51275808","geometry":{"type":"Polygon","coordinates":[[[76.9204905,43.2415558],[76.9205052,43.2414264],[76.9206817,43.241437],[76.9208581,43.2414477],[76.9210345,43.2414583],[76.9212109,43.2414689],[76.9211962,43.2415985],[76.9204905,43.2415558]]]},"properties":{"osm_id":51275808,"osm_type":"way","name":"","address":"Мұратбаев көшесі, 232","source":"OpenStreetMap","source_url":"https://www.openstreetmap.org/way/51275808","building":"apartments","levels":4,"height":12,"height_source":"estimated:osm_building_levels_x_3m","height_estimated":true,"min_height":0}},{"type":"Feature","id":"way/51276016","geometry":{"type":"Polygon","coordinates":[[[76.9218781,43.2443852],[76.9219426,43.2438463],[76.9221714,43.2438608],[76.9221673,43.2438951],[76.9221069,43.2443997],[76.9218781,43.2443852]]]},"properties":{"osm_id":51276016,"osm_type":"way","name":"","address":"Шевченко көшесі, 138","source":"OpenStreetMap","source_url":"https://www.openstreetmap.org/way/51276016","building":"yes","levels":4,"height":12,"height_source":"estimated:osm_building_levels_x_3m","height_estimated":true,"min_height":0}},{"type":"Feature","id":"way/51276054","geometry":{"type":"Polygon","coordinates":[[[76.9237477,43.2452204],[76.9236969,43.2456005],[76.9235128,43.2455875],[76.9235226,43.2455142],[76.9235009,43.2455127],[76.9235058,43.2454758],[76.9235274,43.2454773],[76.9235384,43.245395],[76.9235497,43.2453105],[76.9235276,43.245309],[76.923532,43.2452761],[76.9235541,43.2452777],[76.9235635,43.2452074],[76.9237477,43.2452204]]]},"properties":{"osm_id":51276054,"osm_type":"way","name":"","address":"Әди Шәріпов көшесі, 106","source":"OpenStreetMap","source_url":"https://www.openstreetmap.org/way/51276054","building":"yes","levels":9,"height":27,"height_source":"estimated:osm_building_levels_x_3m","height_estimated":true,"min_height":0}},{"type":"Feature","id":"way/51276074","geometry":{"type":"Polygon","coordinates":[[[76.919883,43.2495307],[76.9198857,43.2493993],[76.9205696,43.2494069],[76.9205668,43.2495382],[76.919883,43.2495307]]]},"properties":{"osm_id":51276074,"osm_type":"way","name":"","address":"Қарасай Батыр көшесі, 108","source":"OpenStreetMap","source_url":"https://www.openstreetmap.org/way/51276074","building":"yes","levels":5,"height":15,"height_source":"estimated:osm_building_levels_x_3m","height_estimated":true,"min_height":0}},{"type":"Feature","id":"way/50877074","geometry":{"type":"Polygon","coordinates":[[[76.9226324,43.252362],[76.9226726,43.252015],[76.9228795,43.2520277],[76.9228393,43.2523747],[76.9226324,43.252362]]]},"properties":{"osm_id":50877074,"osm_type":"way","name":"","address":"Әди Шәріпов көшесі, 62","source":"OpenStreetMap","source_url":"https://www.openstreetmap.org/way/50877074","building":"apartments","levels":5,"height":15,"height_source":"estimated:osm_building_levels_x_3m","height_estimated":true,"min_height":0}},{"type":"Feature","id":"way/50876646","geometry":{"type":"Polygon","coordinates":[[[76.9224515,43.2548504],[76.9224669,43.2547322],[76.9234575,43.2548009],[76.923442,43.2549191],[76.9224515,43.2548504]]]},"properties":{"osm_id":50876646,"osm_type":"way","name":"","address":"улица Казыбек Би, 110","source":"OpenStreetMap","source_url":"https://www.openstreetmap.org/way/50876646","building":"apartments","levels":5,"height":15,"height_source":"estimated:osm_building_levels_x_3m","height_estimated":true,"min_height":0}},{"type":"Feature","id":"way/50876154","geometry":{"type":"Polygon","coordinates":[[[76.9218506,43.2587496],[76.9218636,43.2586058],[76.9225561,43.258639],[76.9225425,43.2587894],[76.9224977,43.2587873],[76.9224956,43.25881],[76.9222697,43.2587992],[76.922272,43.2587732],[76.9221413,43.258767],[76.9221396,43.2587865],[76.9218987,43.2587749],[76.9219008,43.258752],[76.9218506,43.2587496]]]},"properties":{"osm_id":50876154,"osm_type":"way","name":"","address":"Гоголь көшесі, 161","source":"OpenStreetMap","source_url":"https://www.openstreetmap.org/way/50876154","building":"yes","levels":null,"height":12,"height_source":"estimated:display_fallback_12m","height_estimated":true,"min_height":0}},{"type":"Feature","id":"way/51350385","geometry":{"type":"Polygon","coordinates":[[[76.9252367,43.2312948],[76.9253497,43.2312095],[76.9259698,43.231637],[76.9258516,43.2317272],[76.9252367,43.2312948]]]},"properties":{"osm_id":51350385,"osm_type":"way","name":"","address":"Коктем 1-й микрорайон, 44","source":"OpenStreetMap","source_url":"https://www.openstreetmap.org/way/51350385","building":"apartments","levels":5,"height":15,"height_source":"estimated:osm_building_levels_x_3m","height_estimated":true,"min_height":0}},{"type":"Feature","id":"way/253639731","geometry":{"type":"Polygon","coordinates":[[[76.927552,43.2352234],[76.9273272,43.2350613],[76.9274251,43.2349893],[76.9276499,43.2351514],[76.927552,43.2352234]]]},"properties":{"osm_id":253639731,"osm_type":"way","name":"","address":"бульвар Бухар Жырау, 4","source":"OpenStreetMap","source_url":"https://www.openstreetmap.org/way/253639731","building":"yes","levels":2,"height":6,"height_source":"estimated:osm_building_levels_x_3m","height_estimated":true,"min_height":0}},{"type":"Feature","id":"way/538131910","geometry":{"type":"Polygon","coordinates":[[[76.9256431,43.2364252],[76.9257475,43.2363403],[76.9257608,43.2363295],[76.9259363,43.2364552],[76.9258706,43.2365117],[76.9258391,43.2365446],[76.9258035,43.2365479],[76.9257727,43.2365407],[76.925763,43.2365501],[76.9257376,43.236537],[76.925729,43.2365162],[76.9257662,43.2364812],[76.9256431,43.2364252]]]},"properties":{"osm_id":538131910,"osm_type":"way","name":"","address":"Минин көшесі, 10","source":"OpenStreetMap","source_url":"https://www.openstreetmap.org/way/538131910","building":"house","levels":2,"height":6,"height_source":"estimated:osm_building_levels_x_3m","height_estimated":true,"min_height":0}},{"type":"Feature","id":"way/51275834","geometry":{"type":"Polygon","coordinates":[[[76.9239274,43.2420383],[76.924016,43.2413603],[76.9241927,43.2413726],[76.9241041,43.2420505],[76.9239274,43.2420383]]]},"properties":{"osm_id":51275834,"osm_type":"way","name":"","address":"Әди Шәріпов көшесі, 124","source":"OpenStreetMap","source_url":"https://www.openstreetmap.org/way/51275834","building":"yes","levels":4,"height":12,"height_source":"estimated:osm_building_levels_x_3m","height_estimated":true,"min_height":0}},{"type":"Feature","id":"way/51276022","geometry":{"type":"Polygon","coordinates":[[[76.9238,43.2428833],[76.9238137,43.2427778],[76.9243821,43.2428168],[76.9243685,43.2429224],[76.9238,43.2428833]]]},"properties":{"osm_id":51276022,"osm_type":"way","name":"","address":"Құрманғазы көшесі, 110","source":"OpenStreetMap","source_url":"https://www.openstreetmap.org/way/51276022","building":"apartments","levels":5,"height":15,"height_source":"estimated:osm_building_levels_x_3m","height_estimated":true,"min_height":0}},{"type":"Feature","id":"way/368113382","geometry":{"type":"Polygon","coordinates":[[[76.9244382,43.2461873],[76.924421,43.2463166],[76.924339,43.2463108],[76.9243158,43.2463091],[76.9240814,43.2462925],[76.9240531,43.2462905],[76.9238741,43.2462778],[76.9238914,43.2461486],[76.9240418,43.2461592],[76.9243088,43.2461781],[76.9244382,43.2461873]]]},"properties":{"osm_id":368113382,"osm_type":"way","name":"","address":"Жамбыл көшесі, 118","source":"OpenStreetMap","source_url":"https://www.openstreetmap.org/way/368113382","building":"yes","levels":12,"height":36,"height_source":"estimated:osm_building_levels_x_3m","height_estimated":true,"min_height":0}},{"type":"Feature","id":"way/27320464","geometry":{"type":"Polygon","coordinates":[[[76.9247701,43.2489887],[76.9247827,43.2488675],[76.9256681,43.2489164],[76.9256555,43.2490375],[76.9247701,43.2489887]]]},"properties":{"osm_id":27320464,"osm_type":"way","name":"","address":"улица Досмухамедова, 68В","source":"OpenStreetMap","source_url":"https://www.openstreetmap.org/way/27320464","building":"yes","levels":null,"height":12,"height_source":"estimated:display_fallback_12m","height_estimated":true,"min_height":0}},{"type":"Feature","id":"way/50878492","geometry":{"type":"Polygon","coordinates":[[[76.9262678,43.2516715],[76.9262873,43.2515073],[76.9271102,43.251559],[76.9270908,43.2517232],[76.9262678,43.2516715]]]},"properties":{"osm_id":50878492,"osm_type":"way","name":"","address":"Бөгенбай Батыр көшесі, 176А","source":"OpenStreetMap","source_url":"https://www.openstreetmap.org/way/50878492","building":"yes","levels":null,"height":12,"height_source":"estimated:display_fallback_12m","height_estimated":true,"min_height":0}},{"type":"Feature","id":"way/50876681","geometry":{"type":"Polygon","coordinates":[[[76.9247495,43.2549939],[76.9247611,43.2548931],[76.9250493,43.2549106],[76.9250559,43.254853],[76.9251003,43.2548557],[76.9251157,43.2547216],[76.925292,43.2547305],[76.9252791,43.2548634],[76.9252756,43.2548993],[76.9252004,43.2548949],[76.925186,43.2550205],[76.9247495,43.2549939]]]},"properties":{"osm_id":50876681,"osm_type":"way","name":"","address":"Байтұрсынұлы көшесі, 31","source":"OpenStreetMap","source_url":"https://www.openstreetmap.org/way/50876681","building":"yes","levels":2,"height":6,"height_source":"estimated:osm_building_levels_x_3m","height_estimated":true,"min_height":0}},{"type":"Feature","id":"way/50875667","geometry":{"type":"Polygon","coordinates":[[[76.9256881,43.2590862],[76.9256955,43.2589545],[76.9258478,43.258959],[76.9258404,43.2590907],[76.9256881,43.2590862]]]},"properties":{"osm_id":50875667,"osm_type":"way","name":"","address":"Байтұрсынұлы көшесі","source":"OpenStreetMap","source_url":"https://www.openstreetmap.org/way/50875667","building":"yes","levels":4,"height":12,"height_source":"estimated:osm_building_levels_x_3m","height_estimated":true,"min_height":0}},{"type":"Feature","id":"way/51350298","geometry":{"type":"Polygon","coordinates":[[[76.9305708,43.2310812],[76.9307199,43.230985],[76.9310031,43.2312171],[76.9310992,43.2311566],[76.9310219,43.2310917],[76.9311568,43.2310067],[76.9317106,43.2314728],[76.9315758,43.2315578],[76.9312087,43.231249],[76.9311126,43.2313094],[76.9311248,43.2313184],[76.9309757,43.2314145],[76.9309581,43.2313981],[76.9308488,43.2314716],[76.9309253,43.2315259],[76.9307093,43.2316801],[76.9304516,43.2314886],[76.9306676,43.2313344],[76.9307397,43.2313855],[76.9308489,43.231312],[76.9305708,43.2310812]]]},"properties":{"osm_id":51350298,"osm_type":"way","name":"","address":"улица Маркова, 28Б","source":"OpenStreetMap","source_url":"https://www.openstreetmap.org/way/51350298","building":"school","levels":null,"height":12,"height_source":"estimated:display_fallback_12m","height_estimated":true,"min_height":0}},{"type":"Feature","id":"way/51350445","geometry":{"type":"Polygon","coordinates":[[[76.9285254,43.2344647],[76.9286257,43.2343893],[76.9288572,43.2345527],[76.9287569,43.2346281],[76.9285254,43.2344647]]]},"properties":{"osm_id":51350445,"osm_type":"way","name":"","address":"улица Римского-Корсакова, 6В","source":"OpenStreetMap","source_url":"https://www.openstreetmap.org/way/51350445","building":"yes","levels":2,"height":6,"height_source":"estimated:osm_building_levels_x_3m","height_estimated":true,"min_height":0}},{"type":"Feature","id":"way/1455789671","geometry":{"type":"Polygon","coordinates":[[[76.9299278,43.2365849],[76.9299601,43.2363256],[76.9302685,43.2363394],[76.9302613,43.2363923],[76.930213,43.2367516],[76.9300959,43.2367453],[76.9301317,43.2364606],[76.9300873,43.2364588],[76.9300713,43.2365935],[76.9299278,43.2365849]]]},"properties":{"osm_id":1455789671,"osm_type":"way","name":"","address":"","source":"OpenStreetMap","source_url":"https://www.openstreetmap.org/way/1455789671","building":"yes","levels":1,"height":3,"height_source":"estimated:osm_building_levels_x_3m","height_estimated":true,"min_height":0}},{"type":"Feature","id":"way/51275863","geometry":{"type":"Polygon","coordinates":[[[76.9294288,43.2409226],[76.9294411,43.2408031],[76.929805,43.2408229],[76.9297927,43.2409424],[76.9294288,43.2409226]]]},"properties":{"osm_id":51275863,"osm_type":"way","name":"","address":"Абай даңғылы, 38 блок 1","source":"OpenStreetMap","source_url":"https://www.openstreetmap.org/way/51275863","building":"yes","levels":7,"height":21,"height_source":"estimated:osm_building_levels_x_3m","height_estimated":true,"min_height":0}},{"type":"Feature","id":"way/51268832","geometry":{"type":"Polygon","coordinates":[[[76.9305955,43.2450809],[76.9306334,43.2447474],[76.9308111,43.2447581],[76.930787,43.2449702],[76.9310428,43.2449856],[76.931029,43.245107],[76.9305955,43.2450809]]]},"properties":{"osm_id":51268832,"osm_type":"way","name":"","address":"Масанчи көшесі, 86","source":"OpenStreetMap","source_url":"https://www.openstreetmap.org/way/51268832","building":"yes","levels":2,"height":6,"height_source":"estimated:osm_building_levels_x_3m","height_estimated":true,"min_height":0}},{"type":"Feature","id":"way/51276119","geometry":{"type":"Polygon","coordinates":[[[76.9291747,43.2460894],[76.9291787,43.2460546],[76.9291836,43.2460128],[76.929235,43.2455704],[76.9292394,43.2455325],[76.9292538,43.2454094],[76.9293596,43.2454159],[76.9294654,43.2454224],[76.9294414,43.245629],[76.9294339,43.2456938],[76.9293864,43.2461024],[76.9291747,43.2460894]]]},"properties":{"osm_id":51276119,"osm_type":"way","name":"","address":"","source":"OpenStreetMap","source_url":"https://www.openstreetmap.org/way/51276119","building":"university","levels":7,"height":21,"height_source":"estimated:osm_building_levels_x_3m","height_estimated":true,"min_height":0}},{"type":"Feature","id":"way/50878537","geometry":{"type":"Polygon","coordinates":[[[76.9288703,43.2511494],[76.9289264,43.2506883],[76.9290454,43.2506959],[76.9290346,43.2507851],[76.9292219,43.2507972],[76.9292173,43.2508351],[76.9291767,43.2511692],[76.9288703,43.2511494]]]},"properties":{"osm_id":50878537,"osm_type":"way","name":"","address":"Масанчи көшесі, 53","source":"OpenStreetMap","source_url":"https://www.openstreetmap.org/way/50878537","building":"yes","levels":null,"height":12,"height_source":"estimated:display_fallback_12m","height_estimated":true,"min_height":0}},{"type":"Feature","id":"way/50878542","geometry":{"type":"Polygon","coordinates":[[[76.9280749,43.2517077],[76.9280847,43.2515852],[76.9282575,43.2515925],[76.9282632,43.2515216],[76.9280894,43.2515142],[76.9280983,43.2514031],[76.9285696,43.2514232],[76.9285666,43.2514609],[76.9285548,43.251608],[76.9283754,43.2516003],[76.9283615,43.2517745],[76.9283596,43.2517973],[76.9283571,43.2518289],[76.9282607,43.2518248],[76.9282694,43.2517159],[76.9280749,43.2517077]]]},"properties":{"osm_id":50878542,"osm_type":"way","name":"","address":"Бөгенбай Батыр көшесі, 172","source":"OpenStreetMap","source_url":"https://www.openstreetmap.org/way/50878542","building":"yes","levels":2,"height":6,"height_source":"estimated:osm_building_levels_x_3m","height_estimated":true,"min_height":0}},{"type":"Feature","id":"way/50876704","geometry":{"type":"Polygon","coordinates":[[[76.9311359,43.2545749],[76.9311653,43.2543136],[76.9320525,43.2543679],[76.9320301,43.2545293],[76.9313513,43.2544874],[76.9313442,43.2545874],[76.9311359,43.2545749]]]},"properties":{"osm_id":50876704,"osm_type":"way","name":"","address":"Төле Би көшесі, 83","source":"OpenStreetMap","source_url":"https://www.openstreetmap.org/way/50876704","building":"yes","levels":9,"height":27,"height_source":"estimated:osm_building_levels_x_3m","height_estimated":true,"min_height":0}},{"type":"Feature","id":"way/50875693","geometry":{"type":"Polygon","coordinates":[[[76.9305201,43.2605741],[76.9306341,43.2596512],[76.931244,43.2596911],[76.9312409,43.2597161],[76.9313001,43.25972],[76.9312957,43.2597557],[76.9312394,43.259752],[76.9312185,43.2599215],[76.9307578,43.2598913],[76.9307422,43.2600175],[76.9309129,43.2600287],[76.9308829,43.2602711],[76.9307062,43.2602595],[76.9306805,43.2604675],[76.9308588,43.2604792],[76.9308445,43.2605954],[76.9305201,43.2605741]]]},"properties":{"osm_id":50875693,"osm_type":"way","name":"","address":"Гоголь көшесі, 133","source":"OpenStreetMap","source_url":"https://www.openstreetmap.org/way/50875693","building":"yes","levels":null,"height":12,"height_source":"estimated:display_fallback_12m","height_estimated":true,"min_height":0}},{"type":"Feature","id":"way/51350450","geometry":{"type":"Polygon","coordinates":[[[76.9328433,43.2321698],[76.933192,43.2319072],[76.9333083,43.2318196],[76.9334101,43.2318914],[76.9329451,43.2322415],[76.9328433,43.2321698]]]},"properties":{"osm_id":51350450,"osm_type":"way","name":"","address":"Байтұрсынұлы көшесі, 163","source":"OpenStreetMap","source_url":"https://www.openstreetmap.org/way/51350450","building":"apartments","levels":9,"height":27,"height_source":"estimated:osm_building_levels_x_3m","height_estimated":true,"min_height":0}},{"type":"Feature","id":"way/1284828318","geometry":{"type":"Polygon","coordinates":[[[76.9338032,43.2352604],[76.9337091,43.2351901],[76.9338112,43.2351176],[76.9339054,43.2351881],[76.9338032,43.2352604]]]},"properties":{"osm_id":1284828318,"osm_type":"way","name":"","address":"Улица Габдуллина, 6/3","source":"OpenStreetMap","source_url":"https://www.openstreetmap.org/way/1284828318","building":"yes","levels":1,"height":3,"height_source":"estimated:osm_building_levels_x_3m","height_estimated":true,"min_height":0}},{"type":"Feature","id":"way/241001536","geometry":{"type":"Polygon","coordinates":[[[76.9345054,43.2365739],[76.9345256,43.2364366],[76.9353696,43.2365026],[76.9353493,43.2366399],[76.9345054,43.2365739]]]},"properties":{"osm_id":241001536,"osm_type":"way","name":"","address":"улица Габдулина, 1","source":"OpenStreetMap","source_url":"https://www.openstreetmap.org/way/241001536","building":"dormitory","levels":4,"height":12,"height_source":"estimated:osm_building_levels_x_3m","height_estimated":true,"min_height":0}},{"type":"Feature","id":"way/51268779","geometry":{"type":"Polygon","coordinates":[[[76.9336974,43.2403291],[76.9337433,43.2398449],[76.9339489,43.2398552],[76.933903,43.2403394],[76.9336974,43.2403291]]]},"properties":{"osm_id":51268779,"osm_type":"way","name":"","address":"Сейфуллин даңғылы, 597","source":"OpenStreetMap","source_url":"https://www.openstreetmap.org/way/51268779","building":"yes","levels":7,"height":21,"height_source":"estimated:osm_building_levels_x_3m","height_estimated":true,"min_height":0}},{"type":"Feature","id":"way/51267866","geometry":{"type":"Polygon","coordinates":[[[76.933146,43.2435159],[76.9331607,43.243386],[76.9332289,43.2433901],[76.9332311,43.2433705],[76.9333463,43.2433775],[76.9333554,43.2433622],[76.9337829,43.2433876],[76.933778,43.2434312],[76.9338105,43.2434331],[76.9337968,43.243555],[76.9337106,43.2435499],[76.9337079,43.2435741],[76.9332363,43.2435459],[76.933239,43.2435215],[76.933146,43.2435159]]]},"properties":{"osm_id":51267866,"osm_type":"way","name":"","address":"Сейфуллин даңғылы, 589а","source":"OpenStreetMap","source_url":"https://www.openstreetmap.org/way/51267866","building":"apartments","levels":9,"height":27,"height_source":"estimated:osm_building_levels_x_3m","height_estimated":true,"min_height":0}},{"type":"Feature","id":"way/51008034","geometry":{"type":"Polygon","coordinates":[[[76.9328092,43.2457712],[76.9328261,43.245632],[76.9330743,43.2456479],[76.9330574,43.2457872],[76.9328092,43.2457712]]]},"properties":{"osm_id":51008034,"osm_type":"way","name":"","address":"Шевченко көшесі, 89Б","source":"OpenStreetMap","source_url":"https://www.openstreetmap.org/way/51008034","building":"yes","levels":5,"height":15,"height_source":"estimated:osm_building_levels_x_3m","height_estimated":true,"min_height":0}},{"type":"Feature","id":"way/51008051","geometry":{"type":"Polygon","coordinates":[[[76.9325533,43.2485566],[76.9325709,43.2484327],[76.9330878,43.2484717],[76.9331234,43.2482213],[76.9332983,43.2482345],[76.9332451,43.2486088],[76.9328407,43.2485783],[76.9325533,43.2485566]]]},"properties":{"osm_id":51008051,"osm_type":"way","name":"","address":"Сейфуллин даңғылы, 565","source":"OpenStreetMap","source_url":"https://www.openstreetmap.org/way/51008051","building":"apartments","levels":3,"height":9,"height_source":"estimated:osm_building_levels_x_3m","height_estimated":true,"min_height":0}},{"type":"Feature","id":"way/240991398","geometry":{"type":"Polygon","coordinates":[[[76.9334775,43.251264],[76.9339163,43.2512944],[76.9338881,43.2515099],[76.9338496,43.2518043],[76.9338381,43.2518035],[76.9334111,43.2517739],[76.9334379,43.2515368],[76.9334775,43.251264]]]},"properties":{"osm_id":240991398,"osm_type":"way","name":"Altyn Zaman","address":"Сейфуллин даңғылы, 498","source":"OpenStreetMap","source_url":"https://www.openstreetmap.org/way/240991398","building":"yes","levels":9,"height":27,"height_source":"estimated:osm_building_levels_x_3m","height_estimated":true,"min_height":0}},{"type":"Feature","id":"way/50876734","geometry":{"type":"Polygon","coordinates":[[[76.934322,43.2549893],[76.93441,43.2544091],[76.9346372,43.2544274],[76.9345851,43.2547711],[76.9345493,43.2550075],[76.934322,43.2549893]]]},"properties":{"osm_id":50876734,"osm_type":"way","name":"","address":"Төле Би көшесі, 73А","source":"OpenStreetMap","source_url":"https://www.openstreetmap.org/way/50876734","building":"yes","levels":4,"height":12,"height_source":"estimated:osm_building_levels_x_3m","height_estimated":true,"min_height":0}},{"type":"Feature","id":"way/50655455","geometry":{"type":"Polygon","coordinates":[[[76.9327019,43.2578629],[76.9327496,43.2575527],[76.9332178,43.2575909],[76.9331964,43.2577303],[76.9328702,43.2577037],[76.9328437,43.2578758],[76.9331556,43.2579013],[76.9331279,43.2580815],[76.9326073,43.258039],[76.9326352,43.2578575],[76.9327019,43.2578629]]]},"properties":{"osm_id":50655455,"osm_type":"way","name":"","address":"Сейфуллин даңғылы, 460","source":"OpenStreetMap","source_url":"https://www.openstreetmap.org/way/50655455","building":"office","levels":5,"height":15,"height_source":"estimated:osm_building_levels_x_3m","height_estimated":true,"min_height":0}},{"type":"Feature","id":"way/253639726","geometry":{"type":"Polygon","coordinates":[[[76.936234,43.2304801],[76.9361811,43.2304376],[76.9362236,43.2304095],[76.9362765,43.230452],[76.936234,43.2304801]]]},"properties":{"osm_id":253639726,"osm_type":"way","name":"","address":"Байтұрсынұлы көшесі, 152А","source":"OpenStreetMap","source_url":"https://www.openstreetmap.org/way/253639726","building":"yes","levels":null,"height":12,"height_source":"estimated:display_fallback_12m","height_estimated":true,"min_height":0}},{"type":"Feature","id":"way/314480716","geometry":{"type":"Polygon","coordinates":[[[76.9387693,43.2339419],[76.9387984,43.2339018],[76.9389412,43.2339568],[76.9390283,43.2339904],[76.9389992,43.2340305],[76.9389517,43.2340122],[76.9387693,43.2339419]]]},"properties":{"osm_id":314480716,"osm_type":"way","name":"","address":"","source":"OpenStreetMap","source_url":"https://www.openstreetmap.org/way/314480716","building":"roof","levels":1,"height":3,"height_source":"estimated:osm_building_levels_x_3m","height_estimated":true,"min_height":0}},{"type":"Feature","id":"way/51268803","geometry":{"type":"Polygon","coordinates":[[[76.9389913,43.2383487],[76.9389594,43.2385696],[76.9386682,43.2385473],[76.9386893,43.2384014],[76.9389222,43.2384193],[76.9389332,43.2383433],[76.9389144,43.2383419],[76.9389305,43.2382307],[76.9392471,43.238255],[76.9394612,43.2382714],[76.9394178,43.238571],[76.9393764,43.2388577],[76.9388452,43.2388169],[76.9388593,43.2387191],[76.9391739,43.2387433],[76.9392284,43.2383669],[76.9389913,43.2383487]]]},"properties":{"osm_id":51268803,"osm_type":"way","name":"","address":"Қаныш Сәтбаев көшесі, 3А","source":"OpenStreetMap","source_url":"https://www.openstreetmap.org/way/51268803","building":"school","levels":2,"height":6,"height_source":"estimated:osm_building_levels_x_3m","height_estimated":true,"min_height":0}},{"type":"Feature","id":"way/1368459361","geometry":{"type":"Polygon","coordinates":[[[76.9368694,43.2404543],[76.9369427,43.2404606],[76.9369441,43.2404515],[76.9371037,43.2404652],[76.9370969,43.2405076],[76.9371148,43.2405091],[76.9370827,43.2407078],[76.9370654,43.2407063],[76.9370579,43.2407524],[76.9369003,43.2407389],[76.9369023,43.2407263],[76.9368259,43.2407197],[76.9368307,43.2406902],[76.9368117,43.2406886],[76.9368455,43.2404801],[76.9368649,43.2404818],[76.9368694,43.2404543]]]},"properties":{"osm_id":1368459361,"osm_type":"way","name":"","address":"Наурызбай батыр көшесі, 119 блок А","source":"OpenStreetMap","source_url":"https://www.openstreetmap.org/way/1368459361","building":"apartments","levels":12,"height":36,"height_source":"estimated:osm_building_levels_x_3m","height_estimated":true,"min_height":0}},{"type":"Feature","id":"way/51267874","geometry":{"type":"Polygon","coordinates":[[[76.9361545,43.242993],[76.9362478,43.2422391],[76.9364249,43.2422507],[76.9363316,43.2430046],[76.9361545,43.242993]]]},"properties":{"osm_id":51267874,"osm_type":"way","name":"","address":"Мәуленов көшесі, 120","source":"OpenStreetMap","source_url":"https://www.openstreetmap.org/way/51267874","building":"apartments","levels":5,"height":15,"height_source":"estimated:osm_building_levels_x_3m","height_estimated":true,"min_height":0}},{"type":"Feature","id":"way/51008080","geometry":{"type":"Polygon","coordinates":[[[76.9375016,43.2472722],[76.9375165,43.2471711],[76.9376435,43.247181],[76.9386454,43.2472591],[76.9386306,43.2473602],[76.9375016,43.2472722]]]},"properties":{"osm_id":51008080,"osm_type":"way","name":"","address":"улица Жамбыла Тобаякова, 84","source":"OpenStreetMap","source_url":"https://www.openstreetmap.org/way/51008080","building":"yes","levels":5,"height":15,"height_source":"estimated:osm_building_levels_x_3m","height_estimated":true,"min_height":0}},{"type":"Feature","id":"way/51008130","geometry":{"type":"Polygon","coordinates":[[[76.9385567,43.2495457],[76.9385719,43.2494041],[76.9385847,43.2493617],[76.9386487,43.2493652],[76.9388089,43.2493738],[76.9392243,43.249396],[76.9392148,43.2494572],[76.9391971,43.2495706],[76.9385567,43.2495457]]]},"properties":{"osm_id":51008130,"osm_type":"way","name":"","address":"Қабанбай Батыр көшесі, 93","source":"OpenStreetMap","source_url":"https://www.openstreetmap.org/way/51008130","building":"civic","levels":5,"height":15,"height_source":"estimated:osm_building_levels_x_3m","height_estimated":true,"min_height":0}},{"type":"Feature","id":"way/50878595","geometry":{"type":"Polygon","coordinates":[[[76.936975,43.2528393],[76.9369921,43.2527025],[76.937281,43.2527216],[76.937264,43.2528584],[76.936975,43.2528393]]]},"properties":{"osm_id":50878595,"osm_type":"way","name":"","address":"Бөгенбай Батыр көшесі, 139","source":"OpenStreetMap","source_url":"https://www.openstreetmap.org/way/50878595","building":"apartments","levels":3,"height":9,"height_source":"estimated:osm_building_levels_x_3m","height_estimated":true,"min_height":0}},{"type":"Feature","id":"way/50876787","geometry":{"type":"Polygon","coordinates":[[[76.9393044,43.2558359],[76.9391661,43.2558265],[76.9392077,43.2555025],[76.939346,43.2555119],[76.9393044,43.2558359]]]},"properties":{"osm_id":50876787,"osm_type":"way","name":"","address":"Желтоқсан көшесі, 103","source":"OpenStreetMap","source_url":"https://www.openstreetmap.org/way/50876787","building":"apartments","levels":3,"height":9,"height_source":"estimated:osm_building_levels_x_3m","height_estimated":true,"min_height":0}},{"type":"Feature","id":"way/50655439","geometry":{"type":"Polygon","coordinates":[[[76.9366995,43.2578125],[76.9373072,43.2578508],[76.937309,43.2578363],[76.9375196,43.2578495],[76.9374939,43.2580662],[76.9372859,43.2580547],[76.9373029,43.2579111],[76.9368157,43.2578804],[76.9367981,43.2580278],[76.9366747,43.258021],[76.9366995,43.2578125]]]},"properties":{"osm_id":50655439,"osm_type":"way","name":"","address":"Әйтеке Би көшесі, 83","source":"OpenStreetMap","source_url":"https://www.openstreetmap.org/way/50655439","building":"commercial","levels":2,"height":6,"height_source":"estimated:osm_building_levels_x_3m","height_estimated":true,"min_height":0}},{"type":"Feature","id":"way/51215757","geometry":{"type":"Polygon","coordinates":[[[76.9410334,43.2325279],[76.9414734,43.2319324],[76.941699,43.2320209],[76.9412591,43.2326164],[76.9410334,43.2325279]]]},"properties":{"osm_id":51215757,"osm_type":"way","name":"","address":"улица Каратаева Мухамеджана, 38А","source":"OpenStreetMap","source_url":"https://www.openstreetmap.org/way/51215757","building":"yes","levels":null,"height":12,"height_source":"estimated:display_fallback_12m","height_estimated":true,"min_height":0}},{"type":"Feature","id":"way/42648513","geometry":{"type":"Polygon","coordinates":[[[76.9404504,43.235346],[76.9405694,43.2354079],[76.9405382,43.2354626],[76.9405544,43.2354777],[76.9405162,43.2355294],[76.9404315,43.2355885],[76.9403613,43.2356043],[76.9403492,43.2356458],[76.9404155,43.2356583],[76.9404931,43.2356004],[76.9405398,43.2356321],[76.9405351,43.2356694],[76.9406589,43.2357265],[76.9406569,43.2357484],[76.9406716,43.2357621],[76.940667,43.2357912],[76.9406491,43.2357999],[76.9406461,43.2358251],[76.940513,43.2358638],[76.9405018,43.2358967],[76.9404201,43.2359186],[76.9404001,43.235865],[76.9403936,43.2358409],[76.9403166,43.2358434],[76.9403176,43.2358798],[76.9403724,43.2359116],[76.9404324,43.2359841],[76.9404528,43.2360231],[76.9404599,43.2360639],[76.9404424,43.2360777],[76.9404519,43.2361333],[76.9403052,43.2361618],[76.9402874,43.2361368],[76.9402596,43.2361437],[76.9400896,43.2358311],[76.9400753,43.235943],[76.9396387,43.2359069],[76.9396988,43.2354393],[76.9401355,43.2354754],[76.940126,43.2355855],[76.9404045,43.2353523],[76.9404294,43.2353636],[76.9404504,43.235346]]]},"properties":{"osm_id":42648513,"osm_type":"way","name":"","address":"Желтоқсан көшесі, 181","source":"OpenStreetMap","source_url":"https://www.openstreetmap.org/way/42648513","building":"hotel","levels":null,"height":12,"height_source":"estimated:display_fallback_12m","height_estimated":true,"min_height":0}},{"type":"Feature","id":"way/1457790112","geometry":{"type":"Polygon","coordinates":[[[76.9427479,43.2389432],[76.942866,43.2389505],[76.9428563,43.2390333],[76.9427382,43.2390259],[76.9427479,43.2389432]]]},"properties":{"osm_id":1457790112,"osm_type":"way","name":"","address":"","source":"OpenStreetMap","source_url":"https://www.openstreetmap.org/way/1457790112","building":"yes","levels":1,"height":3,"height_source":"estimated:osm_building_levels_x_3m","height_estimated":true,"min_height":0}},{"type":"Feature","id":"way/1457810619","geometry":{"type":"Polygon","coordinates":[[[76.9418075,43.2404232],[76.9419916,43.2404366],[76.9419772,43.2405421],[76.9419556,43.2406998],[76.9419366,43.240839],[76.9419138,43.2410057],[76.9418999,43.2411071],[76.941716,43.2410937],[76.9418075,43.2404232]]]},"properties":{"osm_id":1457810619,"osm_type":"way","name":"","address":"Абай даңғылы, 20/22","source":"OpenStreetMap","source_url":"https://www.openstreetmap.org/way/1457810619","building":"apartments","levels":4,"height":12,"height_source":"estimated:osm_building_levels_x_3m","height_estimated":true,"min_height":0}},{"type":"Feature","id":"way/1386049461","geometry":{"type":"Polygon","coordinates":[[[76.9422771,43.2445882],[76.942173,43.2445811],[76.9420753,43.2445745],[76.9420964,43.2444275],[76.9422925,43.2444424],[76.9422771,43.2445882]]]},"properties":{"osm_id":1386049461,"osm_type":"way","name":"","address":"Құрманғазы көшесі, 61","source":"OpenStreetMap","source_url":"https://www.openstreetmap.org/way/1386049461","building":"apartments","levels":3,"height":11,"height_source":"osm:height","height_estimated":false,"min_height":0}},{"type":"Feature","id":"way/51155287","geometry":{"type":"Polygon","coordinates":[[[76.9414774,43.248027],[76.9414912,43.2478761],[76.9416686,43.2478847],[76.9416666,43.2479066],[76.9419058,43.2479188],[76.9419016,43.2479594],[76.9418905,43.2480476],[76.9414774,43.248027]]]},"properties":{"osm_id":51155287,"osm_type":"way","name":"","address":"улица Жамбыла Тобаякова, 61","source":"OpenStreetMap","source_url":"https://www.openstreetmap.org/way/51155287","building":"retail","levels":3,"height":11,"height_source":"osm:height","height_estimated":false,"min_height":0}},{"type":"Feature","id":"way/51008159","geometry":{"type":"Polygon","coordinates":[[[76.9410863,43.250914],[76.9411047,43.2507875],[76.9411784,43.2507934],[76.9413764,43.2508091],[76.941479,43.2508172],[76.9414652,43.2509164],[76.9414613,43.2509429],[76.9410863,43.250914]]]},"properties":{"osm_id":51008159,"osm_type":"way","name":"","address":"","source":"OpenStreetMap","source_url":"https://www.openstreetmap.org/way/51008159","building":"apartments","levels":4,"height":14,"height_source":"osm:height","height_estimated":false,"min_height":0}},{"type":"Feature","id":"way/51008144","geometry":{"type":"Polygon","coordinates":[[[76.9412181,43.2522999],[76.9413197,43.2513559],[76.941296,43.2513545],[76.9411946,43.2513491],[76.9412094,43.2512006],[76.9412673,43.2512036],[76.9413255,43.2512069],[76.9415219,43.2512176],[76.9414441,43.2519708],[76.9414428,43.251983],[76.9414412,43.2519971],[76.9414074,43.2523107],[76.9412181,43.2522999]]]},"properties":{"osm_id":51008144,"osm_type":"way","name":"","address":"Абылай Хан даңғылы, 113","source":"OpenStreetMap","source_url":"https://www.openstreetmap.org/way/51008144","building":"apartments","levels":4,"height":12,"height_source":"estimated:osm_building_levels_x_3m","height_estimated":true,"min_height":0}},{"type":"Feature","id":"way/50876813","geometry":{"type":"Polygon","coordinates":[[[76.940673,43.2566766],[76.9407199,43.2563758],[76.9407245,43.2563463],[76.9410033,43.2563694],[76.9409519,43.2566996],[76.940673,43.2566766]]]},"properties":{"osm_id":50876813,"osm_type":"way","name":"","address":"Абылай Хан даңғылы, 91","source":"OpenStreetMap","source_url":"https://www.openstreetmap.org/way/50876813","building":"office","levels":11,"height":33,"height_source":"estimated:osm_building_levels_x_3m","height_estimated":true,"min_height":0}},{"type":"Feature","id":"way/50304650","geometry":{"type":"Polygon","coordinates":[[[76.9434874,43.2586723],[76.9435024,43.2585362],[76.9438682,43.2585576],[76.9438532,43.2586938],[76.9434874,43.2586723]]]},"properties":{"osm_id":50304650,"osm_type":"way","name":"","address":"","source":"OpenStreetMap","source_url":"https://www.openstreetmap.org/way/50304650","building":"yes","levels":3,"height":9,"height_source":"estimated:osm_building_levels_x_3m","height_estimated":true,"min_height":0}},{"type":"Feature","id":"way/1455765208","geometry":{"type":"Polygon","coordinates":[[[76.9474391,43.2303275],[76.9473188,43.230367],[76.9471966,43.2304054],[76.9471826,43.2304193],[76.9471576,43.230444],[76.9471423,43.2305405],[76.947127,43.230637],[76.9469012,43.2306184],[76.9469164,43.2305204],[76.9469315,43.2304224],[76.9469034,43.23038],[76.946799,43.2303265],[76.9466947,43.2302729],[76.9467078,43.2302593],[76.9466273,43.2302186],[76.9464196,43.2302038],[76.94632,43.2302365],[76.9462374,43.2301041],[76.9463373,43.2300709],[76.9464555,43.2299393],[76.9464627,43.2298739],[76.946437,43.229872],[76.9464542,43.229746],[76.9464701,43.2296291],[76.9464833,43.2295356],[76.9464864,43.2295131],[76.9464015,43.2293851],[76.9465482,43.2292336],[76.9467354,43.229248],[76.9468335,43.2292183],[76.9469339,43.2291065],[76.9469451,43.229029],[76.9472068,43.229048],[76.9471939,43.2291308],[76.9472301,43.2291904],[76.9472663,43.22925],[76.9473528,43.2292957],[76.9472058,43.2294426],[76.9471166,43.2293941],[76.946939,43.2293829],[76.9468394,43.2294141],[76.9467867,43.2294723],[76.9467341,43.2295305],[76.946731,43.2295545],[76.9467188,43.2296491],[76.9467031,43.229764],[76.9466996,43.22979],[76.9466859,43.2298901],[76.9466629,43.2298884],[76.9466547,43.2299586],[76.9467425,43.2301035],[76.9468182,43.2301451],[76.9468276,43.2301354],[76.9469082,43.2301767],[76.9469309,43.2301883],[76.9470341,43.2302413],[76.9471023,43.2302466],[76.9472246,43.2302081],[76.9473475,43.2301702],[76.9474391,43.2303275]]]},"properties":{"osm_id":1455765208,"osm_type":"way","name":"","address":"Әл-Фараби даңғылы","source":"OpenStreetMap","source_url":"https://www.openstreetmap.org/way/1455765208","building":"retail","levels":null,"height":12,"height_source":"estimated:display_fallback_12m","height_estimated":true,"min_height":0}},{"type":"Feature","id":"way/1456902027","geometry":{"type":"Polygon","coordinates":[[[76.9454884,43.2375689],[76.9455272,43.2375674],[76.9455832,43.2375702],[76.9456361,43.2375784],[76.9456264,43.2376694],[76.9456276,43.2376806],[76.9456009,43.2376892],[76.945572,43.2376913],[76.9455486,43.2376913],[76.9455225,43.2376879],[76.9454898,43.2376818],[76.9454606,43.2376716],[76.9454705,43.237664],[76.9454766,43.2376527],[76.9454803,43.2376388],[76.9454884,43.2375689]]]},"properties":{"osm_id":1456902027,"osm_type":"way","name":"","address":"","source":"OpenStreetMap","source_url":"https://www.openstreetmap.org/way/1456902027","building":"roof","levels":null,"height":3.1,"height_source":"osm:height","height_estimated":false,"min_height":3}},{"type":"Feature","id":"way/1457810616","geometry":{"type":"Polygon","coordinates":[[[76.9436721,43.2397261],[76.9445249,43.2397764],[76.9445123,43.2398898],[76.9443929,43.2398827],[76.9443647,43.2398811],[76.9443395,43.2398796],[76.9441775,43.2398701],[76.9441522,43.2398686],[76.944123,43.2398669],[76.9440165,43.2398606],[76.9439869,43.2398589],[76.9439586,43.2398572],[76.9438225,43.2398492],[76.9437918,43.2398474],[76.943752,43.239845],[76.9436595,43.2398396],[76.9436721,43.2397261]]]},"properties":{"osm_id":1457810616,"osm_type":"way","name":"","address":"Абай даңғылы, 20/3","source":"OpenStreetMap","source_url":"https://www.openstreetmap.org/way/1457810616","building":"apartments","levels":5,"height":15,"height_source":"estimated:osm_building_levels_x_3m","height_estimated":true,"min_height":0}},{"type":"Feature","id":"way/51267948","geometry":{"type":"Polygon","coordinates":[[[76.9473939,43.2428599],[76.9473689,43.2428582],[76.947097,43.2428394],[76.9467812,43.2428175],[76.9466857,43.2428109],[76.9466997,43.2427038],[76.9474079,43.2427528],[76.9473939,43.2428599]]]},"properties":{"osm_id":51267948,"osm_type":"way","name":"","address":"Абай даңғылы, 35","source":"OpenStreetMap","source_url":"https://www.openstreetmap.org/way/51267948","building":"apartments","levels":5,"height":17,"height_source":"osm:height","height_estimated":false,"min_height":0}},{"type":"Feature","id":"way/51155277","geometry":{"type":"Polygon","coordinates":[[[76.9474696,43.2461704],[76.9474754,43.2461273],[76.9474843,43.2460606],[76.9474982,43.2459576],[76.9475128,43.2458483],[76.947684,43.2458605],[76.9476409,43.2461826],[76.9474696,43.2461704]]]},"properties":{"osm_id":51155277,"osm_type":"way","name":"","address":"Назарбаев даңғылы, 163","source":"OpenStreetMap","source_url":"https://www.openstreetmap.org/way/51155277","building":"apartments","levels":4,"height":14,"height_source":"osm:height","height_estimated":false,"min_height":0}},{"type":"Feature","id":"way/51008185","geometry":{"type":"Polygon","coordinates":[[[76.9468677,43.250894],[76.9468716,43.2508608],[76.946908,43.2505517],[76.9470663,43.2505616],[76.9470259,43.2509039],[76.9468677,43.250894]]]},"properties":{"osm_id":51008185,"osm_type":"way","name":"Консульство Туркменистана","address":"Назарбаев даңғылы, 137","source":"OpenStreetMap","source_url":"https://www.openstreetmap.org/way/51008185","building":"yes","levels":4,"height":12,"height_source":"estimated:osm_building_levels_x_3m","height_estimated":true,"min_height":0}},{"type":"Feature","id":"way/51008183","geometry":{"type":"Polygon","coordinates":[[[76.9461268,43.2512786],[76.9461439,43.251137],[76.94653,43.2511616],[76.9465252,43.2512016],[76.9465129,43.2513033],[76.9461268,43.2512786]]]},"properties":{"osm_id":51008183,"osm_type":"way","name":"Прокуратура Алмалинского района г. Алматы","address":"Қарасай Батыр көшесі, 56","source":"OpenStreetMap","source_url":"https://www.openstreetmap.org/way/51008183","building":"yes","levels":4,"height":12,"height_source":"estimated:osm_building_levels_x_3m","height_estimated":true,"min_height":0}},{"type":"Feature","id":"way/50534448","geometry":{"type":"Polygon","coordinates":[[[76.9455645,43.2569391],[76.945582,43.2567896],[76.9461904,43.2568274],[76.9461728,43.2569769],[76.9455645,43.2569391]]]},"properties":{"osm_id":50534448,"osm_type":"way","name":"Казконтракт","address":"улица Казыбек Би, 65","source":"OpenStreetMap","source_url":"https://www.openstreetmap.org/way/50534448","building":"commercial","levels":7,"height":21,"height_source":"estimated:osm_building_levels_x_3m","height_estimated":true,"min_height":0}},{"type":"Feature","id":"way/1221801480","geometry":{"type":"Polygon","coordinates":[[[76.9452926,43.2590325],[76.945297,43.2589753],[76.9453927,43.2589792],[76.9453883,43.2590364],[76.9452926,43.2590325]]]},"properties":{"osm_id":1221801480,"osm_type":"way","name":"","address":"","source":"OpenStreetMap","source_url":"https://www.openstreetmap.org/way/1221801480","building":"yes","levels":1,"height":3,"height_source":"osm:height","height_estimated":false,"min_height":0}},{"type":"Feature","id":"way/51215789","geometry":{"type":"Polygon","coordinates":[[[76.9493701,43.230322],[76.9493834,43.2302136],[76.9494715,43.2302193],[76.9496456,43.2302306],[76.9497076,43.2302347],[76.9496943,43.230343],[76.9493701,43.230322]]]},"properties":{"osm_id":51215789,"osm_type":"way","name":"","address":"Назарбаев даңғылы, 237","source":"OpenStreetMap","source_url":"https://www.openstreetmap.org/way/51215789","building":"residential","levels":3,"height":9,"height_source":"estimated:osm_building_levels_x_3m","height_estimated":true,"min_height":0}},{"type":"Feature","id":"way/1565142050","geometry":{"type":"Polygon","coordinates":[[[76.9484957,43.2340437],[76.9484127,43.2340047],[76.9484296,43.233985],[76.9485126,43.2340229],[76.9484957,43.2340437]]]},"properties":{"osm_id":1565142050,"osm_type":"way","name":"","address":"","source":"OpenStreetMap","source_url":"https://www.openstreetmap.org/way/1565142050","building":"yes","levels":null,"height":12,"height_source":"estimated:display_fallback_12m","height_estimated":true,"min_height":0}},{"type":"Feature","id":"way/1457192764","geometry":{"type":"Polygon","coordinates":[[[76.9505592,43.2365383],[76.950571,43.2364429],[76.9510023,43.2364712],[76.9509905,43.2365665],[76.950921,43.236562],[76.9505592,43.2365383]]]},"properties":{"osm_id":1457192764,"osm_type":"way","name":"","address":"","source":"OpenStreetMap","source_url":"https://www.openstreetmap.org/way/1457192764","building":"yes","levels":1,"height":3,"height_source":"estimated:osm_building_levels_x_3m","height_estimated":true,"min_height":0}},{"type":"Feature","id":"way/124162557","geometry":{"type":"Polygon","coordinates":[[[76.9494343,43.2390931],[76.9507821,43.2391817],[76.9507719,43.23928],[76.9506339,43.2392711],[76.9504433,43.2392588],[76.9502225,43.2392446],[76.9500014,43.2392303],[76.949786,43.2392164],[76.9495705,43.2392025],[76.9494196,43.2391928],[76.949389,43.2391922],[76.9493585,43.2391946],[76.9493167,43.239204],[76.9492755,43.2392161],[76.9492389,43.2392328],[76.9492043,43.2392547],[76.9491892,43.2392677],[76.949181,43.2392747],[76.9491598,43.2392967],[76.9491415,43.2393291],[76.9491326,43.2393621],[76.9491167,43.2394825],[76.9490973,43.2396297],[76.9490741,43.2398053],[76.9490521,43.2399722],[76.9490446,43.2400288],[76.9488912,43.2400152],[76.9489873,43.2393533],[76.9489915,43.2393343],[76.949002,43.2393023],[76.9490116,43.2392785],[76.949035,43.2392457],[76.9490612,43.2392152],[76.9490874,43.2391907],[76.9490943,43.239185],[76.9491275,43.2391631],[76.9491684,43.2391411],[76.9492042,43.2391255],[76.9492436,43.2391126],[76.9492987,43.239099],[76.9493603,43.2390934],[76.9494343,43.2390931]]]},"properties":{"osm_id":124162557,"osm_type":"way","name":"","address":"Назарбаев даңғылы, 220","source":"OpenStreetMap","source_url":"https://www.openstreetmap.org/way/124162557","building":"apartments","levels":6,"height":18,"height_source":"estimated:osm_building_levels_x_3m","height_estimated":true,"min_height":0}},{"type":"Feature","id":"way/232715396","geometry":{"type":"Polygon","coordinates":[[[76.9485008,43.2428929],[76.948532,43.2428952],[76.9486565,43.2429041],[76.9486434,43.2430074],[76.9486397,43.2430348],[76.9486204,43.2431756],[76.9486034,43.2432995],[76.9485824,43.243453],[76.9484267,43.2434419],[76.9484444,43.2433107],[76.9484841,43.2430171],[76.9485008,43.2428929]]]},"properties":{"osm_id":232715396,"osm_type":"way","name":"","address":"Назарбаев даңғылы, 172","source":"OpenStreetMap","source_url":"https://www.openstreetmap.org/way/232715396","building":"apartments","levels":5,"height":15,"height_source":"osm:height","height_estimated":false,"min_height":0}},{"type":"Feature","id":"way/1467677744","geometry":{"type":"Polygon","coordinates":[[[76.9498686,43.2462014],[76.9499231,43.2458318],[76.9498946,43.2458295],[76.9499212,43.2456495],[76.9498894,43.245647],[76.9499465,43.2452616],[76.9501042,43.245274],[76.9500914,43.2453599],[76.9500613,43.2455633],[76.9500496,43.2456422],[76.9500842,43.2456449],[76.9500694,43.2457451],[76.9500555,43.2458391],[76.9500819,43.2458412],[76.9500691,43.2459279],[76.9500401,43.2461244],[76.9500269,43.2462138],[76.9498686,43.2462014]]]},"properties":{"osm_id":1467677744,"osm_type":"way","name":"","address":"улица Тулебаева, 174","source":"OpenStreetMap","source_url":"https://www.openstreetmap.org/way/1467677744","building":"apartments","levels":5,"height":17,"height_source":"osm:height","height_estimated":false,"min_height":0}},{"type":"Feature","id":"way/50898926","geometry":{"type":"Polygon","coordinates":[[[76.9501641,43.2511612],[76.950044,43.2511523],[76.9500652,43.2510018],[76.9498518,43.2509858],[76.9498492,43.2510049],[76.9497355,43.2509964],[76.9497543,43.2508627],[76.9498669,43.2508712],[76.9498644,43.2508896],[76.9500643,43.2509045],[76.9500865,43.2507465],[76.950221,43.2507565],[76.9501641,43.2511612]]]},"properties":{"osm_id":50898926,"osm_type":"way","name":"","address":"Қонаев көшесі, 127","source":"OpenStreetMap","source_url":"https://www.openstreetmap.org/way/50898926","building":"yes","levels":2,"height":8,"height_source":"osm:height","height_estimated":false,"min_height":0}},{"type":"Feature","id":"way/50898928","geometry":{"type":"Polygon","coordinates":[[[76.9500944,43.2524518],[76.9501073,43.252368],[76.9501102,43.2523488],[76.9501129,43.2523317],[76.9501357,43.2521835],[76.9501381,43.2521675],[76.9501656,43.2519889],[76.9501819,43.2518833],[76.9503681,43.2518985],[76.9502807,43.252467],[76.9500944,43.2524518]]]},"properties":{"osm_id":50898928,"osm_type":"way","name":"","address":"Қонаев көшесі, 119","source":"OpenStreetMap","source_url":"https://www.openstreetmap.org/way/50898928","building":"apartments","levels":5,"height":17,"height_source":"osm:height","height_estimated":false,"min_height":0}},{"type":"Feature","id":"way/50568044","geometry":{"type":"Polygon","coordinates":[[[76.9496214,43.2565675],[76.9496341,43.2564526],[76.9496526,43.2562857],[76.9496645,43.2561786],[76.9498171,43.2561876],[76.949774,43.2565765],[76.9496703,43.2565704],[76.9496214,43.2565675]]]},"properties":{"osm_id":50568044,"osm_type":"way","name":"","address":"Қонаев көшесі, 85","source":"OpenStreetMap","source_url":"https://www.openstreetmap.org/way/50568044","building":"apartments","levels":3,"height":11,"height_source":"osm:height","height_estimated":false,"min_height":0}},{"type":"Feature","id":"way/123433638","geometry":{"type":"Polygon","coordinates":[[[76.9482561,43.2595917],[76.9482431,43.2596949],[76.9482301,43.2597981],[76.9482931,43.259802],[76.948508,43.2598151],[76.9487229,43.2598282],[76.9489291,43.2598408],[76.9491353,43.2598534],[76.9492157,43.2598583],[76.9492289,43.2597607],[76.9492506,43.259601],[76.9492656,43.25949],[76.9494281,43.2594987],[76.9493775,43.2598744],[76.9493591,43.2598727],[76.9493462,43.2599718],[76.948071,43.2598907],[76.9480849,43.2597843],[76.9480686,43.2597835],[76.948096,43.2595833],[76.9482561,43.2595917]]]},"properties":{"osm_id":123433638,"osm_type":"way","name":"","address":"Гоголь көшесі, 42","source":"OpenStreetMap","source_url":"https://www.openstreetmap.org/way/123433638","building":"apartments","levels":5,"height":15,"height_source":"estimated:osm_building_levels_x_3m","height_estimated":true,"min_height":0}},{"type":"Feature","id":"way/51214869","geometry":{"type":"Polygon","coordinates":[[[76.9536571,43.2322549],[76.953675,43.2321146],[76.9536854,43.2321153],[76.9536887,43.2320888],[76.9537007,43.2320896],[76.9537056,43.2320578],[76.9538339,43.2320658],[76.9538261,43.2321224],[76.9538467,43.2321236],[76.9538388,43.232193],[76.9538306,43.2322663],[76.9538093,43.2322656],[76.9538026,43.2323236],[76.9536742,43.2323156],[76.953678,43.2322833],[76.9536648,43.2322824],[76.9536681,43.2322557],[76.9536571,43.2322549]]]},"properties":{"osm_id":51214869,"osm_type":"way","name":"","address":"85","source":"OpenStreetMap","source_url":"https://www.openstreetmap.org/way/51214869","building":"apartments","levels":9,"height":27,"height_source":"estimated:osm_building_levels_x_3m","height_estimated":true,"min_height":0}},{"type":"Feature","id":"way/252476659","geometry":{"type":"Polygon","coordinates":[[[76.9546694,43.2357902],[76.9547125,43.2354808],[76.9548707,43.2354925],[76.9548666,43.235522],[76.9548618,43.2355565],[76.9548594,43.2355741],[76.9548401,43.2357119],[76.9548368,43.2357353],[76.9548339,43.2357561],[76.9548275,43.2358019],[76.9546694,43.2357902]]]},"properties":{"osm_id":252476659,"osm_type":"way","name":"","address":"17","source":"OpenStreetMap","source_url":"https://www.openstreetmap.org/way/252476659","building":"apartments","levels":5,"height":15,"height_source":"estimated:osm_building_levels_x_3m","height_estimated":true,"min_height":0}},{"type":"Feature","id":"way/444483689","geometry":{"type":"Polygon","coordinates":[[[76.9534531,43.2368423],[76.9535813,43.2366132],[76.9537406,43.2366605],[76.9536124,43.2368896],[76.9534531,43.2368423]]]},"properties":{"osm_id":444483689,"osm_type":"way","name":"","address":"","source":"OpenStreetMap","source_url":"https://www.openstreetmap.org/way/444483689","building":"yes","levels":1,"height":4,"height_source":"osm:height","height_estimated":false,"min_height":0}},{"type":"Feature","id":"way/1458827664","geometry":{"type":"Polygon","coordinates":[[[76.95314,43.2412541],[76.9533262,43.2412706],[76.953296,43.2414509],[76.9530802,43.2414317],[76.9529861,43.2414233],[76.9530163,43.2412431],[76.95314,43.2412541]]]},"properties":{"osm_id":1458827664,"osm_type":"way","name":"","address":"Абай даңғылы, 8г/5","source":"OpenStreetMap","source_url":"https://www.openstreetmap.org/way/1458827664","building":"university","levels":2,"height":7,"height_source":"osm:height","height_estimated":false,"min_height":0}},{"type":"Feature","id":"way/1421164028","geometry":{"type":"Polygon","coordinates":[[[76.9542967,43.244459],[76.9542845,43.2445566],[76.9542245,43.2445526],[76.9541908,43.2445504],[76.9541645,43.2445487],[76.9539781,43.2445364],[76.9539526,43.2445347],[76.9539212,43.2445326],[76.9535106,43.2445054],[76.9535225,43.2444099],[76.9535622,43.2444125],[76.9535686,43.2443613],[76.9535504,43.2443601],[76.9535723,43.2441851],[76.9535925,43.2441865],[76.9535973,43.2441483],[76.9535662,43.2441463],[76.9535799,43.2440364],[76.9543594,43.2440882],[76.9543456,43.2441989],[76.9542321,43.2441914],[76.9539956,43.2441757],[76.9537791,43.2441613],[76.9536456,43.2441524],[76.953643,43.244173],[76.9536405,43.2441936],[76.9537105,43.2441983],[76.9536998,43.2442837],[76.9536892,43.2443692],[76.9536215,43.2443647],[76.9536185,43.2443893],[76.9536154,43.2444139],[76.9537495,43.2444228],[76.9542967,43.244459]]]},"properties":{"osm_id":1421164028,"osm_type":"way","name":"","address":"Шоқан Уәлиханов көшесі, 124","source":"OpenStreetMap","source_url":"https://www.openstreetmap.org/way/1421164028","building":"apartments","levels":5,"height":15,"height_source":"estimated:osm_building_levels_x_3m","height_estimated":true,"min_height":0}},{"type":"Feature","id":"way/51155803","geometry":{"type":"Polygon","coordinates":[[[76.9552901,43.2454764],[76.9552962,43.2453743],[76.9557398,43.2453883],[76.9557337,43.2454904],[76.9556479,43.2454877],[76.9553849,43.2454794],[76.9552901,43.2454764]]]},"properties":{"osm_id":51155803,"osm_type":"way","name":"","address":"Құрманғазы көшесі, 15","source":"OpenStreetMap","source_url":"https://www.openstreetmap.org/way/51155803","building":"apartments","levels":4,"height":12,"height_source":"estimated:osm_building_levels_x_3m","height_estimated":true,"min_height":0}},{"type":"Feature","id":"way/27054590","geometry":{"type":"Polygon","coordinates":[[[76.9545955,43.2495519],[76.9546684,43.2489934],[76.9548368,43.2490051],[76.9548259,43.2490886],[76.9548228,43.2491124],[76.9548204,43.249131],[76.9548028,43.2492659],[76.9548004,43.2492843],[76.954798,43.2493027],[76.9547802,43.2494397],[76.954778,43.2494566],[76.954775,43.2494794],[76.954764,43.2495636],[76.9545955,43.2495519]]]},"properties":{"osm_id":27054590,"osm_type":"way","name":"","address":"Пушкин көшесі, 84","source":"OpenStreetMap","source_url":"https://www.openstreetmap.org/way/27054590","building":"apartments","levels":5,"height":17,"height_source":"osm:height","height_estimated":false,"min_height":0}},{"type":"Feature","id":"way/43313840","geometry":{"type":"Polygon","coordinates":[[[76.9523727,43.2534687],[76.952389,43.2533339],[76.9525296,43.2533429],[76.9527824,43.2533592],[76.9530383,43.2533756],[76.9532926,43.2533919],[76.9534979,43.2534051],[76.9535717,43.2534098],[76.9536589,43.2534154],[76.9536426,43.2535501],[76.9523727,43.2534687]]]},"properties":{"osm_id":43313840,"osm_type":"way","name":"","address":"","source":"OpenStreetMap","source_url":"https://www.openstreetmap.org/way/43313840","building":"apartments","levels":5,"height":17,"height_source":"osm:height","height_estimated":false,"min_height":0}},{"type":"Feature","id":"way/50648316","geometry":{"type":"Polygon","coordinates":[[[76.955508,43.2570881],[76.95548,43.2570643],[76.955487,43.2570235],[76.9555127,43.257003],[76.955522,43.256935],[76.9554426,43.2569299],[76.9554519,43.2568653],[76.955466,43.2568551],[76.9554516,43.2568431],[76.9554636,43.2567277],[76.9554804,43.2567146],[76.9554672,43.2567024],[76.9554708,43.2566543],[76.9555068,43.2566342],[76.9555452,43.2566359],[76.955544,43.2566482],[76.9556868,43.2566543],[76.9556748,43.2567128],[76.9556556,43.2567225],[76.9556508,43.2567434],[76.9556688,43.2567574],[76.9556592,43.2568309],[76.95564,43.2568527],[76.955664,43.2568789],[76.9556544,43.256927],[76.9556944,43.2569276],[76.9557107,43.2569451],[76.9557088,43.2569635],[76.9556963,43.2570964],[76.955508,43.2570881]]]},"properties":{"osm_id":50648316,"osm_type":"way","name":"White Fort","address":"Достық даңғылы, 12","source":"OpenStreetMap","source_url":"https://www.openstreetmap.org/way/50648316","building":"apartments","levels":9,"height":27,"height_source":"estimated:osm_building_levels_x_3m","height_estimated":true,"min_height":0}},{"type":"Feature","id":"way/1343280792","geometry":{"type":"Polygon","coordinates":[[[76.9542342,43.2593565],[76.9542431,43.2592977],[76.9543641,43.2593075],[76.9543551,43.2593663],[76.9542342,43.2593565]]]},"properties":{"osm_id":1343280792,"osm_type":"way","name":"","address":"","source":"OpenStreetMap","source_url":"https://www.openstreetmap.org/way/1343280792","building":"yes","levels":null,"height":12,"height_source":"estimated:display_fallback_12m","height_estimated":true,"min_height":0}},{"type":"Feature","id":"way/252584378","geometry":{"type":"Polygon","coordinates":[[[76.9602017,43.2317092],[76.9599291,43.2316464],[76.9599639,43.2315687],[76.959957,43.2315624],[76.9599527,43.2315547],[76.9599545,43.2315447],[76.9599607,43.2315374],[76.9599739,43.2315307],[76.959986,43.2315298],[76.9600003,43.2315312],[76.9602689,43.2315952],[76.9602427,43.2316578],[76.9602235,43.231653],[76.9602017,43.2317092]]]},"properties":{"osm_id":252584378,"osm_type":"way","name":"БЦ Triumph","address":"Достық даңғылы, 192","source":"OpenStreetMap","source_url":"https://www.openstreetmap.org/way/252584378","building":"commercial","levels":8,"height":24,"height_source":"estimated:osm_building_levels_x_3m","height_estimated":true,"min_height":0}},{"type":"Feature","id":"way/189199963","geometry":{"type":"Polygon","coordinates":[[[76.9563065,43.2350803],[76.9563654,43.2345919],[76.9565093,43.2346011],[76.9564988,43.2346884],[76.9564798,43.2348453],[76.9564603,43.2350071],[76.9564504,43.2350895],[76.9563065,43.2350803]]]},"properties":{"osm_id":189199963,"osm_type":"way","name":"","address":"9","source":"OpenStreetMap","source_url":"https://www.openstreetmap.org/way/189199963","building":"apartments","levels":5,"height":15,"height_source":"estimated:osm_building_levels_x_3m","height_estimated":true,"min_height":0}},{"type":"Feature","id":"way/112965012","geometry":{"type":"Polygon","coordinates":[[[76.9569265,43.2375819],[76.9569749,43.2375852],[76.9569846,43.2375218],[76.9572409,43.2375383],[76.9572182,43.2377157],[76.9571371,43.2377093],[76.9567142,43.2376812],[76.9567283,43.2375688],[76.956771,43.2372271],[76.9570954,43.237249],[76.9570679,43.237439],[76.9569452,43.23743],[76.9569265,43.2375819]]]},"properties":{"osm_id":112965012,"osm_type":"way","name":"БЦ \"Танил\"","address":"Достық даңғылы, 89Г","source":"OpenStreetMap","source_url":"https://www.openstreetmap.org/way/112965012","building":"retail","levels":null,"height":12,"height_source":"estimated:display_fallback_12m","height_estimated":true,"min_height":0}},{"type":"Feature","id":"way/112965014","geometry":{"type":"Polygon","coordinates":[[[76.9562736,43.2390376],[76.9562886,43.2389189],[76.9570058,43.2389663],[76.9569889,43.2390868],[76.9568906,43.2390788],[76.9568595,43.2390767],[76.9566821,43.2390649],[76.9566392,43.239062],[76.956596,43.2390591],[76.9564291,43.239048],[76.956385,43.239045],[76.9563505,43.2390427],[76.9562736,43.2390376]]]},"properties":{"osm_id":112965014,"osm_type":"way","name":"","address":"Қаныш Сәтбаев көшесі, 2","source":"OpenStreetMap","source_url":"https://www.openstreetmap.org/way/112965014","building":"apartments","levels":5,"height":15,"height_source":"estimated:osm_building_levels_x_3m","height_estimated":true,"min_height":0}},{"type":"Feature","id":"way/51155743","geometry":{"type":"Polygon","coordinates":[[[76.9573007,43.2423154],[76.9573275,43.2420973],[76.9572577,43.2420919],[76.9572931,43.2418097],[76.957444,43.241819],[76.9575151,43.241824],[76.9575206,43.2417738],[76.9580978,43.2418168],[76.9580656,43.2420325],[76.9580431,43.2421985],[76.9579402,43.2421915],[76.9578429,43.2421849],[76.9578364,43.2422348],[76.9579337,43.2422404],[76.9579176,43.2423576],[76.9578212,43.2423506],[76.9575998,43.2423352],[76.9573784,43.2423198],[76.9573007,43.2423154]]]},"properties":{"osm_id":51155743,"osm_type":"way","name":"Кинотетар Арман","address":"Достық даңғылы, 104","source":"OpenStreetMap","source_url":"https://www.openstreetmap.org/way/51155743","building":"retail","levels":null,"height":12,"height_source":"estimated:display_fallback_12m","height_estimated":true,"min_height":0}},{"type":"Feature","id":"way/51155801","geometry":{"type":"Polygon","coordinates":[[[76.95585,43.2455198],[76.9558678,43.2453912],[76.9563756,43.2454286],[76.9563495,43.2456423],[76.9561959,43.2456326],[76.9562093,43.2455463],[76.9561298,43.2455404],[76.9559419,43.2455265],[76.95585,43.2455198]]]},"properties":{"osm_id":51155801,"osm_type":"way","name":"","address":"Құрманғазы көшесі, 11","source":"OpenStreetMap","source_url":"https://www.openstreetmap.org/way/51155801","building":"apartments","levels":6,"height":18,"height_source":"estimated:osm_building_levels_x_3m","height_estimated":true,"min_height":0}},{"type":"Feature","id":"way/27054558","geometry":{"type":"Polygon","coordinates":[[[76.9585814,43.2502211],[76.9586291,43.2497894],[76.958823,43.2498008],[76.9588032,43.2499799],[76.9587753,43.2502325],[76.9585814,43.2502211]]]},"properties":{"osm_id":27054558,"osm_type":"way","name":"Archimedes Medical Group","address":"Қалдаяқов көшесі, 79","source":"OpenStreetMap","source_url":"https://www.openstreetmap.org/way/27054558","building":"yes","levels":5,"height":15,"height_source":"estimated:osm_building_levels_x_3m","height_estimated":true,"min_height":0}},{"type":"Feature","id":"way/247622447","geometry":{"type":"Polygon","coordinates":[[[76.9581843,43.2528863],[76.9581683,43.2530105],[76.9580458,43.2530025],[76.9578548,43.2529916],[76.957678,43.252978],[76.9575736,43.25297],[76.9575896,43.2528458],[76.9581843,43.2528863]]]},"properties":{"osm_id":247622447,"osm_type":"way","name":"","address":"Зенков көшесі, 54","source":"OpenStreetMap","source_url":"https://www.openstreetmap.org/way/247622447","building":"apartments","levels":5,"height":17,"height_source":"osm:height","height_estimated":false,"min_height":0}},{"type":"Feature","id":"way/50648297","geometry":{"type":"Polygon","coordinates":[[[76.9568367,43.2562468],[76.9568798,43.2558593],[76.9570891,43.2558712],[76.9570631,43.2561147],[76.9570761,43.2561154],[76.9570613,43.256258],[76.9568367,43.2562468]]]},"properties":{"osm_id":50648297,"osm_type":"way","name":"","address":"Төле би көшесі, 23","source":"OpenStreetMap","source_url":"https://www.openstreetmap.org/way/50648297","building":"retail","levels":3,"height":9,"height_source":"estimated:osm_building_levels_x_3m","height_estimated":true,"min_height":0}},{"type":"Feature","id":"way/50648772","geometry":{"type":"Polygon","coordinates":[[[76.9589351,43.2594465],[76.9589588,43.2592742],[76.9591616,43.2592889],[76.9591379,43.2594613],[76.9589351,43.2594465]]]},"properties":{"osm_id":50648772,"osm_type":"way","name":"Дом братьев Бреусовых","address":"Әйтеке Би көшесі, 27","source":"OpenStreetMap","source_url":"https://www.openstreetmap.org/way/50648772","building":"yes","levels":null,"height":12,"height_source":"estimated:display_fallback_12m","height_estimated":true,"min_height":0}},{"type":"Feature","id":"way/51348127","geometry":{"type":"Polygon","coordinates":[[[76.9191074,43.231251],[76.9191523,43.2308656],[76.9193192,43.2308749],[76.9200716,43.2309168],[76.9200604,43.2310234],[76.9193084,43.2309816],[76.9192793,43.2312592],[76.9191074,43.231251]]]},"properties":{"osm_id":51348127,"osm_type":"way","name":"","address":"21","source":"OpenStreetMap","source_url":"https://www.openstreetmap.org/way/51348127","building":"apartments","levels":null,"height":12,"height_source":"estimated:display_fallback_12m","height_estimated":true,"min_height":0}},{"type":"Feature","id":"way/1455478076","geometry":{"type":"Polygon","coordinates":[[[76.9216013,43.2355366],[76.9218335,43.2355496],[76.921822,43.2356583],[76.9218189,43.2356878],[76.921807,43.2358012],[76.9218042,43.2358276],[76.9217541,43.2358248],[76.9215719,43.2358146],[76.9215845,43.2356959],[76.9215866,43.2356756],[76.9215897,43.2356461],[76.9216013,43.2355366]]]},"properties":{"osm_id":1455478076,"osm_type":"way","name":"","address":"Қаныш Сәтбаев көшесі, 30/5 к1","source":"OpenStreetMap","source_url":"https://www.openstreetmap.org/way/1455478076","building":"apartments","levels":15,"height":45,"height_source":"estimated:osm_building_levels_x_3m","height_estimated":true,"min_height":0}},{"type":"Feature","id":"way/442804082","geometry":{"type":"Polygon","coordinates":[[[76.9198643,43.2376613],[76.9198882,43.2374837],[76.9198959,43.2374262],[76.9200372,43.2374363],[76.9200056,43.2376714],[76.9198643,43.2376613]]]},"properties":{"osm_id":442804082,"osm_type":"way","name":"","address":"","source":"OpenStreetMap","source_url":"https://www.openstreetmap.org/way/442804082","building":"yes","levels":1,"height":3,"height_source":"estimated:osm_building_levels_x_3m","height_estimated":true,"min_height":0}},{"type":"Feature","id":"way/51275841","geometry":{"type":"Polygon","coordinates":[[[76.9224146,43.2418117],[76.92244,43.2416333],[76.9225962,43.2416451],[76.9225708,43.2418235],[76.9224146,43.2418117]]]},"properties":{"osm_id":51275841,"osm_type":"way","name":"","address":"Шагабутдинов көшесі, 150А","source":"OpenStreetMap","source_url":"https://www.openstreetmap.org/way/51275841","building":"yes","levels":3,"height":9,"height_source":"estimated:osm_building_levels_x_3m","height_estimated":true,"min_height":0}},{"type":"Feature","id":"way/431553885","geometry":{"type":"Polygon","coordinates":[[[76.9240715,43.2424923],[76.9240435,43.2426821],[76.923866,43.2426682],[76.923894,43.2424784],[76.9240715,43.2424923]]]},"properties":{"osm_id":431553885,"osm_type":"way","name":"","address":"Әди Шәріпов көшесі, 118/120","source":"OpenStreetMap","source_url":"https://www.openstreetmap.org/way/431553885","building":"yes","levels":2,"height":6,"height_source":"estimated:osm_building_levels_x_3m","height_estimated":true,"min_height":0}},{"type":"Feature","id":"way/51276064","geometry":{"type":"Polygon","coordinates":[[[76.9204235,43.2478239],[76.9204302,43.2477268],[76.9209649,43.2477464],[76.9209581,43.2478435],[76.9204235,43.2478239]]]},"properties":{"osm_id":51276064,"osm_type":"way","name":"","address":"Шагабутдинов көшесі","source":"OpenStreetMap","source_url":"https://www.openstreetmap.org/way/51276064","building":"yes","levels":9,"height":27,"height_source":"estimated:osm_building_levels_x_3m","height_estimated":true,"min_height":0}},{"type":"Feature","id":"way/51276083","geometry":{"type":"Polygon","coordinates":[[[76.9207995,43.2488589],[76.9208427,43.2482358],[76.9210148,43.2482422],[76.9209716,43.2488653],[76.9207995,43.2488589]]]},"properties":{"osm_id":51276083,"osm_type":"way","name":"","address":"Қабанбай Батыр көшесі, 135","source":"OpenStreetMap","source_url":"https://www.openstreetmap.org/way/51276083","building":"yes","levels":4,"height":12,"height_source":"estimated:osm_building_levels_x_3m","height_estimated":true,"min_height":0}},{"type":"Feature","id":"way/247394014","geometry":{"type":"Polygon","coordinates":[[[76.9208362,43.2527049],[76.9210341,43.2527206],[76.9210122,43.2528748],[76.920817,43.2528619],[76.9208362,43.2527049]]]},"properties":{"osm_id":247394014,"osm_type":"way","name":"","address":"Төле Би көшесі, 112","source":"OpenStreetMap","source_url":"https://www.openstreetmap.org/way/247394014","building":"retail","levels":3,"height":9,"height_source":"estimated:osm_building_levels_x_3m","height_estimated":true,"min_height":0}},{"type":"Feature","id":"way/50876662","geometry":{"type":"Polygon","coordinates":[[[76.9224786,43.2553268],[76.9224879,43.2552257],[76.9228789,43.2552447],[76.9228697,43.2553457],[76.9224786,43.2553268]]]},"properties":{"osm_id":50876662,"osm_type":"way","name":"","address":"улица Казыбек Би, 127","source":"OpenStreetMap","source_url":"https://www.openstreetmap.org/way/50876662","building":"yes","levels":2,"height":6,"height_source":"estimated:osm_building_levels_x_3m","height_estimated":true,"min_height":0}},{"type":"Feature","id":"way/50876207","geometry":{"type":"Polygon","coordinates":[[[76.9245547,43.2589023],[76.9235549,43.2588352],[76.9234778,43.25883],[76.9234882,43.2587479],[76.9245651,43.2588202],[76.9245547,43.2589023]]]},"properties":{"osm_id":50876207,"osm_type":"way","name":"","address":"Гоголь көшесі, 155","source":"OpenStreetMap","source_url":"https://www.openstreetmap.org/way/50876207","building":"yes","levels":null,"height":12,"height_source":"estimated:display_fallback_12m","height_estimated":true,"min_height":0}},{"type":"Feature","id":"way/51350397","geometry":{"type":"Polygon","coordinates":[[[76.9265567,43.2299686],[76.9262536,43.2297671],[76.9263466,43.2296907],[76.9266098,43.2298738],[76.9281081,43.2299852],[76.9280921,43.2300853],[76.9265567,43.2299686]]]},"properties":{"osm_id":51350397,"osm_type":"way","name":"","address":"50","source":"OpenStreetMap","source_url":"https://www.openstreetmap.org/way/51350397","building":"apartments","levels":5,"height":15,"height_source":"estimated:osm_building_levels_x_3m","height_estimated":true,"min_height":0}},{"type":"Feature","id":"way/253639751","geometry":{"type":"Polygon","coordinates":[[[76.9272298,43.2350704],[76.9271345,43.235142],[76.9268998,43.2349764],[76.926995,43.2349048],[76.9272298,43.2350704]]]},"properties":{"osm_id":253639751,"osm_type":"way","name":"","address":"бульвар Бухар Жырау, 6","source":"OpenStreetMap","source_url":"https://www.openstreetmap.org/way/253639751","building":"yes","levels":2,"height":6,"height_source":"estimated:osm_building_levels_x_3m","height_estimated":true,"min_height":0}},{"type":"Feature","id":"way/778821847","geometry":{"type":"Polygon","coordinates":[[[76.9256192,43.2392748],[76.9256605,43.2389353],[76.9256883,43.2387075],[76.9256972,43.2386345],[76.9256983,43.2386248],[76.9260066,43.2386447],[76.9260706,43.2386488],[76.926154,43.2386542],[76.9261356,43.2388057],[76.9260997,43.2390999],[76.9260748,43.2393042],[76.9260044,43.2392997],[76.9256192,43.2392748]]]},"properties":{"osm_id":778821847,"osm_type":"way","name":"","address":"Абай даңғылы, 44/2","source":"OpenStreetMap","source_url":"https://www.openstreetmap.org/way/778821847","building":"yes","levels":8,"height":24,"height_source":"estimated:osm_building_levels_x_3m","height_estimated":true,"min_height":0}},{"type":"Feature","id":"way/51275880","geometry":{"type":"Polygon","coordinates":[[[76.9275369,43.2421183],[76.9275761,43.2416681],[76.9277622,43.2416767],[76.9277231,43.2421269],[76.9275369,43.2421183]]]},"properties":{"osm_id":51275880,"osm_type":"way","name":"","address":"Ахмет Байтұрсынов көшесі, 78Б","source":"OpenStreetMap","source_url":"https://www.openstreetmap.org/way/51275880","building":"apartments","levels":4,"height":12,"height_source":"estimated:osm_building_levels_x_3m","height_estimated":true,"min_height":0}},{"type":"Feature","id":"way/51276024","geometry":{"type":"Polygon","coordinates":[[[76.9237489,43.2433873],[76.9237676,43.2432459],[76.9246144,43.2433053],[76.9245958,43.2434466],[76.9237489,43.2433873]]]},"properties":{"osm_id":51276024,"osm_type":"way","name":"","address":"Әди Шәріпов көшесі, 116","source":"OpenStreetMap","source_url":"https://www.openstreetmap.org/way/51276024","building":"yes","levels":4,"height":12,"height_source":"estimated:osm_building_levels_x_3m","height_estimated":true,"min_height":0}},{"type":"Feature","id":"way/431572833","geometry":{"type":"Polygon","coordinates":[[[76.9253898,43.2455539],[76.9253031,43.2455483],[76.9252305,43.2455436],[76.9252423,43.2454474],[76.9254016,43.2454577],[76.9253898,43.2455539]]]},"properties":{"osm_id":431572833,"osm_type":"way","name":"","address":"","source":"OpenStreetMap","source_url":"https://www.openstreetmap.org/way/431572833","building":"yes","levels":2,"height":6,"height_source":"estimated:osm_building_levels_x_3m","height_estimated":true,"min_height":0}},{"type":"Feature","id":"way/27320465","geometry":{"type":"Polygon","coordinates":[[[76.924925,43.248503],[76.9249311,43.2483578],[76.925777,43.2483766],[76.9257709,43.2485218],[76.924925,43.248503]]]},"properties":{"osm_id":27320465,"osm_type":"way","name":"","address":"Қабанбай Батыр көшесі, 117","source":"OpenStreetMap","source_url":"https://www.openstreetmap.org/way/27320465","building":"yes","levels":null,"height":12,"height_source":"estimated:display_fallback_12m","height_estimated":true,"min_height":0}},{"type":"Feature","id":"way/50878521","geometry":{"type":"Polygon","coordinates":[[[76.924452,43.2514036],[76.9244698,43.2511009],[76.9246273,43.2511058],[76.9246095,43.2514085],[76.924452,43.2514036]]]},"properties":{"osm_id":50878521,"osm_type":"way","name":"","address":"улица Досмухамедова, 60","source":"OpenStreetMap","source_url":"https://www.openstreetmap.org/way/50878521","building":"yes","levels":null,"height":12,"height_source":"estimated:display_fallback_12m","height_estimated":true,"min_height":0}},{"type":"Feature","id":"way/50876606","geometry":{"type":"Polygon","coordinates":[[[76.9262123,43.2556242],[76.9262191,43.2555219],[76.9266147,43.2555359],[76.9266078,43.2556382],[76.9262123,43.2556242]]]},"properties":{"osm_id":50876606,"osm_type":"way","name":"","address":"117Б","source":"OpenStreetMap","source_url":"https://www.openstreetmap.org/way/50876606","building":"yes","levels":null,"height":12,"height_source":"estimated:display_fallback_12m","height_estimated":true,"min_height":0}},{"type":"Feature","id":"way/50876206","geometry":{"type":"Polygon","coordinates":[[[76.9243152,43.2602293],[76.9244488,43.2592499],[76.9246199,43.2592623],[76.9244863,43.2602417],[76.9243152,43.2602293]]]},"properties":{"osm_id":50876206,"osm_type":"way","name":"","address":"Байтұрсынұлы көшесі, 9","source":"OpenStreetMap","source_url":"https://www.openstreetmap.org/way/50876206","building":"yes","levels":4,"height":12,"height_source":"estimated:osm_building_levels_x_3m","height_estimated":true,"min_height":0}},{"type":"Feature","id":"way/51350300","geometry":{"type":"Polygon","coordinates":[[[76.9314287,43.2308344],[76.9315411,43.2307612],[76.9322966,43.2313765],[76.9321842,43.2314498],[76.9314287,43.2308344]]]},"properties":{"osm_id":51350300,"osm_type":"way","name":"","address":"улица Володарского, 15","source":"OpenStreetMap","source_url":"https://www.openstreetmap.org/way/51350300","building":"yes","levels":null,"height":12,"height_source":"estimated:display_fallback_12m","height_estimated":true,"min_height":0}},{"type":"Feature","id":"way/51350446","geometry":{"type":"Polygon","coordinates":[[[76.9288529,43.2346958],[76.9289532,43.2346204],[76.9292006,43.2347951],[76.9291004,43.2348705],[76.9288529,43.2346958]]]},"properties":{"osm_id":51350446,"osm_type":"way","name":"","address":"Байтұрсынұлы көшесі, 129А","source":"OpenStreetMap","source_url":"https://www.openstreetmap.org/way/51350446","building":"yes","levels":2,"height":6,"height_source":"estimated:osm_building_levels_x_3m","height_estimated":true,"min_height":0}},{"type":"Feature","id":"way/1455789672","geometry":{"type":"Polygon","coordinates":[[[76.9302793,43.2367077],[76.9303141,43.2363959],[76.9303198,43.2363449],[76.9304737,43.2363541],[76.9304333,43.2367168],[76.9302793,43.2367077]]]},"properties":{"osm_id":1455789672,"osm_type":"way","name":"","address":"","source":"OpenStreetMap","source_url":"https://www.openstreetmap.org/way/1455789672","building":"yes","levels":1,"height":3,"height_source":"estimated:osm_building_levels_x_3m","height_estimated":true,"min_height":0}},{"type":"Feature","id":"way/51275865","geometry":{"type":"Polygon","coordinates":[[[76.9287424,43.2408932],[76.9287518,43.2407751],[76.9291678,43.2407926],[76.9291584,43.2409108],[76.9287424,43.2408932]]]},"properties":{"osm_id":51275865,"osm_type":"way","name":"","address":"Абай даңғылы, 40","source":"OpenStreetMap","source_url":"https://www.openstreetmap.org/way/51275865","building":"apartments","levels":5,"height":15,"height_source":"estimated:osm_building_levels_x_3m","height_estimated":true,"min_height":0}},{"type":"Feature","id":"way/51276092","geometry":{"type":"Polygon","coordinates":[[[76.9287814,43.2432492],[76.9287947,43.2431087],[76.9299136,43.2431649],[76.9299003,43.2433054],[76.9287814,43.2432492]]]},"properties":{"osm_id":51276092,"osm_type":"way","name":"","address":"Құрманғазы көшесі, 100А","source":"OpenStreetMap","source_url":"https://www.openstreetmap.org/way/51276092","building":"apartments","levels":4,"height":12,"height_source":"estimated:osm_building_levels_x_3m","height_estimated":true,"min_height":0}},{"type":"Feature","id":"way/27320459","geometry":{"type":"Polygon","coordinates":[[[76.92906,43.2470109],[76.9296487,43.2470369],[76.9296144,43.24745],[76.9290247,43.247424],[76.9290463,43.2471641],[76.9287519,43.2471511],[76.9287224,43.2475053],[76.9284765,43.2474944],[76.9285209,43.2469607],[76.9287646,43.2469714],[76.9287561,43.2470728],[76.9290538,43.2470859],[76.92906,43.2470109]]]},"properties":{"osm_id":27320459,"osm_type":"way","name":"","address":"Масанчи көшесі, 67","source":"OpenStreetMap","source_url":"https://www.openstreetmap.org/way/27320459","building":"college","levels":null,"height":12,"height_source":"estimated:display_fallback_12m","height_estimated":true,"min_height":0}},{"type":"Feature","id":"way/50878555","geometry":{"type":"Polygon","coordinates":[[[76.9297868,43.2509036],[76.9298151,43.2505987],[76.9299684,43.2506063],[76.9299401,43.2509111],[76.9297868,43.2509036]]]},"properties":{"osm_id":50878555,"osm_type":"way","name":"","address":"Масанчи көшесі, 48","source":"OpenStreetMap","source_url":"https://www.openstreetmap.org/way/50878555","building":"yes","levels":null,"height":12,"height_source":"estimated:display_fallback_12m","height_estimated":true,"min_height":0}},{"type":"Feature","id":"way/1450165068","geometry":{"type":"Polygon","coordinates":[[[76.9305766,43.2525744],[76.9305631,43.2526789],[76.9304793,43.2526732],[76.9304929,43.2525687],[76.9305766,43.2525744]]]},"properties":{"osm_id":1450165068,"osm_type":"way","name":"","address":"","source":"OpenStreetMap","source_url":"https://www.openstreetmap.org/way/1450165068","building":"yes","levels":1,"height":3,"height_source":"estimated:osm_building_levels_x_3m","height_estimated":true,"min_height":0}},{"type":"Feature","id":"way/50876715","geometry":{"type":"Polygon","coordinates":[[[76.9289673,43.2568242],[76.9290186,43.2564158],[76.9291534,43.2564248],[76.9291022,43.2568332],[76.9289673,43.2568242]]]},"properties":{"osm_id":50876715,"osm_type":"way","name":"","address":"Масанчи көшесі, 26","source":"OpenStreetMap","source_url":"https://www.openstreetmap.org/way/50876715","building":"yes","levels":4,"height":12,"height_source":"estimated:osm_building_levels_x_3m","height_estimated":true,"min_height":0}},{"type":"Feature","id":"way/50875694","geometry":{"type":"Polygon","coordinates":[[[76.9285936,43.2598181],[76.9286805,43.2592329],[76.92889,43.2592494],[76.9288032,43.2598346],[76.9285936,43.2598181]]]},"properties":{"osm_id":50875694,"osm_type":"way","name":"","address":"","source":"OpenStreetMap","source_url":"https://www.openstreetmap.org/way/50875694","building":"yes","levels":null,"height":12,"height_source":"estimated:display_fallback_12m","height_estimated":true,"min_height":0}},{"type":"Feature","id":"way/51350451","geometry":{"type":"Polygon","coordinates":[[[76.9334479,43.2317068],[76.9339121,43.2313573],[76.9339621,43.2313926],[76.9340191,43.2314328],[76.933555,43.2317823],[76.9334479,43.2317068]]]},"properties":{"osm_id":51350451,"osm_type":"way","name":"","address":"Байтұрсынұлы көшесі, 169","source":"OpenStreetMap","source_url":"https://www.openstreetmap.org/way/51350451","building":"apartments","levels":4,"height":12,"height_source":"estimated:osm_building_levels_x_3m","height_estimated":true,"min_height":0}},{"type":"Feature","id":"way/241001532","geometry":{"type":"Polygon","coordinates":[[[76.9336605,43.2361523],[76.9330645,43.235714],[76.9332106,43.2356085],[76.9338066,43.2360468],[76.9336605,43.2361523]]]},"properties":{"osm_id":241001532,"osm_type":"way","name":"","address":"улица Габдулина, 5","source":"OpenStreetMap","source_url":"https://www.openstreetmap.org/way/241001532","building":"dormitory","levels":null,"height":12,"height_source":"estimated:display_fallback_12m","height_estimated":true,"min_height":0}},{"type":"Feature","id":"way/241001541","geometry":{"type":"Polygon","coordinates":[[[76.933573,43.237054],[76.9335934,43.2369169],[76.9340607,43.2369536],[76.9340405,43.2370908],[76.933573,43.237054]]]},"properties":{"osm_id":241001541,"osm_type":"way","name":"","address":"Қаныш Сәтбаев көшесі, 22/2","source":"OpenStreetMap","source_url":"https://www.openstreetmap.org/way/241001541","building":"university","levels":5,"height":15,"height_source":"estimated:osm_building_levels_x_3m","height_estimated":true,"min_height":0}},{"type":"Feature","id":"way/51268784","geometry":{"type":"Polygon","coordinates":[[[76.9337338,43.2407453],[76.933721,43.240861],[76.9335217,43.2408493],[76.9335028,43.2410205],[76.9339324,43.2410457],[76.933934,43.2410316],[76.9339422,43.2410321],[76.9339737,43.2407467],[76.9341551,43.2407573],[76.9341161,43.2411101],[76.9341314,43.241111],[76.9341217,43.2411993],[76.934002,43.2411922],[76.9340032,43.2411814],[76.9333097,43.2411407],[76.9333558,43.2407231],[76.9337338,43.2407453]]]},"properties":{"osm_id":51268784,"osm_type":"way","name":"","address":"Абай даңғылы, 32","source":"OpenStreetMap","source_url":"https://www.openstreetmap.org/way/51268784","building":"yes","levels":4,"height":12,"height_source":"estimated:osm_building_levels_x_3m","height_estimated":true,"min_height":0}},{"type":"Feature","id":"way/51267868","geometry":{"type":"Polygon","coordinates":[[[76.9327228,43.2435132],[76.932733,43.2434461],[76.9330594,43.2434674],[76.9330501,43.2435364],[76.9328899,43.2435242],[76.9327228,43.2435132]]]},"properties":{"osm_id":51267868,"osm_type":"way","name":"","address":"Амангелді көшесі, 84","source":"OpenStreetMap","source_url":"https://www.openstreetmap.org/way/51267868","building":"yes","levels":4,"height":12,"height_source":"estimated:osm_building_levels_x_3m","height_estimated":true,"min_height":0}},{"type":"Feature","id":"way/51008049","geometry":{"type":"Polygon","coordinates":[[[76.9338374,43.2485041],[76.9339789,43.2472003],[76.9340002,43.247017],[76.9341813,43.2470282],[76.9341601,43.2472102],[76.9340189,43.2485141],[76.9338374,43.2485041]]]},"properties":{"osm_id":51008049,"osm_type":"way","name":"","address":"Сейфуллин даңғылы, 510А","source":"OpenStreetMap","source_url":"https://www.openstreetmap.org/way/51008049","building":"apartments","levels":8,"height":24,"height_source":"estimated:osm_building_levels_x_3m","height_estimated":true,"min_height":0}},{"type":"Feature","id":"way/51008052","geometry":{"type":"Polygon","coordinates":[[[76.9337355,43.2501131],[76.9341578,43.2501466],[76.9348562,43.250202],[76.9348233,43.2504225],[76.9342301,43.2503756],[76.9337026,43.2503338],[76.9337355,43.2501131]]]},"properties":{"osm_id":51008052,"osm_type":"way","name":"","address":"Сейфуллин даңғылы, 502","source":"OpenStreetMap","source_url":"https://www.openstreetmap.org/way/51008052","building":"apartments","levels":9,"height":27,"height_source":"estimated:osm_building_levels_x_3m","height_estimated":true,"min_height":0}},{"type":"Feature","id":"way/50878583","geometry":{"type":"Polygon","coordinates":[[[76.9327283,43.2520979],[76.9327389,43.2519841],[76.9328944,43.2519918],[76.9328837,43.2521056],[76.9327283,43.2520979]]]},"properties":{"osm_id":50878583,"osm_type":"way","name":"Республиканский музей спортивной и олимпийской славы","address":"Сейфуллин даңғылы, 551","source":"OpenStreetMap","source_url":"https://www.openstreetmap.org/way/50878583","building":"house","levels":null,"height":12,"height_source":"estimated:display_fallback_12m","height_estimated":true,"min_height":0}},{"type":"Feature","id":"way/50876736","geometry":{"type":"Polygon","coordinates":[[[76.933271,43.2554768],[76.9332983,43.2550442],[76.9333938,43.2544584],[76.9336385,43.254474],[76.9342292,43.2545118],[76.9342144,43.2546347],[76.9341417,43.25463],[76.9336238,43.2545969],[76.9335461,43.254592],[76.9334381,43.2554875],[76.933271,43.2554768]]]},"properties":{"osm_id":50876736,"osm_type":"way","name":"","address":"Сейфуллин даңғылы, 472","source":"OpenStreetMap","source_url":"https://www.openstreetmap.org/way/50876736","building":"yes","levels":5,"height":15,"height_source":"estimated:osm_building_levels_x_3m","height_estimated":true,"min_height":0}},{"type":"Feature","id":"way/50655463","geometry":{"type":"Polygon","coordinates":[[[76.935128,43.2595851],[76.9338978,43.2594965],[76.9332879,43.2594527],[76.9333043,43.2593318],[76.9339179,43.2593759],[76.9346043,43.2594251],[76.9351448,43.2594639],[76.9351332,43.2595458],[76.935128,43.2595851]]]},"properties":{"osm_id":50655463,"osm_type":"way","name":"","address":"Гоголь көшесі, 117","source":"OpenStreetMap","source_url":"https://www.openstreetmap.org/way/50655463","building":"apartments","levels":5,"height":15,"height_source":"estimated:osm_building_levels_x_3m","height_estimated":true,"min_height":0}},{"type":"Feature","id":"way/460408956","geometry":{"type":"Polygon","coordinates":[[[76.936368,43.2310965],[76.936247,43.2309215],[76.9363807,43.2308724],[76.9365017,43.2310475],[76.936368,43.2310965]]]},"properties":{"osm_id":460408956,"osm_type":"way","name":"","address":"","source":"OpenStreetMap","source_url":"https://www.openstreetmap.org/way/460408956","building":"yes","levels":null,"height":12,"height_source":"estimated:display_fallback_12m","height_estimated":true,"min_height":0}},{"type":"Feature","id":"way/314480717","geometry":{"type":"Polygon","coordinates":[[[76.9371724,43.2332493],[76.9373223,43.2332002],[76.9376315,43.2333312],[76.9376053,43.2333585],[76.9371293,43.2335114],[76.9370825,43.2335005],[76.9371724,43.2332493]]]},"properties":{"osm_id":314480717,"osm_type":"way","name":"","address":"Керемет микрорайон, 3А","source":"OpenStreetMap","source_url":"https://www.openstreetmap.org/way/314480717","building":"yes","levels":1,"height":3,"height_source":"estimated:osm_building_levels_x_3m","height_estimated":true,"min_height":0}},{"type":"Feature","id":"way/51268805","geometry":{"type":"Polygon","coordinates":[[[76.9373288,43.2382489],[76.9373433,43.2381152],[76.9381552,43.2381621],[76.9381406,43.2382958],[76.9373288,43.2382489]]]},"properties":{"osm_id":51268805,"osm_type":"way","name":"","address":"Қаныш Сәтбаев көшесі, 5А","source":"OpenStreetMap","source_url":"https://www.openstreetmap.org/way/51268805","building":"apartments","levels":4,"height":12,"height_source":"estimated:osm_building_levels_x_3m","height_estimated":true,"min_height":0}},{"type":"Feature","id":"way/1368459362","geometry":{"type":"Polygon","coordinates":[[[76.9377256,43.2408074],[76.9376523,43.240801],[76.9376508,43.2408101],[76.9374912,43.2407964],[76.9374981,43.240754],[76.9374802,43.2407524],[76.9375125,43.2405538],[76.9375299,43.2405553],[76.9375373,43.2405092],[76.937695,43.2405228],[76.9376929,43.2405354],[76.9377693,43.240542],[76.9377645,43.2405715],[76.9377835,43.2405732],[76.9377495,43.2407817],[76.93773,43.24078],[76.9377256,43.2408074]]]},"properties":{"osm_id":1368459362,"osm_type":"way","name":"","address":"Наурызбай батыр көшесі, 119 блок В","source":"OpenStreetMap","source_url":"https://www.openstreetmap.org/way/1368459362","building":"apartments","levels":12,"height":36,"height_source":"estimated:osm_building_levels_x_3m","height_estimated":true,"min_height":0}},{"type":"Feature","id":"way/51267881","geometry":{"type":"Polygon","coordinates":[[[76.936722,43.2437937],[76.9367426,43.2436356],[76.9370077,43.243654],[76.9369871,43.243812],[76.9368491,43.2438025],[76.936722,43.2437937]]]},"properties":{"osm_id":51267881,"osm_type":"way","name":"","address":"Құрманғазы көшесі, 84А","source":"OpenStreetMap","source_url":"https://www.openstreetmap.org/way/51267881","building":"yes","levels":2,"height":6,"height_source":"estimated:osm_building_levels_x_3m","height_estimated":true,"min_height":0}},{"type":"Feature","id":"way/51008081","geometry":{"type":"Polygon","coordinates":[[[76.9386575,43.2472601],[76.9387176,43.2467521],[76.9388541,43.2467606],[76.9387941,43.2472687],[76.9386575,43.2472601]]]},"properties":{"osm_id":51008081,"osm_type":"way","name":"","address":"","source":"OpenStreetMap","source_url":"https://www.openstreetmap.org/way/51008081","building":"yes","levels":5,"height":15,"height_source":"estimated:osm_building_levels_x_3m","height_estimated":true,"min_height":0}},{"type":"Feature","id":"way/51008131","geometry":{"type":"Polygon","coordinates":[[[76.93816,43.2494923],[76.9381706,43.2493894],[76.9385719,43.2494041],[76.9385567,43.2495457],[76.938554,43.2495714],[76.9381558,43.2495517],[76.93816,43.2494923]]]},"properties":{"osm_id":51008131,"osm_type":"way","name":"","address":"Қабанбай Батыр көшесі, 93/1","source":"OpenStreetMap","source_url":"https://www.openstreetmap.org/way/51008131","building":"civic","levels":2,"height":6,"height_source":"estimated:osm_building_levels_x_3m","height_estimated":true,"min_height":0}},{"type":"Feature","id":"way/50878596","geometry":{"type":"Polygon","coordinates":[[[76.9373257,43.2528364],[76.9373401,43.2527203],[76.9377454,43.252747],[76.9377309,43.252863],[76.9373257,43.2528364]]]},"properties":{"osm_id":50878596,"osm_type":"way","name":"","address":"Бөгенбай Батыр көшесі, 137","source":"OpenStreetMap","source_url":"https://www.openstreetmap.org/way/50878596","building":"apartments","levels":3,"height":9,"height_source":"estimated:osm_building_levels_x_3m","height_estimated":true,"min_height":0}},{"type":"Feature","id":"way/50876788","geometry":{"type":"Polygon","coordinates":[[[76.938109,43.255842],[76.9381198,43.2557593],[76.9393044,43.2558359],[76.939293,43.2559232],[76.938109,43.255842]]]},"properties":{"osm_id":50876788,"osm_type":"way","name":"","address":"улица Казыбек Би, 64","source":"OpenStreetMap","source_url":"https://www.openstreetmap.org/way/50876788","building":"apartments","levels":3,"height":9,"height_source":"estimated:osm_building_levels_x_3m","height_estimated":true,"min_height":0}},{"type":"Feature","id":"way/50655440","geometry":{"type":"Polygon","coordinates":[[[76.9368662,43.2591894],[76.9364011,43.2591562],[76.9364227,43.2589957],[76.9366657,43.259013],[76.9367442,43.2584294],[76.9369662,43.2584452],[76.9368662,43.2591894]]]},"properties":{"osm_id":50655440,"osm_type":"way","name":"","address":"Гоголь көшесі, 86","source":"OpenStreetMap","source_url":"https://www.openstreetmap.org/way/50655440","building":"yes","levels":7,"height":21,"height_source":"estimated:osm_building_levels_x_3m","height_estimated":true,"min_height":0}},{"type":"Feature","id":"way/51215760","geometry":{"type":"Polygon","coordinates":[[[76.9404188,43.2326586],[76.9402269,43.2324535],[76.9403464,43.2323934],[76.9405384,43.2325985],[76.9404188,43.2326586]]]},"properties":{"osm_id":51215760,"osm_type":"way","name":"","address":"","source":"OpenStreetMap","source_url":"https://www.openstreetmap.org/way/51215760","building":"yes","levels":null,"height":12,"height_source":"estimated:display_fallback_12m","height_estimated":true,"min_height":0}},{"type":"Feature","id":"way/51215763","geometry":{"type":"Polygon","coordinates":[[[76.9406027,43.2331643],[76.9406102,43.2331088],[76.9406247,43.2330022],[76.9413339,43.2330534],[76.9413118,43.2332154],[76.9406027,43.2331643]]]},"properties":{"osm_id":51215763,"osm_type":"way","name":"","address":"улица Тимирязева, 2В","source":"OpenStreetMap","source_url":"https://www.openstreetmap.org/way/51215763","building":"yes","levels":null,"height":12,"height_source":"estimated:display_fallback_12m","height_estimated":true,"min_height":0}},{"type":"Feature","id":"way/1457790113","geometry":{"type":"Polygon","coordinates":[[[76.9422588,43.2386102],[76.942371,43.2386162],[76.9423553,43.2387732],[76.942243,43.2387672],[76.9422588,43.2386102]]]},"properties":{"osm_id":1457790113,"osm_type":"way","name":"","address":"","source":"OpenStreetMap","source_url":"https://www.openstreetmap.org/way/1457790113","building":"yes","levels":1,"height":3,"height_source":"estimated:osm_building_levels_x_3m","height_estimated":true,"min_height":0}},{"type":"Feature","id":"way/1457810620","geometry":{"type":"Polygon","coordinates":[[[76.9433827,43.240703],[76.9433677,43.2408373],[76.9432896,43.2408327],[76.9432449,43.24083],[76.9432204,43.2408286],[76.9430561,43.2408189],[76.9430266,43.2408171],[76.9430057,43.2408159],[76.9428667,43.2408076],[76.9428442,43.2408063],[76.9428169,43.2408047],[76.942644,43.2407944],[76.942621,43.2407931],[76.9425882,43.2407911],[76.942501,43.240786],[76.9425159,43.2406517],[76.9433827,43.240703]]]},"properties":{"osm_id":1457810620,"osm_type":"way","name":"","address":"Абай даңғылы, 16","source":"OpenStreetMap","source_url":"https://www.openstreetmap.org/way/1457810620","building":"apartments","levels":5,"height":15,"height_source":"estimated:osm_building_levels_x_3m","height_estimated":true,"min_height":0}},{"type":"Feature","id":"way/1458489535","geometry":{"type":"Polygon","coordinates":[[[76.9431084,43.2437667],[76.9432175,43.2437745],[76.943282,43.243779],[76.9432738,43.2438404],[76.9432697,43.243871],[76.9432675,43.2438877],[76.9432539,43.2439892],[76.9432517,43.2440054],[76.9432493,43.2440237],[76.9432359,43.2441239],[76.9432336,43.2441412],[76.9432312,43.2441591],[76.9432215,43.2442317],[76.943048,43.2442195],[76.9431084,43.2437667]]]},"properties":{"osm_id":1458489535,"osm_type":"way","name":"","address":"Абылай Хан даңғылы, 122","source":"OpenStreetMap","source_url":"https://www.openstreetmap.org/way/1458489535","building":"apartments","levels":3,"height":9,"height_source":"osm:height","height_estimated":false,"min_height":0}},{"type":"Feature","id":"way/51267930","geometry":{"type":"Polygon","coordinates":[[[76.9411405,43.2452672],[76.9411831,43.2449407],[76.941339,43.2449515],[76.9413269,43.2450444],[76.9413076,43.2451921],[76.9412964,43.245278],[76.9411405,43.2452672]]]},"properties":{"osm_id":51267930,"osm_type":"way","name":"","address":"Желтоқсан көшесі, 160","source":"OpenStreetMap","source_url":"https://www.openstreetmap.org/way/51267930","building":"apartments","levels":4,"height":14,"height_source":"osm:height","height_estimated":false,"min_height":0}},{"type":"Feature","id":"way/51008172","geometry":{"type":"Polygon","coordinates":[[[76.9436223,43.2489385],[76.9437979,43.2489504],[76.9437338,43.2494251],[76.943597,43.2494148],[76.9436132,43.2492831],[76.943572,43.2492805],[76.9435807,43.2492215],[76.9435953,43.2491218],[76.9436119,43.2490095],[76.9436223,43.2489385]]]},"properties":{"osm_id":51008172,"osm_type":"way","name":"","address":"Бәйсейітова көшесі, 1","source":"OpenStreetMap","source_url":"https://www.openstreetmap.org/way/51008172","building":"apartments","levels":4,"height":14,"height_source":"osm:height","height_estimated":false,"min_height":0}},{"type":"Feature","id":"way/51008155","geometry":{"type":"Polygon","coordinates":[[[76.9404049,43.2513021],[76.940419,43.2511779],[76.9407476,43.2511976],[76.9407339,43.2513218],[76.9405706,43.251312],[76.9404049,43.2513021]]]},"properties":{"osm_id":51008155,"osm_type":"way","name":"","address":"Қарасай Батыр көшесі, 67","source":"OpenStreetMap","source_url":"https://www.openstreetmap.org/way/51008155","building":"apartments","levels":4,"height":12,"height_source":"estimated:osm_building_levels_x_3m","height_estimated":true,"min_height":0}},{"type":"Feature","id":"way/50459839","geometry":{"type":"Polygon","coordinates":[[[76.9402669,43.2543128],[76.9402806,43.2541861],[76.9409674,43.2542247],[76.9409527,43.2543525],[76.9402669,43.2543128]]]},"properties":{"osm_id":50459839,"osm_type":"way","name":"","address":"Төле Би көшесі, 72","source":"OpenStreetMap","source_url":"https://www.openstreetmap.org/way/50459839","building":"yes","levels":null,"height":12,"height_source":"estimated:display_fallback_12m","height_estimated":true,"min_height":0}},{"type":"Feature","id":"way/50304653","geometry":{"type":"Polygon","coordinates":[[[76.9411888,43.2593347],[76.9412041,43.259225],[76.9413859,43.2592384],[76.9416578,43.2592585],[76.9419635,43.2592811],[76.9422794,43.2593045],[76.942542,43.2593239],[76.9428464,43.2593464],[76.9431147,43.2593662],[76.943388,43.2593864],[76.9436093,43.2594027],[76.943594,43.2595124],[76.9425178,43.2594329],[76.9422639,43.2594141],[76.9411888,43.2593347]]]},"properties":{"osm_id":50304653,"osm_type":"way","name":"","address":"Абылай Хан даңғылы, 74","source":"OpenStreetMap","source_url":"https://www.openstreetmap.org/way/50304653","building":"apartments","levels":7,"height":21,"height_source":"estimated:osm_building_levels_x_3m","height_estimated":true,"min_height":0}},{"type":"Feature","id":"way/1455765222","geometry":{"type":"Polygon","coordinates":[[[76.9473056,43.2311968],[76.9471675,43.2313349],[76.9470596,43.2312777],[76.9469524,43.23122],[76.9468844,43.2312139],[76.9467673,43.2312484],[76.9466503,43.231283],[76.9466442,43.231272],[76.9465574,43.2313],[76.9465256,43.2313308],[76.9464269,43.2314266],[76.9464131,43.2314963],[76.9462136,43.2314774],[76.9462268,43.2314125],[76.9461527,43.2312648],[76.9460657,43.231216],[76.9462265,43.2311071],[76.9462742,43.231149],[76.9464811,43.2311689],[76.9465722,43.2311425],[76.9465636,43.2311271],[76.9466819,43.2310921],[76.9468002,43.2310572],[76.9468408,43.2310206],[76.9468565,43.2309226],[76.9468722,43.2308246],[76.9470979,43.2308439],[76.9470828,43.2309403],[76.9470677,43.2310368],[76.9470843,43.2310651],[76.9470936,43.2310808],[76.9472007,43.2311385],[76.9473056,43.2311968]]]},"properties":{"osm_id":1455765222,"osm_type":"way","name":"","address":"Әл-Фараби даңғылы","source":"OpenStreetMap","source_url":"https://www.openstreetmap.org/way/1455765222","building":"apartments","levels":null,"height":12,"height_source":"estimated:display_fallback_12m","height_estimated":true,"min_height":0}},{"type":"Feature","id":"way/1456902028","geometry":{"type":"Polygon","coordinates":[[[76.945161,43.2376654],[76.9452234,43.2376877],[76.9452335,43.2376962],[76.9452405,43.2377063],[76.9452429,43.2377185],[76.9452425,43.2377475],[76.9452392,43.2377691],[76.9452344,43.2377922],[76.9452319,43.2378236],[76.9452339,43.2378577],[76.9452474,43.2378879],[76.9452628,43.2379151],[76.9452933,43.2379498],[76.9453181,43.2379749],[76.9453372,43.2379975],[76.9453466,43.2380164],[76.9453474,43.2380428],[76.9453405,43.2380629],[76.9453319,43.2380768],[76.9453035,43.238102],[76.9452701,43.2380899],[76.9452417,43.2380733],[76.9452116,43.2380514],[76.9451722,43.2380145],[76.9451442,43.2379798],[76.9451199,43.237943],[76.9451041,43.2379077],[76.9450966,43.2378702],[76.9450947,43.2378233],[76.9450994,43.2377818],[76.9451097,43.2377512],[76.9451237,43.2377233],[76.9451395,43.237694],[76.945161,43.2376654]]]},"properties":{"osm_id":1456902028,"osm_type":"way","name":"","address":"","source":"OpenStreetMap","source_url":"https://www.openstreetmap.org/way/1456902028","building":"roof","levels":null,"height":3.1,"height_source":"osm:height","height_estimated":false,"min_height":3}},{"type":"Feature","id":"way/1457810622","geometry":{"type":"Polygon","coordinates":[[[76.9441497,43.2409517],[76.9442375,43.2409569],[76.9442674,43.2409587],[76.9443025,43.2409608],[76.9445306,43.2409745],[76.9445601,43.2409763],[76.9445896,43.240978],[76.9446852,43.2409838],[76.9446889,43.2409513],[76.9446599,43.2409295],[76.9446646,43.2408924],[76.9446696,43.2408531],[76.9446874,43.2407136],[76.9447075,43.240555],[76.9447252,43.2404162],[76.9447338,43.2403488],[76.9448797,43.2403586],[76.94486,43.2405135],[76.9448154,43.2408636],[76.9448112,43.2408966],[76.9447887,43.2409123],[76.9447875,43.2409238],[76.9447786,43.2410116],[76.9447768,43.2410295],[76.9447897,43.2410404],[76.9447836,43.2410951],[76.9441378,43.2410565],[76.9441497,43.2409517]]]},"properties":{"osm_id":1457810622,"osm_type":"way","name":"","address":"Бәйсейітова көшесі, 45","source":"OpenStreetMap","source_url":"https://www.openstreetmap.org/way/1457810622","building":"apartments","levels":5,"height":15,"height_source":"estimated:osm_building_levels_x_3m","height_estimated":true,"min_height":0}},{"type":"Feature","id":"way/51267949","geometry":{"type":"Polygon","coordinates":[[[76.9458197,43.2433976],[76.9458341,43.243266],[76.946269,43.2432913],[76.9462546,43.2434229],[76.9461398,43.2434162],[76.9459369,43.2434044],[76.9458197,43.2433976]]]},"properties":{"osm_id":51267949,"osm_type":"way","name":"","address":"Панфилов көшесі, 161","source":"OpenStreetMap","source_url":"https://www.openstreetmap.org/way/51267949","building":"apartments","levels":4,"height":14,"height_source":"osm:height","height_estimated":false,"min_height":0}},{"type":"Feature","id":"way/51155280","geometry":{"type":"Polygon","coordinates":[[[76.9467842,43.2462098],[76.9468006,43.2460817],[76.9468929,43.2460879],[76.9471461,43.246105],[76.9473628,43.2461197],[76.9474754,43.2461273],[76.9474696,43.2461704],[76.9474593,43.2462557],[76.9467842,43.2462098]]]},"properties":{"osm_id":51155280,"osm_type":"way","name":"","address":"Шевченко көшесі, 48","source":"OpenStreetMap","source_url":"https://www.openstreetmap.org/way/51155280","building":"apartments","levels":4,"height":14,"height_source":"osm:height","height_estimated":false,"min_height":0}},{"type":"Feature","id":"way/51008178","geometry":{"type":"Polygon","coordinates":[[[76.9443114,43.2509596],[76.9443302,43.2508195],[76.944587,43.2508383],[76.9445711,43.250976],[76.9443114,43.2509596]]]},"properties":{"osm_id":51008178,"osm_type":"way","name":"","address":"","source":"OpenStreetMap","source_url":"https://www.openstreetmap.org/way/51008178","building":"yes","levels":2,"height":6,"height_source":"estimated:osm_building_levels_x_3m","height_estimated":true,"min_height":0}},{"type":"Feature","id":"way/1458336073","geometry":{"type":"Polygon","coordinates":[[[76.9443335,43.2535232],[76.9448206,43.2533369],[76.9448367,43.2533349],[76.9448544,43.2533365],[76.944871,43.253342],[76.9448812,43.2533498],[76.9448877,43.2533619],[76.9448898,43.253374],[76.9448614,43.2536037],[76.9448544,43.2536248],[76.9448378,43.2536451],[76.9448169,43.2536553],[76.9447922,43.2536573],[76.9443668,43.2536291],[76.9443496,43.2536268],[76.9443319,43.2536225],[76.9443153,43.2536139],[76.9443024,43.2536022],[76.9442965,43.2535846],[76.9442981,43.2535635],[76.9443051,43.2535463],[76.9443185,43.2535334],[76.9443335,43.2535232]]]},"properties":{"osm_id":1458336073,"osm_type":"way","name":"Акку","address":"Панфилов көшесі, 123","source":"OpenStreetMap","source_url":"https://www.openstreetmap.org/way/1458336073","building":"yes","levels":1,"height":3,"height_source":"estimated:osm_building_levels_x_3m","height_estimated":true,"min_height":0}},{"type":"Feature","id":"way/50568015","geometry":{"type":"Polygon","coordinates":[[[76.9451398,43.2550947],[76.9464527,43.255171],[76.946394,43.2557077],[76.9461664,43.2556944],[76.946206,43.2553327],[76.945773,43.2553076],[76.9457358,43.2556482],[76.9455039,43.2556347],[76.9455412,43.2552946],[76.9453124,43.2552814],[76.9452769,43.255606],[76.945085,43.2555948],[76.9451205,43.2552705],[76.9451398,43.2550947]]]},"properties":{"osm_id":50568015,"osm_type":"way","name":"Қазтұтынуодағы ғимараты","address":"Төле Би көшесі, 55","source":"OpenStreetMap","source_url":"https://www.openstreetmap.org/way/50568015","building":"apartments","levels":3,"height":9,"height_source":"estimated:osm_building_levels_x_3m","height_estimated":true,"min_height":0}},{"type":"Feature","id":"way/50568009","geometry":{"type":"Polygon","coordinates":[[[76.9447061,43.2586917],[76.9447409,43.2583555],[76.9450721,43.2583737],[76.9450579,43.258511],[76.9451825,43.2585179],[76.9451715,43.2586248],[76.945051,43.2586203],[76.9450423,43.2587117],[76.9451334,43.258719],[76.9451186,43.2588372],[76.9448394,43.2588173],[76.9446884,43.2588095],[76.9446636,43.2588082],[76.9446776,43.2586904],[76.9447061,43.2586917]]]},"properties":{"osm_id":50568009,"osm_type":"way","name":"Панфилова 92/63","address":"Панфилова, 92","source":"OpenStreetMap","source_url":"https://www.openstreetmap.org/way/50568009","building":"commercial","levels":4,"height":12,"height_source":"estimated:osm_building_levels_x_3m","height_estimated":true,"min_height":0}},{"type":"Feature","id":"way/51215790","geometry":{"type":"Polygon","coordinates":[[[76.9487583,43.2305764],[76.9487772,43.2304421],[76.9488093,43.2304449],[76.9495464,43.2304998],[76.9495276,43.2306339],[76.9487583,43.2305764]]]},"properties":{"osm_id":51215790,"osm_type":"way","name":"","address":"улица Фурманова, 235","source":"OpenStreetMap","source_url":"https://www.openstreetmap.org/way/51215790","building":"yes","levels":5,"height":15,"height_source":"estimated:osm_building_levels_x_3m","height_estimated":true,"min_height":0}},{"type":"Feature","id":"way/1460003683","geometry":{"type":"Polygon","coordinates":[[[76.949915,43.2371234],[76.9501768,43.2371425],[76.9501221,43.2375406],[76.9508313,43.2375923],[76.9508038,43.2377922],[76.9507268,43.2377865],[76.9506924,43.2380363],[76.9501049,43.2379933],[76.9501143,43.2379249],[76.949867,43.2379069],[76.9499096,43.2375973],[76.9498505,43.237593],[76.949915,43.2371234]]]},"properties":{"osm_id":1460003683,"osm_type":"way","name":"","address":"","source":"OpenStreetMap","source_url":"https://www.openstreetmap.org/way/1460003683","building":"construction","levels":2,"height":6,"height_source":"estimated:osm_building_levels_x_3m","height_estimated":true,"min_height":0}},{"type":"Feature","id":"way/1457825459","geometry":{"type":"Polygon","coordinates":[[[76.9480697,43.2404507],[76.9480878,43.2404521],[76.9481134,43.2404541],[76.9482632,43.2404641],[76.9483386,43.2404686],[76.9482665,43.2410438],[76.9480715,43.2410309],[76.9480596,43.2411258],[76.9480371,43.2411243],[76.9477771,43.241107],[76.9477468,43.241105],[76.9477633,43.240973],[76.9480021,43.2409889],[76.9480154,43.2408831],[76.9480667,43.2404746],[76.9480697,43.2404507]]]},"properties":{"osm_id":1457825459,"osm_type":"way","name":"","address":"Назарбаев даңғылы, 187","source":"OpenStreetMap","source_url":"https://www.openstreetmap.org/way/1457825459","building":"retail","levels":4,"height":12,"height_source":"estimated:osm_building_levels_x_3m","height_estimated":true,"min_height":0}},{"type":"Feature","id":"way/232715397","geometry":{"type":"Polygon","coordinates":[[[76.9496171,43.2429619],[76.9497792,43.2429742],[76.949736,43.2432765],[76.9495739,43.2432642],[76.9495861,43.2431792],[76.9495984,43.2430934],[76.9496014,43.2430718],[76.9496171,43.2429619]]]},"properties":{"osm_id":232715397,"osm_type":"way","name":"","address":"Абай даңғылы, 29","source":"OpenStreetMap","source_url":"https://www.openstreetmap.org/way/232715397","building":"apartments","levels":5,"height":17,"height_source":"osm:height","height_estimated":false,"min_height":0}},{"type":"Feature","id":"way/1467677745","geometry":{"type":"Polygon","coordinates":[[[76.94822,43.2450278],[76.948226,43.2449801],[76.948233,43.2449243],[76.9495883,43.2450142],[76.9495754,43.2451179],[76.9494424,43.245109],[76.9492263,43.2450947],[76.9490117,43.2450804],[76.94878,43.245065],[76.9485622,43.2450506],[76.9483596,43.2450371],[76.94822,43.2450278]]]},"properties":{"osm_id":1467677745,"osm_type":"way","name":"","address":"улица Курмангазы, 33","source":"OpenStreetMap","source_url":"https://www.openstreetmap.org/way/1467677745","building":"apartments","levels":5,"height":17,"height_source":"osm:height","height_estimated":false,"min_height":0}},{"type":"Feature","id":"way/51008201","geometry":{"type":"Polygon","coordinates":[[[76.9494757,43.2491582],[76.9495257,43.2487116],[76.949695,43.2487216],[76.9496865,43.2487983],[76.9496706,43.2489408],[76.949655,43.2490802],[76.9496452,43.2491682],[76.9494757,43.2491582]]]},"properties":{"osm_id":51008201,"osm_type":"way","name":"","address":"Төлебаев көшесі, 156","source":"OpenStreetMap","source_url":"https://www.openstreetmap.org/way/51008201","building":"apartments","levels":4,"height":14,"height_source":"osm:height","height_estimated":false,"min_height":0}},{"type":"Feature","id":"way/50898930","geometry":{"type":"Polygon","coordinates":[[[76.9489972,43.252397],[76.9490473,43.2520799],[76.9492921,43.2521004],[76.949267,43.252259],[76.9492419,43.2524175],[76.9489972,43.252397]]]},"properties":{"osm_id":50898930,"osm_type":"way","name":"","address":"Мұқан Төлебаев көшесі, 128","source":"OpenStreetMap","source_url":"https://www.openstreetmap.org/way/50898930","building":"apartments","levels":5,"height":17,"height_source":"osm:height","height_estimated":false,"min_height":0}},{"type":"Feature","id":"way/50898080","geometry":{"type":"Polygon","coordinates":[[[76.9486937,43.254664],[76.9487627,43.2541086],[76.9489647,43.254122],[76.9489506,43.2542356],[76.9489301,43.2543999],[76.948911,43.2545534],[76.9488956,43.2546773],[76.9486937,43.254664]]]},"properties":{"osm_id":50898080,"osm_type":"way","name":"","address":"Мұқан Төлебаев көшесі, 114","source":"OpenStreetMap","source_url":"https://www.openstreetmap.org/way/50898080","building":"apartments","levels":5,"height":17,"height_source":"osm:height","height_estimated":false,"min_height":0}},{"type":"Feature","id":"way/383824570","geometry":{"type":"Polygon","coordinates":[[[76.9488594,43.2570408],[76.9488418,43.2570408],[76.9488546,43.2569372],[76.9497781,43.2570009],[76.9497555,43.2572206],[76.9496962,43.257217],[76.9497114,43.2570988],[76.9488594,43.2570408]]]},"properties":{"osm_id":383824570,"osm_type":"way","name":"","address":"","source":"OpenStreetMap","source_url":"https://www.openstreetmap.org/way/383824570","building":"retail","levels":1,"height":3,"height_source":"estimated:osm_building_levels_x_3m","height_estimated":true,"min_height":0}},{"type":"Feature","id":"way/51214875","geometry":{"type":"Polygon","coordinates":[[[76.9552363,43.2320105],[76.9554326,43.2320241],[76.955431,43.2320384],[76.9555104,43.2320452],[76.9555093,43.2320535],[76.9554984,43.2321363],[76.9554547,43.2321342],[76.9554533,43.2321438],[76.9554167,43.2321412],[76.9554156,43.2321493],[76.9553221,43.2321425],[76.9552231,43.2321355],[76.9552241,43.2321279],[76.9551877,43.2321254],[76.955189,43.2321166],[76.9551447,43.2321137],[76.9551491,43.232078],[76.9551561,43.2320218],[76.9552347,43.2320254],[76.9552363,43.2320105]]]},"properties":{"osm_id":51214875,"osm_type":"way","name":"","address":"90","source":"OpenStreetMap","source_url":"https://www.openstreetmap.org/way/51214875","building":"apartments","levels":9,"height":27,"height_source":"estimated:osm_building_levels_x_3m","height_estimated":true,"min_height":0}},{"type":"Feature","id":"way/252476665","geometry":{"type":"Polygon","coordinates":[[[76.9557674,43.2355412],[76.9556728,43.2362106],[76.9555796,43.236204],[76.9555666,43.2363169],[76.9553273,43.2362999],[76.9553439,43.2361903],[76.9554104,43.2361944],[76.9554347,43.2361959],[76.9554604,43.2361975],[76.9555256,43.2362015],[76.9555316,43.2361596],[76.9555346,43.2361378],[76.9555378,43.2361156],[76.9555536,43.2360032],[76.9555559,43.2359864],[76.9555593,43.2359629],[76.9555753,43.2358492],[76.9555773,43.235835],[76.955581,43.2358088],[76.9556028,43.235654],[76.9556054,43.2356355],[76.9556141,43.2355733],[76.9554637,43.2355628],[76.9552458,43.2355476],[76.9550066,43.235531],[76.9549,43.2355235],[76.9549121,43.2354184],[76.9550399,43.2354257],[76.9555967,43.2354574],[76.9555849,43.2355277],[76.9557674,43.2355412]]]},"properties":{"osm_id":252476665,"osm_type":"way","name":"","address":"","source":"OpenStreetMap","source_url":"https://www.openstreetmap.org/way/252476665","building":"apartments","levels":5,"height":15,"height_source":"estimated:osm_building_levels_x_3m","height_estimated":true,"min_height":0}},{"type":"Feature","id":"way/252584392","geometry":{"type":"Polygon","coordinates":[[[76.9520643,43.2359624],[76.9520103,43.2359315],[76.9520734,43.2358665],[76.9521092,43.2358891],[76.9521277,43.2358754],[76.9522069,43.2359171],[76.9522404,43.2359189],[76.9522423,43.2359002],[76.9522908,43.2359033],[76.9523518,43.2359072],[76.9523493,43.2359262],[76.9523867,43.2359304],[76.9524478,43.2359105],[76.9524611,43.2359269],[76.9525317,43.2359059],[76.9525699,43.2359721],[76.9525039,43.2359994],[76.9525133,43.236014],[76.9524491,43.2360302],[76.9524278,43.2360498],[76.9524503,43.2360626],[76.9523871,43.2361307],[76.952363,43.2361173],[76.9523428,43.2361344],[76.9523408,43.2361719],[76.9523398,43.2361916],[76.952313,43.2361894],[76.9523064,43.2362376],[76.9521947,43.2362335],[76.952201,43.2361783],[76.9521736,43.2361777],[76.9521771,43.2361179],[76.9521635,43.2360965],[76.952137,43.2361046],[76.952103,43.2360464],[76.9521151,43.2360416],[76.9521288,43.2360362],[76.9521087,43.236006],[76.9520482,43.2359791],[76.9520643,43.2359624]]]},"properties":{"osm_id":252584392,"osm_type":"way","name":"ЖК Тау Самал","address":"29","source":"OpenStreetMap","source_url":"https://www.openstreetmap.org/way/252584392","building":"apartments","levels":16,"height":48,"height_source":"estimated:osm_building_levels_x_3m","height_estimated":true,"min_height":0}},{"type":"Feature","id":"way/1459001121","geometry":{"type":"Polygon","coordinates":[[[76.9538076,43.2420931],[76.9539558,43.2411922],[76.9541754,43.2412114],[76.954169,43.2412505],[76.9541259,43.241513],[76.9540851,43.2417616],[76.9540493,43.2419796],[76.9540325,43.2420819],[76.9540275,43.2421123],[76.9538076,43.2420931]]]},"properties":{"osm_id":1459001121,"osm_type":"way","name":"","address":"Абай даңғылы, 2а","source":"OpenStreetMap","source_url":"https://www.openstreetmap.org/way/1459001121","building":"dormitory","levels":5,"height":15,"height_source":"osm:height","height_estimated":false,"min_height":0}},{"type":"Feature","id":"way/1421164029","geometry":{"type":"Polygon","coordinates":[[[76.9546471,43.2447239],[76.9546647,43.2446064],[76.9546952,43.2444014],[76.9547214,43.2442254],[76.9547473,43.2440516],[76.9547718,43.2438872],[76.9547966,43.2437208],[76.9548019,43.243685],[76.9548097,43.2436329],[76.9549661,43.2436453],[76.9548032,43.2447363],[76.9546471,43.2447239]]]},"properties":{"osm_id":1421164029,"osm_type":"way","name":"","address":"Пушкин көшесі, 129","source":"OpenStreetMap","source_url":"https://www.openstreetmap.org/way/1421164029","building":"apartments","levels":5,"height":15,"height_source":"estimated:osm_building_levels_x_3m","height_estimated":true,"min_height":0}},{"type":"Feature","id":"way/51155806","geometry":{"type":"Polygon","coordinates":[[[76.9551066,43.2468149],[76.9551187,43.2467103],[76.9551203,43.2466937],[76.9552685,43.2467028],[76.9554647,43.246715],[76.9556535,43.2467267],[76.9558358,43.246738],[76.9560293,43.24675],[76.9562371,43.2467629],[76.9562229,43.2468842],[76.9551066,43.2468149]]]},"properties":{"osm_id":51155806,"osm_type":"way","name":"","address":"Шевченко көшесі, 18","source":"OpenStreetMap","source_url":"https://www.openstreetmap.org/way/51155806","building":"apartments","levels":4,"height":12,"height_source":"estimated:osm_building_levels_x_3m","height_estimated":true,"min_height":0}},{"type":"Feature","id":"way/27054591","geometry":{"type":"Polygon","coordinates":[[[76.9546828,43.2489184],[76.9546999,43.2487939],[76.955975,43.2488872],[76.9559579,43.2490116],[76.9558122,43.2490009],[76.9555663,43.2489829],[76.9553203,43.248965],[76.9550762,43.2489471],[76.954832,43.2489293],[76.9546828,43.2489184]]]},"properties":{"osm_id":27054591,"osm_type":"way","name":"","address":"Достық даңғылы, 55","source":"OpenStreetMap","source_url":"https://www.openstreetmap.org/way/27054591","building":"apartments","levels":5,"height":17,"height_source":"osm:height","height_estimated":false,"min_height":0}},{"type":"Feature","id":"way/43313841","geometry":{"type":"Polygon","coordinates":[[[76.9534905,43.2532832],[76.9535047,43.2531766],[76.9535272,43.2530084],[76.953552,43.2528234],[76.953576,43.2526438],[76.9535978,43.2524802],[76.953613,43.2523667],[76.9537793,43.2523785],[76.9536566,43.253295],[76.9534905,43.2532832]]]},"properties":{"osm_id":43313841,"osm_type":"way","name":"","address":"Пушкин көшесі, 83","source":"OpenStreetMap","source_url":"https://www.openstreetmap.org/way/43313841","building":"apartments","levels":5,"height":17,"height_source":"osm:height","height_estimated":false,"min_height":0}},{"type":"Feature","id":"way/50898952","geometry":{"type":"Polygon","coordinates":[[[76.9520256,43.2565016],[76.9520294,43.2564646],[76.9520598,43.2561691],[76.9520638,43.2561294],[76.9520667,43.256102],[76.9520901,43.2558739],[76.9523771,43.2558896],[76.9523449,43.2562034],[76.9523298,43.2563499],[76.9523126,43.2565172],[76.9520256,43.2565016]]]},"properties":{"osm_id":50898952,"osm_type":"way","name":"Институт искусства, культуры и спорта","address":"Шоқан Уәлиханов көшесі, 64А","source":"OpenStreetMap","source_url":"https://www.openstreetmap.org/way/50898952","building":"university","levels":2,"height":6,"height_source":"estimated:osm_building_levels_x_3m","height_estimated":true,"min_height":0}},{"type":"Feature","id":"way/51214859","geometry":{"type":"Polygon","coordinates":[[[76.9590433,43.2314215],[76.9591484,43.231133],[76.9593082,43.2311639],[76.9592031,43.2314524],[76.9590433,43.2314215]]]},"properties":{"osm_id":51214859,"osm_type":"way","name":"","address":"Достық даңғылы, 91Б","source":"OpenStreetMap","source_url":"https://www.openstreetmap.org/way/51214859","building":"apartments","levels":3,"height":9,"height_source":"estimated:osm_building_levels_x_3m","height_estimated":true,"min_height":0}},{"type":"Feature","id":"way/771828935","geometry":{"type":"Polygon","coordinates":[[[76.9598819,43.2334514],[76.9599739,43.2332118],[76.9603044,43.2332799],[76.9602589,43.2335271],[76.9598819,43.2334514]]]},"properties":{"osm_id":771828935,"osm_type":"way","name":"","address":"улица Ньютона, 1","source":"OpenStreetMap","source_url":"https://www.openstreetmap.org/way/771828935","building":"yes","levels":1,"height":3,"height_source":"estimated:osm_building_levels_x_3m","height_estimated":true,"min_height":0}},{"type":"Feature","id":"way/112965011","geometry":{"type":"Polygon","coordinates":[[[76.9562636,43.2378974],[76.9562747,43.2378207],[76.9563043,43.2376148],[76.9563339,43.2374089],[76.9563638,43.2372014],[76.9563937,43.2369938],[76.9564042,43.2369205],[76.9565487,43.2369316],[76.9565374,43.2370102],[76.9565488,43.237011],[76.9564653,43.2375898],[76.95643,43.2378339],[76.9564188,43.2378328],[76.9564084,43.2379084],[76.9562636,43.2378974]]]},"properties":{"osm_id":112965011,"osm_type":"way","name":"","address":"1","source":"OpenStreetMap","source_url":"https://www.openstreetmap.org/way/112965011","building":"apartments","levels":9,"height":27,"height_source":"estimated:osm_building_levels_x_3m","height_estimated":true,"min_height":0}},{"type":"Feature","id":"way/1458466088","geometry":{"type":"Polygon","coordinates":[[[76.9595185,43.2415012],[76.9602656,43.2416274],[76.9601297,43.2420545],[76.959721,43.2419855],[76.9597061,43.2420322],[76.9597556,43.2420405],[76.9597353,43.2421044],[76.9594865,43.2420624],[76.9594691,43.2421171],[76.9593996,43.2421054],[76.95933,43.2420936],[76.9595185,43.2415012]]]},"properties":{"osm_id":1458466088,"osm_type":"way","name":"","address":"","source":"OpenStreetMap","source_url":"https://www.openstreetmap.org/way/1458466088","building":"garages","levels":1,"height":3,"height_source":"estimated:osm_building_levels_x_3m","height_estimated":true,"min_height":0}},{"type":"Feature","id":"way/1420967930","geometry":{"type":"Polygon","coordinates":[[[76.9562431,43.2443302],[76.9562525,43.2442644],[76.9562606,43.2442077],[76.9563089,43.2438684],[76.9562744,43.2438658],[76.9563373,43.2434246],[76.9563554,43.2434261],[76.9563581,43.2434103],[76.9565532,43.243425],[76.9565505,43.2434421],[76.9565686,43.2434436],[76.9565052,43.2438887],[76.9565021,43.2439103],[76.9564555,43.2442381],[76.9564403,43.2443451],[76.9562431,43.2443302]]]},"properties":{"osm_id":1420967930,"osm_type":"way","name":"Әлеуметтік қызметтер үйі","address":"Абай даңғылы, 1","source":"OpenStreetMap","source_url":"https://www.openstreetmap.org/way/1420967930","building":"yes","levels":null,"height":12,"height_source":"estimated:display_fallback_12m","height_estimated":true,"min_height":0}},{"type":"Feature","id":"way/51155804","geometry":{"type":"Polygon","coordinates":[[[76.9561287,43.2461967],[76.956141,43.246093],[76.956143,43.2460769],[76.9561634,43.2459055],[76.9561792,43.2457729],[76.9561959,43.2456326],[76.9563495,43.2456423],[76.9562824,43.2462064],[76.9561287,43.2461967]]]},"properties":{"osm_id":51155804,"osm_type":"way","name":"","address":"Достық даңғылы, 71","source":"OpenStreetMap","source_url":"https://www.openstreetmap.org/way/51155804","building":"apartments","levels":6,"height":18,"height_source":"estimated:osm_building_levels_x_3m","height_estimated":true,"min_height":0}},{"type":"Feature","id":"way/27054575","geometry":{"type":"Polygon","coordinates":[[[76.9573261,43.2493943],[76.9576107,43.2494157],[76.9575144,43.250097],[76.9572296,43.2500757],[76.9572465,43.2499564],[76.9572778,43.249735],[76.9573074,43.249526],[76.9573261,43.2493943]]]},"properties":{"osm_id":27054575,"osm_type":"way","name":"ЖК \"Сункар\"","address":"Зенков көшесі, 59","source":"OpenStreetMap","source_url":"https://www.openstreetmap.org/way/27054575","building":"apartments","levels":15,"height":45,"height_source":"estimated:osm_building_levels_x_3m","height_estimated":true,"min_height":0}},{"type":"Feature","id":"way/247622448","geometry":{"type":"Polygon","coordinates":[[[76.9586508,43.2538789],[76.9580565,43.2538448],[76.9580675,43.2537438],[76.9580703,43.2537176],[76.9586645,43.2537517],[76.9586508,43.2538789]]]},"properties":{"osm_id":247622448,"osm_type":"way","name":"","address":"Бөгенбай батыр көшесі, 86","source":"OpenStreetMap","source_url":"https://www.openstreetmap.org/way/247622448","building":"apartments","levels":5,"height":15,"height_source":"osm:height","height_estimated":false,"min_height":0}},{"type":"Feature","id":"way/50648299","geometry":{"type":"Polygon","coordinates":[[[76.9569022,43.2549648],[76.9568574,43.2553569],[76.9563127,43.2553238],[76.9563193,43.2552665],[76.9563268,43.255201],[76.9567089,43.2552242],[76.9567397,43.254955],[76.9569022,43.2549648]]]},"properties":{"osm_id":50648299,"osm_type":"way","name":"","address":"Төле Би көшесі, 20","source":"OpenStreetMap","source_url":"https://www.openstreetmap.org/way/50648299","building":"apartments","levels":3,"height":9,"height_source":"estimated:osm_building_levels_x_3m","height_estimated":true,"min_height":0}},{"type":"Feature","id":"way/50649330","geometry":{"type":"Polygon","coordinates":[[[76.9566895,43.2596624],[76.956703,43.2595583],[76.9567403,43.259561],[76.9567475,43.259501],[76.9567194,43.259499],[76.9567252,43.2594562],[76.9567308,43.2594139],[76.956759,43.2594159],[76.9567675,43.2593498],[76.9567303,43.2593476],[76.9567387,43.2592827],[76.9567435,43.2592455],[76.9570284,43.2592651],[76.9570179,43.2593461],[76.9570334,43.2593474],[76.9570015,43.2596044],[76.9569846,43.2596028],[76.9569744,43.2596814],[76.9566895,43.2596624]]]},"properties":{"osm_id":50649330,"osm_type":"way","name":"Музей Народных Музыкальных Инструментов им. Ыкыласа","address":"Зенков көшесі, 24А","source":"OpenStreetMap","source_url":"https://www.openstreetmap.org/way/50649330","building":"yes","levels":null,"height":12,"height_source":"estimated:display_fallback_12m","height_estimated":true,"min_height":0}},{"type":"Feature","id":"way/51348150","geometry":{"type":"Polygon","coordinates":[[[76.9205177,43.2305346],[76.9204077,43.23048],[76.920871,43.2299995],[76.921004,43.2300684],[76.9205177,43.2305346]]]},"properties":{"osm_id":51348150,"osm_type":"way","name":"","address":"19","source":"OpenStreetMap","source_url":"https://www.openstreetmap.org/way/51348150","building":"apartments","levels":null,"height":12,"height_source":"estimated:display_fallback_12m","height_estimated":true,"min_height":0}},{"type":"Feature","id":"way/1455478077","geometry":{"type":"Polygon","coordinates":[[[76.92192,43.2358297],[76.9221476,43.2358432],[76.9221704,43.2358446],[76.9221979,43.2358462],[76.9222979,43.2358522],[76.9222875,43.2359484],[76.9222799,43.2360162],[76.9222062,43.2360118],[76.9220908,43.2360049],[76.9219017,43.2359937],[76.9219079,43.2359381],[76.92192,43.2358297]]]},"properties":{"osm_id":1455478077,"osm_type":"way","name":"","address":"Қаныш Сәтбаев көшесі, 30/5 к2","source":"OpenStreetMap","source_url":"https://www.openstreetmap.org/way/1455478077","building":"apartments","levels":10,"height":30,"height_source":"estimated:osm_building_levels_x_3m","height_estimated":true,"min_height":0}},{"type":"Feature","id":"way/778821845","geometry":{"type":"Polygon","coordinates":[[[76.9233293,43.2371893],[76.9233981,43.2370507],[76.9235389,43.2370877],[76.92347,43.2372264],[76.9233293,43.2371893]]]},"properties":{"osm_id":778821845,"osm_type":"way","name":"","address":"Қаныш Сәтбаев көшесі, 29/1","source":"OpenStreetMap","source_url":"https://www.openstreetmap.org/way/778821845","building":"yes","levels":1,"height":3,"height_source":"estimated:osm_building_levels_x_3m","height_estimated":true,"min_height":0}},{"type":"Feature","id":"way/51275842","geometry":{"type":"Polygon","coordinates":[[[76.9222678,43.2413112],[76.922284,43.2411995],[76.9222881,43.2411714],[76.9224511,43.241184],[76.9228135,43.2412119],[76.9230326,43.2412287],[76.92303,43.241247],[76.9230123,43.2413685],[76.922944,43.2413632],[76.9224498,43.2413252],[76.9222678,43.2413112]]]},"properties":{"osm_id":51275842,"osm_type":"way","name":"","address":"","source":"OpenStreetMap","source_url":"https://www.openstreetmap.org/way/51275842","building":"yes","levels":4,"height":12,"height_source":"estimated:osm_building_levels_x_3m","height_estimated":true,"min_height":0}},{"type":"Feature","id":"way/431553891","geometry":{"type":"Polygon","coordinates":[[[76.9238809,43.2423872],[76.9240848,43.2424027],[76.9240715,43.2424923],[76.923894,43.2424784],[76.9238658,43.2424763],[76.9238594,43.2424561],[76.9238587,43.242435],[76.9238677,43.2424061],[76.9238809,43.2423872]]]},"properties":{"osm_id":431553891,"osm_type":"way","name":"","address":"","source":"OpenStreetMap","source_url":"https://www.openstreetmap.org/way/431553891","building":"yes","levels":2,"height":6,"height_source":"estimated:osm_building_levels_x_3m","height_estimated":true,"min_height":0}},{"type":"Feature","id":"way/51276082","geometry":{"type":"Polygon","coordinates":[[[76.9217286,43.2478528],[76.9217411,43.2477068],[76.9219367,43.2477155],[76.922276,43.2477304],[76.9227215,43.2477501],[76.9227081,43.2479012],[76.9226826,43.2478999],[76.9222247,43.2478773],[76.9217286,43.2478528]]]},"properties":{"osm_id":51276082,"osm_type":"way","name":"","address":"Қабанбай Батыр көшесі, 164","source":"OpenStreetMap","source_url":"https://www.openstreetmap.org/way/51276082","building":"school","levels":5,"height":15,"height_source":"estimated:osm_building_levels_x_3m","height_estimated":true,"min_height":0}},{"type":"Feature","id":"way/246312475","geometry":{"type":"Polygon","coordinates":[[[76.9217683,43.2496129],[76.9218109,43.2491999],[76.9220849,43.2492149],[76.9220423,43.2496279],[76.9217683,43.2496129]]]},"properties":{"osm_id":246312475,"osm_type":"way","name":"","address":"Қарасай Батыр көшесі, 100","source":"OpenStreetMap","source_url":"https://www.openstreetmap.org/way/246312475","building":"yes","levels":8,"height":24,"height_source":"estimated:osm_building_levels_x_3m","height_estimated":true,"min_height":0}}]}
